network_interface_id,subnet_id,security_group_id,name
1,47,7,eth1
2,31,15,eth2
3,1,27,eth3
4,50,22,eth4
5,36,17,eth5
6,28,,eth6
7,39,16,eth7
8,41,,eth8
9,3,,eth9
10,36,,eth10
11,10,15,eth11
12,26,,eth12
13,9,,eth13
14,16,25,eth14
15,48,,eth15
16,29,18,eth16
17,4,8,eth17
18,23,23,eth18
19,9,30,eth19
20,26,16,eth20
21,13,5,eth21
22,25,7,eth22
23,49,,eth23
24,46,7,eth24
25,30,,eth25
26,32,2,eth26
27,45,2,eth27
28,33,,eth28
29,33,,eth29
30,32,,eth30
31,9,25,eth31
32,44,20,eth32
33,25,,eth33
34,19,,eth34
35,3,30,eth35
36,45,,eth36
37,43,,eth37
38,12,,eth38
39,22,,eth39
40,30,,eth40
41,34,29,eth41
42,29,,eth42
43,20,21,eth43
44,30,,eth44
45,6,20,eth45
46,30,7,eth46
47,32,,eth47
48,34,2,eth48
49,7,12,eth49
50,27,,eth50
51,25,,eth51
52,20,23,eth52
53,36,4,eth53
54,7,,eth54
55,13,,eth55
56,40,27,eth56
57,21,,eth57
58,25,,eth58
59,22,28,eth59
60,20,9,eth60
61,22,,eth61
62,5,11,eth62
63,43,11,eth63
64,20,,eth64
65,45,4,eth65
66,43,,eth66
67,34,,eth67
68,42,,eth68
69,48,,eth69
70,1,29,eth70
71,21,29,eth71
72,11,3,eth72
73,31,,eth73
74,27,30,eth74
75,49,9,eth75
76,30,,eth76
77,24,,eth77
78,22,12,eth78
79,3,27,eth79
80,16,8,eth80
81,25,8,eth81
82,27,,eth82
83,40,,eth83
84,36,,eth84
85,24,27,eth85
86,25,,eth86
87,45,,eth87
88,16,16,eth88
89,25,,eth89
90,44,,eth90
91,3,,eth91
92,24,,eth92
93,37,,eth93
94,33,10,eth94
95,33,9,eth95
96,16,8,eth96
97,41,17,eth97
98,18,23,eth98
99,11,,eth99
100,42,,eth100
101,5,1,eth101
102,32,27,eth102
103,39,,eth103
104,11,25,eth104
105,19,26,eth105
106,15,,eth106
107,40,,eth107
108,40,29,eth108
109,9,30,eth109
110,20,,eth110
111,46,,eth111
112,25,,eth112
113,32,,eth113
114,16,22,eth114
115,36,,eth115
116,47,,eth116
117,46,,eth117
118,20,,eth118
119,28,25,eth119
120,2,14,eth120
121,5,1,eth121
122,17,14,eth122
123,2,,eth123
124,41,4,eth124
125,24,,eth125
126,31,7,eth126
127,4,1,eth127
128,42,19,eth128
129,21,29,eth129
130,41,,eth130
131,5,5,eth131
132,36,3,eth132
133,50,,eth133
134,7,,eth134
135,18,,eth135
136,48,,eth136
137,5,20,eth137
138,6,6,eth138
139,50,8,eth139
140,26,5,eth140
141,20,,eth141
142,20,19,eth142
143,33,,eth143
144,29,25,eth144
145,42,,eth145
146,7,6,eth146
147,46,,eth147
148,47,1,eth148
149,17,6,eth149
150,43,,eth150
151,12,,eth151
152,19,,eth152
153,33,,eth153
154,32,19,eth154
155,11,,eth155
156,18,29,eth156
157,7,12,eth157
158,45,6,eth158
159,36,,eth159
160,40,20,eth160
161,11,,eth161
162,19,,eth162
163,34,,eth163
164,7,,eth164
165,42,,eth165
166,5,26,eth166
167,25,3,eth167
168,2,23,eth168
169,30,19,eth169
170,11,16,eth170
171,39,,eth171
172,43,,eth172
173,4,24,eth173
174,39,,eth174
175,31,30,eth175
176,29,24,eth176
177,21,16,eth177
178,5,8,eth178
179,17,,eth179
180,5,23,eth180
181,48,17,eth181
182,30,,eth182
183,9,,eth183
184,5,14,eth184
185,13,7,eth185
186,7,,eth186
187,25,,eth187
188,13,30,eth188
189,31,,eth189
190,10,9,eth190
191,34,27,eth191
192,16,2,eth192
193,50,25,eth193
194,10,18,eth194
195,6,10,eth195
196,1,,eth196
197,40,30,eth197
198,48,25,eth198
199,49,,eth199
200,29,,eth200
