private_ip_id,ip_address,network_interface_id
1,10.0.87.242,89
2,10.0.126.153,6
3,10.0.226.203,22
4,10.0.93.129,180
5,10.0.95.65,47
6,10.0.85.34,95
7,10.0.6.117,125
8,10.0.178.168,184
9,10.0.26.155,38
10,10.0.34.16,192
11,10.0.166.245,62
12,10.0.155.176,165
13,10.0.229.141,170
14,10.0.169.153,169
15,10.0.232.86,176
16,10.0.14.223,190
17,10.0.170.87,51
18,10.0.226.158,140
19,10.0.147.169,110
20,10.0.114.126,78
21,10.0.5.59,115
22,10.0.147.55,149
23,10.0.112.180,154
24,10.0.10.125,48
25,10.0.207.12,194
26,10.0.151.177,86
27,10.0.143.158,149
28,10.0.13.23,128
29,10.0.157.12,176
30,10.0.184.71,48
31,10.0.17.79,196
32,10.0.60.57,113
33,10.0.23.234,143
34,10.0.36.138,105
35,10.0.82.162,40
36,10.0.129.63,167
37,10.0.88.97,86
38,10.0.57.195,38
39,10.0.57.109,146
40,10.0.15.36,55
41,10.0.54.8,82
42,10.0.93.81,14
43,10.0.231.193,196
44,10.0.147.1,76
45,10.0.35.245,141
46,10.0.25.207,31
47,10.0.245.106,170
48,10.0.186.101,125
49,10.0.62.93,178
50,10.0.62.132,81
51,10.0.68.39,58
52,10.0.67.73,107
53,10.0.160.68,145
54,10.0.133.212,8
55,10.0.80.33,137
56,10.0.4.123,163
57,10.0.40.39,129
58,10.0.144.201,97
59,10.0.80.84,116
60,10.0.245.42,62
61,10.0.152.39,160
62,10.0.158.250,98
63,10.0.190.198,15
64,10.0.103.117,6
65,10.0.115.36,102
66,10.0.165.244,86
67,10.0.87.181,81
68,10.0.139.135,116
69,10.0.155.87,141
70,10.0.70.172,98
71,10.0.139.194,145
72,10.0.107.171,60
73,10.0.132.239,26
74,10.0.240.139,148
75,10.0.37.52,98
76,10.0.181.43,117
77,10.0.129.188,35
78,10.0.221.208,185
79,10.0.87.227,16
80,10.0.239.18,181
81,10.0.203.252,164
82,10.0.238.61,196
83,10.0.192.175,126
84,10.0.240.201,90
85,10.0.43.79,183
86,10.0.42.164,126
87,10.0.92.164,47
88,10.0.244.191,141
89,10.0.54.115,142
90,10.0.88.59,110
91,10.0.148.138,188
92,10.0.24.129,8
93,10.0.31.117,75
94,10.0.178.119,182
95,10.0.79.123,28
96,10.0.72.162,43
97,10.0.248.3,122
98,10.0.174.63,131
99,10.0.3.158,52
100,10.0.165.163,151
101,10.0.174.135,144
102,10.0.223.114,33
103,10.0.113.146,126
104,10.0.218.144,49
105,10.0.228.81,77
106,10.0.146.19,184
107,10.0.84.20,52
108,10.0.243.73,7
109,10.0.249.130,109
110,10.0.248.147,25
111,10.0.54.190,147
112,10.0.252.212,134
113,10.0.112.67,144
114,10.0.241.48,17
115,10.0.120.131,178
116,10.0.115.253,21
117,10.0.229.130,107
118,10.0.96.4,148
119,10.0.85.34,28
120,10.0.217.196,3
121,10.0.144.98,61
122,10.0.191.180,183
123,10.0.48.193,158
124,10.0.220.226,55
125,10.0.34.59,71
126,10.0.26.135,31
127,10.0.120.211,180
128,10.0.43.197,101
129,10.0.24.199,117
130,10.0.94.147,95
131,10.0.102.137,17
132,10.0.145.140,128
133,10.0.181.202,14
134,10.0.47.35,118
135,10.0.134.65,164
136,10.0.226.94,77
137,10.0.205.76,180
138,10.0.210.29,116
139,10.0.100.143,109
140,10.0.141.248,96
141,10.0.197.23,39
142,10.0.94.176,39
143,10.0.170.94,56
144,10.0.198.181,3
145,10.0.148.248,161
146,10.0.15.12,175
147,10.0.14.6,192
148,10.0.59.5,108
149,10.0.192.81,70
150,10.0.236.198,188
151,10.0.134.96,103
152,10.0.174.139,149
153,10.0.238.199,167
154,10.0.48.26,144
155,10.0.100.59,69
156,10.0.44.23,128
157,10.0.60.54,47
158,10.0.1.79,177
159,10.0.159.26,34
160,10.0.76.103,36
161,10.0.180.123,7
162,10.0.232.11,65
163,10.0.155.5,87
164,10.0.250.136,46
165,10.0.162.9,187
166,10.0.226.83,119
167,10.0.192.239,83
168,10.0.151.40,4
169,10.0.59.145,12
170,10.0.120.208,69
171,10.0.7.235,167
172,10.0.165.154,198
173,10.0.176.21,193
174,10.0.98.94,171
175,10.0.21.92,172
176,10.0.222.116,38
177,10.0.76.40,65
178,10.0.252.53,135
179,10.0.130.176,187
180,10.0.61.123,20
181,10.0.78.211,120
182,10.0.35.17,34
183,10.0.134.156,193
184,10.0.11.111,38
185,10.0.132.180,55
186,10.0.201.35,193
187,10.0.105.106,118
188,10.0.3.7,13
189,10.0.147.14,146
190,10.0.102.97,70
191,10.0.124.146,55
192,10.0.25.134,114
193,10.0.33.58,95
194,10.0.217.141,19
195,10.0.115.221,14
196,10.0.9.102,113
197,10.0.151.222,10
198,10.0.202.239,76
199,10.0.200.254,76
200,10.0.208.25,189
