ID,AccountNumber,AccountType,Balance
1,GB82SVME74977749994038,Savings,10440.81
2,GB81KVQY08927601711037,Checking,16123.71
3,GB68LCMB30234531197351,Checking,92513.27
4,GB29UARU86448887076950,Investment,87073.6
5,GB05NVLW81428270051975,Savings,2021.09
6,GB55MTZM71391328091047,Investment,40596.95
7,GB17LCOG20246434862713,Checking,4813.07
8,GB72DIST37911747969284,Checking,68343.86
9,GB73QUJC38070020366884,Investment,54256.77
10,GB41GIBL13373586787457,Checking,9892.92
11,GB34JGJM55238531633537,Checking,4962.26
12,GB47AASW90040967822071,Checking,28569.55
13,GB51IPST96412065542682,Checking,50715.91
14,GB89YXDX52116784897243,Checking,19757.55
15,GB82RTTR39389208877516,Investment,72844.54
16,GB20TGYL63101555910690,Checking,52176.03
17,GB75SMAC83751840344775,Checking,76903.64
18,GB92HYFW34531307703648,Checking,17873.43
19,GB56XQYP91968760435056,Savings,90243.23
20,GB26JQCU46353771625189,Investment,21287.8
21,GB14WSPU38234615004734,Savings,91328.1
22,GB84YTJY94972750755816,Investment,9650.77
23,GB68TSWX23867584437898,Investment,21195.51
24,GB39XAGZ17153200448012,Savings,30719.11
25,GB97RUPM08276364869732,Checking,4124.84
26,GB14JKMZ00303071913249,Investment,8432.17
27,GB45ROGU82566216982925,Investment,48213.77
28,GB18ISWQ37654992757829,Investment,8894.96
29,GB17HWVB58469318523548,Investment,81630.28
30,GB53SJXO43132509787512,Investment,94865.59
31,GB34OPYO74324769688450,Investment,31434.04
32,GB88KOJM13970800872165,Investment,33748.13
33,GB32XTLF07227195840688,Investment,97670.92
34,GB28ZPLB63640493317617,Checking,63253.41
35,GB67LGYX44633501568386,Savings,69496.37
36,GB84IDDD76209321727896,Checking,66648.66
37,GB15YNHW64241347425972,Checking,36738.57
38,GB24FKKR26186322663430,Investment,82499.45
39,GB95WOTF54744085156519,Checking,79870.5
40,GB77HDSG62105825060071,Investment,70447.32
41,GB56FKMK79474924844701,Savings,63771.78
42,GB57NPNV51769321276614,Savings,78355.5
43,GB73HAHI21618913412303,Checking,15482.19
44,GB07BWUN30060798130663,Investment,30925.37
45,GB83QTDS18464572834784,Checking,48239.45
46,GB39HULX21177553630067,Checking,7705.94
47,GB16WXSK23615891834176,Savings,90900.37
48,GB41HVOF00019703937759,Investment,26366.4
49,GB05DGFK89354133624239,Investment,93485.09
50,GB86EERX48096874378983,Savings,6476.08
51,GB03IQBJ14732537629307,Checking,53195.25
52,GB79PPKH79193427400768,Investment,67743.51
53,GB20HGFP39679314262036,Investment,19522.68
54,GB35ADYK51138027375832,Savings,54381.85
55,GB56SRVP64570078651271,Savings,86084.8
56,GB64FRBU12378730789493,Savings,55792.68
57,GB24HHSH37007744735036,Savings,11047.89
58,GB45TUBF09313572101447,Checking,47931.63
59,GB73DYZM89476970448693,Investment,21107.17
60,GB15OEWF82141705581037,Investment,67198.43
61,GB49QXCF27078648220278,Investment,38832.95
62,GB98ZCBD83558129215766,Checking,28554.89
63,GB40KJQB74875654035882,Checking,96664.01
64,GB81FLJV69964164412110,Savings,91719.12
65,GB56PFQP16403367328484,Investment,73036.45
66,GB79NCFK72743662916265,Investment,11597.24
67,GB89SSCP89390885120456,Savings,82442.73
68,GB65MKBY89217664329897,Savings,48047.82
69,GB50GJHX14909634699892,Checking,54389.98
70,GB95GKGM76155690667603,Savings,63778.25
71,GB91BZKI37204686624381,Checking,61037.85
72,GB97DUHB22965927747728,Checking,38198.24
73,GB92YZQG49222291353481,Savings,53865.33
74,GB57BDFU94916369271536,Savings,25935.69
75,GB78VTXL38663203968727,Investment,77700.57
76,GB30TXLY52015678051205,Investment,11049.37
77,GB36NRDW38992194035355,Checking,81909.4
78,GB14UHQT13770927008194,Checking,29073.05
79,GB45CRTB52735956120678,Checking,21790.04
80,GB04MVJG14961785361921,Checking,78223.1
81,GB12ISZF86997744179297,Investment,54905.73
82,GB07RVMS69810166080144,Savings,21867.79
83,GB32LSEL67023388028798,Savings,68660.55
84,GB04ZFKI39006045389566,Checking,3616.95
85,GB85AMDD41423612995093,Checking,77517.26
86,GB60PBGP58275840601042,Checking,67467.61
87,GB70LKBO13237297365749,Checking,62305.03
88,GB22HMQZ63986534230066,Savings,3893.75
89,GB74IKDD08561321721116,Checking,16802.85
90,GB33EUEP35586933069297,Checking,61821.26
91,GB65NMSH69616717371659,Checking,51147.19
92,GB10DVYS10554925956848,Checking,25075.49
93,GB13NZSI98223812683760,Savings,11899.76
94,GB75LAIQ10199302729708,Investment,26571.48
95,GB62TCLC26669496450862,Checking,18051.94
96,GB65ZRJC03223020687263,Savings,1158.8
97,GB29JGHA54765477416605,Checking,12691.84
98,GB95CRWX21389170393328,Savings,95448.89
99,GB63OKAH64901038213223,Investment,84484.33
100,GB35DRHP98751360870944,Checking,67615.95
101,GB79UMRY39008329943383,Savings,84836.72
102,GB85YTVQ65864854854889,Savings,18743.55
103,GB20VFRU16425648219152,Savings,17284.87
104,GB91IPBK70247079384834,Checking,37589.05
105,GB24IPAL81179993455186,Investment,47032.67
106,GB54FINS21730846506857,Investment,7248.58
107,GB21HWQJ36983336076111,Savings,2090.74
108,GB81FKIY68286261373997,Savings,48239.27
109,GB24RLHC52338622303364,Investment,11928.21
110,GB53TKBY59448955310735,Savings,21130.49
111,GB96NDXS36637097601891,Checking,27763.58
112,GB10ABYN05060520396460,Checking,47808.79
113,GB62YUSD15863389722477,Checking,4233.51
114,GB70BZOY71094064728051,Savings,74946.75
115,GB57UXDG28373973561712,Savings,48029.13
116,GB31DICB43340446616932,Savings,73152.66
117,GB17QLPR71645713772069,Savings,26586.28
118,GB18ORGG60439598307387,Savings,28142.65
119,GB20CHHB27644437001342,Checking,36249.57
120,GB32WJHR77837888482480,Checking,66122.3
121,GB14BWZN16406259551204,Savings,81667.29
122,GB12DZYT77028376235174,Checking,59162.25
123,GB41KIEQ11593463700496,Savings,79345.1
124,GB78AAGU67930841233570,Investment,69153.31
125,GB48JGEO75839717082360,Checking,16124.54
126,GB76WBGJ95281103435852,Checking,68621.59
127,GB68UKYD78831316150982,Checking,36920.37
128,GB45LAAD78551068362028,Investment,6224.03
129,GB58EUYG74044742698103,Checking,12568.54
130,GB32CDYT46583640881794,Checking,24770.59
131,GB90BWRL54907983208734,Investment,9487.77
132,GB98LVGR32123296868240,Savings,26040.96
133,GB37BDCP40920984470833,Savings,2781.45
134,GB06DORV49772264539309,Savings,66406.38
135,GB34BUHS38656819176110,Investment,55359.7
136,GB92KKZI94268054046680,Checking,83972.68
137,GB05NGSO86471220728252,Checking,38796.97
138,GB92YMFH68312241135133,Savings,40249.74
139,GB22MYSC42568001642919,Savings,62699.81
140,GB80KTJB13310101768357,Checking,92800.07
141,GB18TXOV79931455261310,Checking,49415.57
142,GB71OVFU02354070424286,Investment,88532.08
143,GB57NNZV41399244820924,Checking,19747.99
144,GB70WTEB80938853115260,Checking,86096.05
145,GB04XXJN27926883370200,Savings,61856.39
146,GB03USWS95901270320083,Savings,4333.02
147,GB18BMOX82004119956844,Investment,18504.46
148,GB78AIYF45976351901993,Checking,49575.43
149,GB75ACTR05701748546799,Investment,82486.06
150,GB98WRAO32985139501039,Savings,80938.42
151,GB32XLMD46776442003724,Checking,35597.13
152,GB19HZKY51062233330544,Checking,64631.29
153,GB68DLXI94582090917449,Investment,39019.88
154,GB13CBKZ02684510138143,Checking,45118.47
155,GB21ITYH81301806617081,Savings,5678.32
156,GB51GAMX93936360346226,Savings,78382.6
157,GB57GELZ84518582644222,Checking,79037.19
158,GB16QEQD84372637067147,Investment,72729.67
159,GB52ILMJ09385849741034,Investment,29315.35
160,GB04NOCY27371156177669,Savings,91586.44
161,GB05GBFD76644162362546,Investment,76389.26
162,GB40WWYD75231767490288,Checking,32283.87
163,GB21WUAV07917381547994,Checking,29642.01
164,GB57UJWV70027606710926,Investment,64892.69
165,GB92DAPU71435741017034,Savings,97641.44
166,GB78CHBL63422550879038,Savings,18625.78
167,GB69SYQD34396440908283,Checking,73896.19
168,GB17DFDO61588363082026,Checking,63883.98
169,GB09TXTY48306358954655,Savings,53331.82
170,GB36QSHA85970849784433,Checking,31783.86
171,GB92CVDE86308233618054,Savings,2375.34
172,GB64COKM99082298112509,Savings,37261.39
173,GB05SVPR70876335809347,Savings,27259.31
174,GB39MHDE37634964658083,Investment,25472.26
175,GB15TFHL73769944010543,Checking,9670.58
176,GB67TGHV58965683186273,Checking,78230.21
177,GB83FSVO37129669490871,Investment,39896.48
178,GB22VYSA14637749378920,Investment,93188.09
179,GB42HKTR78135082724373,Investment,79564.01
180,GB23WMZA50125124887634,Savings,92157.65
181,GB29PFOF92029778606803,Checking,77629.16
182,GB67IZWT80346104064067,Checking,87688.67
183,GB59KMCH84369023731686,Checking,52066.14
184,GB23ZLQI52765336354005,Investment,91920.37
185,GB61MUWS92113718682909,Checking,1949.87
186,GB91JZOK62851115096759,Investment,22371.95
187,GB07EQPG45902124364434,Investment,6392.61
188,GB34TYMD46716886014894,Investment,81379.29
189,GB61NZBB36524154105096,Investment,13061.92
190,GB03EJWE48103314950257,Investment,35720.56
191,GB62BDIO35331030914574,Savings,69934.06
192,GB13KIXO42325994482760,Investment,95640.65
193,GB88XBLF43828712590040,Investment,18381.3
194,GB79NPCV67358198826410,Investment,25498.07
195,GB52VLXA45391059090003,Investment,77204.09
196,GB61YUOE73075685535957,Checking,30425.79
197,GB98WCQI78409666373514,Savings,7317.25
198,GB45SLQY04404565219658,Investment,79303.68
199,GB08YZCH22959184051749,Checking,87465.32
200,GB05YDNA01751278972192,Investment,42100.38
201,GB55ZIHP67784803646980,Checking,90592.08
202,GB04MBEM16988918431155,Checking,12118.44
203,GB49WQNQ39678411766615,Savings,4933.64
204,GB65JXUE69452036736798,Checking,96766.89
205,GB69IZRK71108785655112,Checking,38059.0
206,GB86DGVI95949226963186,Checking,9245.69
207,GB71IILW67558302318064,Checking,67215.4
208,GB82OOMS22357215784280,Savings,97230.34
209,GB77CGKC29667098478305,Checking,52196.41
210,GB38XSMU50405689927785,Savings,10298.62
211,GB77IBUI81868996381032,Checking,58171.72
212,GB89IVWF84422323567553,Savings,75118.22
213,GB33SAXK19962251077027,Savings,28544.89
214,GB31PPAE72978169309317,Investment,79802.52
215,GB57LVUM28108424384800,Savings,99692.92
216,GB59ZXJQ52581572386909,Savings,75831.68
217,GB56JSGM51503465111228,Savings,58040.76
218,GB54RIPT76858515855772,Investment,59588.76
219,GB30QXDC34923807087240,Checking,41735.62
220,GB64NOLV98707921874948,Investment,4509.93
221,GB79XIFZ16768061424297,Savings,9776.13
222,GB90ZCOW09653814176381,Savings,53641.02
223,GB39CTPS00000773224266,Investment,34407.03
224,GB90LZWE94301712708631,Investment,22758.69
225,GB39YKXL03357672041600,Checking,69504.7
226,GB63EQTO91406943751256,Savings,87506.94
227,GB33JCAU20708335566810,Investment,95941.81
228,GB73WQAV88591476854523,Investment,14920.68
229,GB42PZYY90870303961816,Investment,29804.24
230,GB63SOFS36916454429387,Investment,69862.8
231,GB75QHQK93591873789931,Savings,50914.32
232,GB24VMIC01238932546590,Checking,33949.74
233,GB06MFMU08211181187403,Investment,28063.41
234,GB28RDAH61263321697550,Savings,89760.7
235,GB06ZVRL44690924302929,Investment,50632.4
236,GB05UNMQ99002981430357,Savings,32156.18
237,GB20FMGV51218609367511,Checking,44398.85
238,GB88FCEN27606581815687,Savings,45900.86
239,GB70HJWG88153767726573,Savings,49181.07
240,GB87YAUR07046785921429,Checking,88686.86
241,GB41ZJZT08500558441936,Checking,89270.16
242,GB62AGYD29423801498349,Savings,65659.16
243,GB63CXZN74591335252865,Checking,15429.39
244,GB59RJNQ37721574072378,Savings,50324.39
245,GB29NHCW93428306709920,Checking,75613.0
246,GB89DOCT70104692350592,Savings,34298.19
247,GB76ZHBZ24303107058470,Investment,85613.49
248,GB15TIJC04935695015061,Checking,39052.4
249,GB14AUOS93335713286560,Investment,88463.34
250,GB73VQBO22592496266125,Investment,49870.77
251,GB97HHKM90675152850772,Savings,71134.88
252,GB15WNNX22408995378235,Savings,50949.45
253,GB75LINA02290830645751,Checking,57910.35
254,GB32XZEP21349875228545,Savings,37269.9
255,GB25XQYS15580380314879,Savings,27646.9
256,GB24IHGG63684729559363,Savings,87207.0
257,GB30PGQO22690970572722,Savings,16355.57
258,GB93NSXD82931480642012,Checking,74843.59
259,GB18JHLU13040698311591,Investment,6558.33
260,GB97VVVA83541656978660,Checking,11271.22
261,GB36RVQT27159232296452,Checking,51201.61
262,GB82IROJ46411109125709,Savings,44685.21
263,GB29IDMN20502072748602,Checking,75819.59
264,GB25YGNG61151764827988,Savings,78725.46
265,GB63FIEO98391766796370,Savings,34827.49
266,GB57OYLP41140094387908,Checking,11923.9
267,GB41VBKY87402146524921,Investment,45106.67
268,GB59BINN09777338972644,Investment,93169.42
269,GB80MGNG63110467847857,Investment,84321.48
270,GB09JLQW38768411856686,Checking,75875.44
271,GB60IAUJ88214502212316,Investment,75097.49
272,GB57IZNM34392259545466,Investment,51690.22
273,GB58KBDL16392416752061,Checking,3883.87
274,GB26AENT66079864116438,Investment,39075.72
275,GB89AZBP88329588945764,Investment,28938.65
276,GB72VEQQ31291609683800,Investment,81565.57
277,GB31LPRV70431964764958,Checking,39764.74
278,GB06PQWW55607965699457,Checking,1841.18
279,GB34NKDD27108148006983,Savings,94561.43
280,GB59YYST18061148946721,Checking,82238.21
281,GB24EJSG69973425359032,Checking,26420.75
282,GB25XMKC16942145312199,Checking,19886.61
283,GB95SUXU77129627426043,Checking,87566.66
284,GB34HDHH14585712591865,Investment,7373.25
285,GB87WZJM89555553110822,Checking,90025.38
286,GB05FFGS82341178341391,Savings,73842.21
287,GB97XYZK98711505347620,Savings,45457.78
288,GB48NFFA94489068894391,Checking,46057.15
289,GB71UEPS99397125321990,Savings,2551.5
290,GB51XXQD29605029907043,Savings,31957.28
291,GB52XTMT39969456063502,Investment,50702.84
292,GB86NWKT73061509679038,Checking,69564.12
293,GB39QRDU02742364328988,Investment,72425.36
294,GB56HDLJ69296271895084,Checking,91751.37
295,GB64ZUHB53559156080514,Checking,65459.4
296,GB38NZVN85631073881747,Checking,33572.4
297,GB28FFUL63465566481744,Checking,11347.02
298,GB83XWIY65733474791742,Investment,80965.56
299,GB24EMKI65444244331400,Savings,36160.76
300,GB29WBRG17979477367154,Checking,87326.89
301,GB07IJBR53795261660633,Checking,85719.63
302,GB39EKPG01992305447400,Checking,18691.19
303,GB11MCMH64917693766986,Checking,28568.71
304,GB14GMRD52998885169187,Savings,50672.94
305,GB76SKAL68545982164369,Checking,3889.64
306,GB86TWCI82601951599368,Checking,99646.54
307,GB48ECZD10412250043966,Checking,57713.08
308,GB34GBTF05047731979180,Checking,97483.8
309,GB78RNLU05344222768597,Investment,73841.53
310,GB75TWAT09995960824634,Investment,84748.8
311,GB54KCCV68423619284795,Savings,87279.39
312,GB04FGTB36133452102635,Savings,4257.42
313,GB74HZEE96098654708413,Investment,7811.11
314,GB67PXJC87955405214447,Investment,33525.33
315,GB56NZRM10849813723931,Investment,73197.91
316,GB93FOVT23705893789442,Checking,3287.45
317,GB02BOGC09410365317863,Investment,45356.84
318,GB11ELJI47145912756465,Savings,30190.97
319,GB38FGSU57726477399291,Checking,24548.29
320,GB18DSMO81661964369044,Savings,71718.12
321,GB02FWDN56113416190622,Investment,6727.54
322,GB63VNBM52663816135299,Checking,76710.03
323,GB65JIFQ51441926236685,Checking,47908.06
324,GB33BYDZ97203691991419,Investment,57718.78
325,GB58SDCE72392099742941,Checking,58189.29
326,GB26FRDD04105977005454,Checking,62144.43
327,GB25ISBX12272627823467,Savings,62652.21
328,GB17NLEK22354967964485,Savings,40750.9
329,GB94WVPQ44704143467437,Savings,68270.74
330,GB74GOUL09288822259427,Checking,13719.86
331,GB63YMSP76906058085014,Checking,62294.11
332,GB22DUTA44579704712985,Investment,9217.13
333,GB61RGOU11115779371168,Savings,15172.86
334,GB80GNRZ69610344171189,Investment,20888.72
335,GB74WVUO14027309105255,Savings,29576.22
336,GB77HPNP94393945772577,Savings,29206.03
337,GB62FUUF97945358902659,Savings,10639.68
338,GB60RYFH91368205577621,Investment,49701.82
339,GB25ZXTS97226991941694,Investment,62362.24
340,GB40OIUD91518985105770,Investment,24153.44
341,GB21TFLV73528930109894,Checking,79453.1
342,GB61ECRZ51349140583989,Investment,23946.93
343,GB42VGDJ91792285137934,Checking,9766.52
344,GB52AQYP97679311309658,Investment,41608.8
345,GB42CNPZ59518749274107,Investment,94798.25
346,GB05CUJM26900540768678,Savings,26480.33
347,GB27OYXZ43808588636301,Investment,37545.33
348,GB95EOOU57050782932058,Investment,51826.36
349,GB91MICP57206670594607,Investment,19396.81
350,GB51QUKX12890161631277,Checking,77144.39
351,GB75PCWE94955335032888,Checking,15068.79
352,GB83JZYV08672871442974,Checking,5812.0
353,GB27FYNW89884519101895,Investment,27954.96
354,GB77SDLV50822793746033,Savings,36971.57
355,GB36CTAH79891342567170,Investment,73893.81
356,GB35RAHZ34187226902331,Investment,26195.54
357,GB75ZBVK58886137074172,Investment,24887.14
358,GB36JHGL40815490888945,Savings,28635.72
359,GB76ZQGY65783730689581,Investment,50295.53
360,GB87KIOU38238912101659,Checking,62458.65
361,GB34VJQT23783145538169,Savings,77916.02
362,GB38GRXI17594908650078,Savings,34035.76
363,GB29FBQB61365761119382,Checking,14702.86
364,GB72XSPP59736647618213,Savings,40915.04
365,GB89WJNR21412070491124,Savings,43113.67
366,GB07ZYMI92331968371289,Investment,18086.78
367,GB17CAHY39489468268861,Checking,28646.4
368,GB80SSPO90737902897235,Investment,90674.44
369,GB75ESZK84227828235182,Checking,6356.14
370,GB12UQGD36159293450129,Savings,41076.35
371,GB67NMDV82158515195277,Investment,89019.43
372,GB58VINK23876990773539,Savings,74591.51
373,GB72NKKV13712063046734,Savings,18740.06
374,GB76JBVP25754407377903,Checking,99897.49
375,GB23CFWI45431481310481,Investment,28687.72
376,GB25LOCV18824435464638,Investment,83700.63
377,GB52XIIV28423424144159,Savings,16116.44
378,GB49QUHY81864212580361,Investment,36496.59
379,GB67LKMS68014560352358,Investment,42260.98
380,GB67ZAKQ44900760103859,Checking,24324.07
381,GB29HSSG37211061003087,Investment,75678.7
382,GB16YECQ88486654145530,Checking,24836.17
383,GB32TIKN29936628061777,Savings,87267.42
384,GB92GRDW68461604470731,Investment,51294.96
385,GB09SUCW47960611271612,Savings,52408.69
386,GB81EQYB90890415125548,Checking,88514.52
387,GB86TMOB72206377199118,Investment,95119.68
388,GB74XWXL95218558882714,Savings,85600.7
389,GB20KIGO91733600488674,Savings,69742.57
390,GB59PCKT24664746948192,Checking,57236.2
391,GB12TCSX91720880448540,Savings,15762.0
392,GB24TBXE08627070783066,Checking,92315.58
393,GB71ZWPQ39291834692971,Investment,87105.39
394,GB90INTJ75058834987842,Checking,60541.38
395,GB69WANO44917870705209,Investment,91185.95
396,GB29YXFD82842065851263,Savings,35656.68
397,GB80BPVU87711898720618,Savings,97619.36
398,GB98QEBH54064460946828,Investment,25797.05
399,GB61MFHL54886633005507,Investment,55799.98
400,GB76XAOK55417647867990,Investment,7795.98
401,GB32HBEW30490659959566,Savings,93582.8
402,GB24ZBJM82122359438375,Investment,54480.37
403,GB55GQWV16441887071016,Investment,47781.27
404,GB87PBQY25940197503322,Savings,37461.89
405,GB86KOFJ28149519422262,Checking,32407.5
406,GB03WPDO97223945930437,Savings,35210.87
407,GB66GTGW02140077040371,Checking,64899.06
408,GB09OSXZ48730996061192,Checking,51882.28
409,GB68CNEL03662857245510,Investment,92944.26
410,GB98BIVL97609751330922,Checking,82826.02
411,GB02NJHR37410466480743,Investment,98272.6
412,GB92LTZF72483121222052,Checking,2355.69
413,GB98ERIW59935831372034,Checking,40542.81
414,GB65HCYU15345090150218,Checking,48047.36
415,GB43DYUF29245023170020,Checking,31099.73
416,GB10MLTK64932603882572,Investment,3626.57
417,GB72MROW92637549543618,Investment,22429.95
418,GB88KPJI14306913892248,Savings,19290.43
419,GB50NSOI56577894380621,Savings,93132.85
420,GB53KDAM37838011798819,Checking,55721.37
421,GB20TGKX41684508558819,Savings,64097.36
422,GB09TMWE78541973929055,Savings,68228.71
423,GB84DETK40619856182050,Investment,31921.63
424,GB95KKGZ38884410388232,Savings,18147.35
425,GB43QTAU80737675048301,Investment,25483.22
426,GB09ODSC36945302954322,Savings,32067.07
427,GB24IAGB68289336695204,Investment,59035.85
428,GB39JISN92819543635271,Investment,94487.23
429,GB63OAOH73637458764883,Investment,37243.0
430,GB52QWRP63465627445992,Checking,4449.4
431,GB26CQFC99992967131394,Investment,56323.67
432,GB42GCCP02662708386256,Checking,46288.33
433,GB17ORMF90226871951477,Investment,29976.2
434,GB82LJUI23889021537629,Savings,24551.34
435,GB31VJAI19923179295506,Investment,3067.47
436,GB34SLDZ26658137368705,Checking,53324.15
437,GB51WZJX00314810634281,Checking,48269.79
438,GB80TOKQ99005052713086,Investment,68056.54
439,GB07UPBB39654436790917,Checking,2918.23
440,GB03CGWP16770960714075,Investment,21472.97
441,GB49AXOU19290654343111,Savings,55266.31
442,GB54BSSY55451928384230,Checking,23485.38
443,GB05MBJT56088097394796,Savings,20706.34
444,GB34QTZZ10667868548322,Savings,40055.09
445,GB22RVPO99550022829201,Savings,69650.87
446,GB58LDHW97094601754685,Investment,33084.26
447,GB21AQOU29840904458550,Savings,92627.17
448,GB74JSED31566952364837,Checking,96264.37
449,GB02IBMH63924334546756,Checking,95614.66
450,GB54ZWDT05675309712977,Investment,59585.0
451,GB61VVMA74825859417808,Checking,59676.83
452,GB42QFBT40046664779664,Investment,88281.66
453,GB60VXFU67598684296828,Investment,99573.78
454,GB16XWOA87274110166148,Investment,8682.57
455,GB13HKRI47742347146838,Checking,30738.04
456,GB27SRTW90231210507761,Investment,58501.05
457,GB65IVXZ69912248918377,Investment,78790.69
458,GB39UZHN34372076659106,Investment,11803.02
459,GB31JJJB83141042460537,Savings,21261.01
460,GB45BSTJ67857618693468,Investment,63908.11
461,GB28RIPY67634124353514,Investment,48274.12
462,GB56EVGN06880320487188,Savings,99055.91
463,GB27GTCJ60794608521293,Investment,53156.93
464,GB29NWAN51600455726053,Investment,41984.39
465,GB52PDJZ30306205283909,Investment,67361.77
466,GB08FTCA41774421082179,Checking,84854.69
467,GB16HXFL76655600157185,Checking,41159.78
468,GB94JLGO26529935669000,Checking,70148.51
469,GB41UANR87520762303931,Savings,19304.15
470,GB70CPWL98571463434164,Savings,55340.14
471,GB55INZL31764907626368,Checking,2384.41
472,GB53NAJN68584924913775,Investment,48626.65
473,GB73YKOQ23776111907683,Savings,72896.83
474,GB96EBOH61365178569326,Investment,77642.5
475,GB96OWPO12010401108805,Checking,5645.23
476,GB33EFLP13672255953181,Checking,74450.55
477,GB36QMBY74368483961340,Investment,95786.91
478,GB38YLVP10389924100420,Savings,54708.11
479,GB72GVFG51471585798305,Checking,34280.06
480,GB05KZKV21561217114621,Savings,13540.32
481,GB16ANER56995636555944,Checking,4291.98
482,GB49GCJF28162046829722,Savings,5564.92
483,GB61QOKE48075055294168,Savings,86857.65
484,GB10EBYV50624940137065,Checking,64480.13
485,GB64GLZB29932690735656,Investment,28696.92
486,GB86MCTS00857479957900,Investment,35954.5
487,GB27TEXN12266989987488,Savings,40528.83
488,GB15PAEQ93494198616940,Checking,67019.47
489,GB87IDVC56822437985008,Investment,35412.98
490,GB41SKZQ35981655736959,Investment,64027.26
491,GB30XBTE75146969867093,Checking,42590.08
492,GB09IFRL88426537730262,Checking,45739.03
493,GB39ZFEO17857040712819,Savings,81102.17
494,GB96QHSJ63294250490623,Checking,51026.57
495,GB15ERSV22656413304112,Investment,96055.45
496,GB15TNUA24029609389546,Checking,98335.73
497,GB56SVFM40743992108024,Investment,25889.01
498,GB06AVSE63938834423823,Savings,70062.22
499,GB82WYOG90172652404548,Investment,65939.29
500,GB77GDDA43429196243685,Savings,72359.49
