id,productid,locationid,quantity,lastupdated,status
101,36,62,17,2023-06-01 10:23:36.028716,in stock
102,14,94,28,2023-07-12 10:23:36.028716,in stock
103,12,89,62,2023-11-21 10:23:36.028716,in stock
104,299,25,76,2024-01-28 10:23:36.028716,in stock
105,35,7,63,2023-06-16 10:23:36.028716,in stock
106,71,60,73,2023-07-25 10:23:36.028716,in stock
107,162,45,38,2024-02-22 10:23:36.028716,in stock
108,117,68,6,2023-11-10 10:23:36.028716,in stock
109,112,88,77,2023-12-16 10:23:36.028716,in stock
110,285,25,99,2023-06-04 10:23:36.028716,in stock
111,209,5,71,2023-12-23 10:23:36.028716,in stock
112,163,44,51,2024-03-17 10:23:36.028716,in stock
113,177,54,68,2024-02-21 10:23:36.028716,in stock
114,218,76,17,2024-05-21 10:23:36.028716,in stock
115,266,78,39,2023-05-28 10:23:36.028716,in stock
116,197,15,49,2023-08-02 10:23:36.028716,in stock
117,251,100,30,2023-11-03 10:23:36.028716,in stock
118,185,24,32,2023-08-05 10:23:36.028716,in stock
119,282,92,15,2024-05-05 10:23:36.028716,in stock
120,84,58,19,2024-02-18 10:23:36.028716,in stock
121,208,58,35,2023-07-18 10:23:36.028716,in stock
122,66,78,92,2023-12-11 10:23:36.028716,in stock
123,134,82,93,2023-07-13 10:23:36.028716,in stock
124,71,24,58,2024-01-29 10:23:36.028716,in stock
125,109,88,13,2023-06-29 10:23:36.028716,in stock
126,295,99,47,2023-08-06 10:23:36.028716,in stock
127,111,53,20,2024-03-29 10:23:36.028716,in stock
128,271,42,67,2023-09-10 10:23:36.028716,in stock
129,194,28,95,2024-03-10 10:23:36.028716,in stock
130,19,56,6,2023-12-04 10:23:36.028716,in stock
131,83,60,80,2024-04-12 10:23:36.028716,in stock
132,291,74,5,2024-01-21 10:23:36.028716,in stock
133,285,18,80,2023-11-26 10:23:36.028716,in stock
134,248,68,90,2023-12-10 10:23:36.028716,in stock
135,28,56,1,2024-02-26 10:23:36.028716,in stock
136,64,5,32,2023-07-01 10:23:36.028716,in stock
137,192,35,46,2024-04-06 10:23:36.028716,in stock
138,292,65,73,2023-05-25 10:23:36.028716,in stock
139,16,39,91,2023-06-13 10:23:36.028716,in stock
140,101,53,32,2023-06-29 10:23:36.028716,in stock
141,297,70,73,2023-12-02 10:23:36.028716,in stock
142,237,41,26,2023-10-06 10:23:36.028716,in stock
143,62,30,36,2024-05-16 10:23:36.028716,in stock
144,249,19,2,2024-01-07 10:23:36.028716,in stock
145,167,54,81,2024-02-04 10:23:36.028716,in stock
146,176,25,53,2024-01-15 10:23:36.028716,in stock
147,244,23,92,2023-06-02 10:23:36.028716,in stock
148,70,86,43,2024-04-17 10:23:36.028716,in stock
149,233,15,86,2023-11-24 10:23:36.028716,in stock
150,237,47,72,2024-01-11 10:23:36.028716,in stock
151,179,6,21,2024-03-27 10:23:36.028716,in stock
152,84,42,66,2024-05-21 10:23:36.028716,in stock
153,296,42,19,2024-04-27 10:23:36.028716,in stock
154,297,53,12,2023-11-06 10:23:36.028716,in stock
155,163,39,56,2023-10-10 10:23:36.028716,in stock
156,240,26,69,2023-10-20 10:23:36.028716,in stock
157,33,34,98,2024-02-26 10:23:36.028716,in stock
158,260,8,71,2023-10-23 10:23:36.028716,in stock
159,40,45,90,2023-09-12 10:23:36.028716,in stock
160,108,38,66,2023-11-10 10:23:36.028716,in stock
161,237,54,66,2023-11-24 10:23:36.028716,in stock
162,177,83,51,2023-08-16 10:23:36.028716,in stock
163,5,6,59,2023-11-11 10:23:36.028716,in stock
164,80,38,41,2024-03-31 10:23:36.028716,in stock
165,39,61,99,2023-09-19 10:23:36.028716,in stock
166,127,4,10,2023-07-31 10:23:36.028716,in stock
167,35,8,20,2023-06-23 10:23:36.028716,in stock
168,20,81,10,2023-06-05 10:23:36.028716,in stock
169,135,59,43,2024-01-27 10:23:36.028716,in stock
170,109,68,11,2024-02-28 10:23:36.028716,in stock
171,179,22,5,2023-10-03 10:23:36.028716,in stock
172,136,21,30,2024-04-14 10:23:36.028716,in stock
173,67,91,7,2024-05-04 10:23:36.028716,in stock
174,185,31,83,2023-12-23 10:23:36.028716,in stock
175,219,91,85,2024-05-11 10:23:36.028716,in stock
176,273,22,38,2023-12-10 10:23:36.028716,in stock
177,198,20,98,2024-01-09 10:23:36.028716,in stock
178,91,75,35,2024-03-29 10:23:36.028716,in stock
179,194,75,29,2024-04-14 10:23:36.028716,in stock
180,10,76,86,2023-11-28 10:23:36.028716,in stock
181,300,92,56,2024-02-24 10:23:36.028716,in stock
182,255,70,17,2023-11-11 10:23:36.028716,in stock
183,128,71,6,2024-02-29 10:23:36.028716,in stock
184,33,40,75,2024-04-13 10:23:36.028716,in stock
185,214,24,96,2023-08-15 10:23:36.028716,in stock
186,134,33,99,2024-04-04 10:23:36.028716,in stock
187,270,29,99,2023-11-30 10:23:36.028716,in stock
188,97,47,63,2023-07-22 10:23:36.028716,in stock
189,45,65,31,2023-07-12 10:23:36.028716,in stock
190,38,31,50,2023-09-17 10:23:36.028716,in stock
191,188,36,23,2023-05-27 10:23:36.028716,in stock
192,176,89,14,2024-05-06 10:23:36.028716,in stock
193,214,47,84,2023-10-14 10:23:36.028716,in stock
194,115,81,73,2023-06-22 10:23:36.028716,in stock
195,180,73,42,2024-02-27 10:23:36.028716,in stock
196,89,77,89,2023-07-16 10:23:36.028716,in stock
197,152,33,6,2023-10-12 10:23:36.028716,in stock
198,130,21,80,2024-03-02 10:23:36.028716,in stock
199,238,32,55,2024-04-24 10:23:36.028716,in stock
200,35,5,35,2024-03-31 10:23:36.028716,in stock
501,113,74,3,2023-07-15 10:23:36.029712,in stock
502,116,89,72,2023-12-29 10:23:36.029712,in stock
503,25,45,91,2023-12-21 10:23:36.029712,in stock
504,68,43,51,2023-06-06 10:23:36.029712,in stock
505,96,1,18,2024-03-27 10:23:36.029712,in stock
506,30,22,78,2023-09-18 10:23:36.029712,in stock
507,215,28,55,2024-04-19 10:23:36.029712,in stock
508,101,71,81,2023-12-01 10:23:36.029712,in stock
509,44,80,60,2024-01-01 10:23:36.029712,in stock
510,12,58,41,2023-06-29 10:23:36.029712,in stock
511,276,80,59,2023-12-07 10:23:36.029712,in stock
512,142,54,87,2024-01-01 10:23:36.029712,in stock
513,250,37,66,2024-01-09 10:23:36.029712,in stock
514,228,20,5,2023-06-21 10:23:36.029712,in stock
515,141,12,97,2023-05-23 10:23:36.029712,in stock
516,185,68,28,2023-06-23 10:23:36.029712,in stock
517,272,49,31,2023-12-21 10:23:36.029712,in stock
518,6,97,82,2024-02-15 10:23:36.029712,in stock
519,65,32,94,2024-03-06 10:23:36.029712,in stock
520,45,39,39,2023-08-31 10:23:36.029712,in stock
521,283,40,55,2024-01-19 10:23:36.029712,in stock
522,183,12,91,2024-04-22 10:23:36.029712,in stock
523,127,36,96,2023-07-19 10:23:36.029712,in stock
524,233,46,73,2023-10-28 10:23:36.029712,in stock
525,72,18,47,2023-06-18 10:23:36.029712,in stock
526,37,68,16,2023-12-10 10:23:36.029712,in stock
527,72,81,62,2023-06-08 10:23:36.029712,in stock
528,192,92,49,2024-03-11 10:23:36.029712,in stock
529,187,60,80,2024-05-08 10:23:36.029712,in stock
530,19,68,76,2023-06-21 10:23:36.029712,in stock
531,252,32,1,2023-09-10 10:23:36.029712,in stock
532,150,24,15,2023-12-22 10:23:36.029712,in stock
533,161,12,66,2024-01-10 10:23:36.029712,in stock
534,190,38,10,2023-10-20 10:23:36.029712,in stock
535,173,15,52,2023-10-27 10:23:36.029712,in stock
536,216,39,39,2023-11-05 10:23:36.029712,in stock
537,88,60,16,2024-05-03 10:23:36.029712,in stock
538,1,58,75,2023-07-28 10:23:36.029712,in stock
539,106,43,17,2023-05-25 10:23:36.029712,in stock
540,172,49,30,2023-08-03 10:23:36.029712,in stock
541,57,54,73,2024-02-14 10:23:36.029712,in stock
542,201,92,76,2023-11-28 10:23:36.029712,in stock
543,158,94,55,2023-05-22 10:23:36.029712,in stock
544,109,18,79,2024-01-29 10:23:36.029712,in stock
545,287,17,15,2023-06-05 10:23:36.029712,in stock
546,164,29,6,2023-08-22 10:23:36.029712,in stock
547,236,19,61,2023-06-30 10:23:36.029712,in stock
548,153,85,4,2023-09-21 10:23:36.029712,in stock
1,205,36,32,2023-09-16 10:23:36.028716,in stock
2,150,24,93,2023-11-27 10:23:36.028716,in stock
3,175,67,50,2023-08-06 10:23:36.028716,in stock
4,70,47,37,2023-09-07 10:23:36.028716,in stock
5,192,16,72,2023-12-09 10:23:36.028716,in stock
6,138,69,26,2023-11-05 10:23:36.028716,in stock
7,201,93,70,2024-01-04 10:23:36.028716,in stock
8,270,89,21,2024-02-19 10:23:36.028716,in stock
9,140,77,59,2024-05-08 10:23:36.028716,in stock
10,87,70,5,2023-12-10 10:23:36.028716,in stock
11,164,64,64,2023-07-21 10:23:36.028716,in stock
12,23,95,35,2024-01-30 10:23:36.028716,in stock
13,284,37,76,2024-05-06 10:23:36.028716,in stock
14,297,23,24,2023-12-30 10:23:36.028716,in stock
15,90,96,97,2024-04-22 10:23:36.028716,in stock
16,289,48,48,2023-09-23 10:23:36.028716,in stock
17,208,46,28,2023-08-24 10:23:36.028716,in stock
18,138,99,61,2023-11-20 10:23:36.028716,in stock
19,91,38,93,2023-07-27 10:23:36.028716,in stock
20,300,71,16,2024-01-23 10:23:36.028716,in stock
21,257,92,43,2024-03-01 10:23:36.028716,in stock
22,32,76,29,2024-03-31 10:23:36.028716,in stock
23,115,81,14,2024-01-16 10:23:36.028716,in stock
24,108,83,58,2023-06-20 10:23:36.028716,in stock
25,89,77,54,2024-01-19 10:23:36.028716,in stock
26,210,69,41,2024-01-06 10:23:36.028716,in stock
27,7,60,56,2023-08-22 10:23:36.028716,in stock
28,250,79,14,2024-04-23 10:23:36.028716,in stock
29,119,53,35,2024-01-30 10:23:36.028716,in stock
30,3,53,21,2023-08-01 10:23:36.028716,in stock
31,260,37,68,2023-11-05 10:23:36.028716,in stock
32,234,92,56,2023-11-22 10:23:36.028716,in stock
33,293,12,19,2024-02-23 10:23:36.028716,in stock
34,274,83,15,2024-02-21 10:23:36.028716,in stock
35,224,91,4,2024-01-21 10:23:36.028716,in stock
36,250,21,78,2023-07-23 10:23:36.028716,in stock
37,271,54,1,2023-12-11 10:23:36.028716,in stock
38,233,17,69,2023-05-30 10:23:36.028716,in stock
39,70,86,63,2023-11-20 10:23:36.028716,in stock
40,241,45,34,2023-07-24 10:23:36.028716,in stock
41,66,69,47,2024-05-07 10:23:36.028716,in stock
42,58,72,95,2023-05-27 10:23:36.028716,in stock
43,76,49,9,2023-05-29 10:23:36.028716,in stock
44,227,90,58,2023-11-23 10:23:36.028716,in stock
45,231,45,48,2023-08-05 10:23:36.028716,in stock
46,205,6,21,2023-08-07 10:23:36.028716,in stock
47,42,14,12,2024-03-10 10:23:36.028716,in stock
48,30,42,41,2023-08-07 10:23:36.028716,in stock
49,189,57,21,2024-02-15 10:23:36.028716,in stock
50,12,56,37,2023-09-12 10:23:36.028716,in stock
51,237,68,40,2023-08-18 10:23:36.028716,in stock
52,11,31,24,2023-12-15 10:23:36.028716,in stock
53,110,3,12,2024-02-22 10:23:36.028716,in stock
54,40,26,64,2023-09-13 10:23:36.028716,in stock
55,273,1,44,2024-05-02 10:23:36.028716,in stock
56,99,22,53,2024-04-05 10:23:36.028716,in stock
57,125,8,17,2024-04-23 10:23:36.028716,in stock
58,61,43,64,2024-01-23 10:23:36.028716,in stock
59,236,71,76,2023-07-18 10:23:36.028716,in stock
60,263,55,49,2024-01-30 10:23:36.028716,in stock
61,110,7,52,2024-05-11 10:23:36.028716,in stock
62,151,90,15,2023-08-26 10:23:36.028716,in stock
63,82,99,29,2023-09-20 10:23:36.028716,in stock
64,50,48,81,2024-05-21 10:23:36.028716,in stock
65,275,29,73,2023-12-04 10:23:36.028716,in stock
66,284,18,16,2023-07-12 10:23:36.028716,in stock
67,291,14,41,2024-02-08 10:23:36.028716,in stock
68,89,65,17,2024-03-16 10:23:36.028716,in stock
69,262,73,90,2023-11-29 10:23:36.028716,in stock
70,242,97,75,2024-02-21 10:23:36.028716,in stock
71,141,38,69,2023-12-08 10:23:36.028716,in stock
72,23,90,34,2024-04-21 10:23:36.028716,in stock
73,227,45,65,2024-05-10 10:23:36.028716,in stock
74,68,92,97,2024-03-07 10:23:36.028716,in stock
75,203,38,72,2023-07-26 10:23:36.028716,in stock
76,203,9,40,2023-05-27 10:23:36.028716,in stock
77,120,97,72,2024-03-10 10:23:36.028716,in stock
78,254,88,76,2024-03-26 10:23:36.028716,in stock
79,168,14,44,2023-08-26 10:23:36.028716,in stock
80,28,87,66,2023-11-17 10:23:36.028716,in stock
81,119,12,37,2024-04-14 10:23:36.028716,in stock
82,80,100,26,2023-11-12 10:23:36.028716,in stock
83,38,40,23,2023-05-27 10:23:36.028716,in stock
84,111,13,64,2023-06-17 10:23:36.028716,in stock
85,225,98,82,2023-11-01 10:23:36.028716,in stock
86,79,84,49,2023-07-26 10:23:36.028716,in stock
87,115,76,15,2024-03-31 10:23:36.028716,in stock
88,192,98,38,2023-12-01 10:23:36.028716,in stock
89,112,47,49,2023-12-19 10:23:36.028716,in stock
90,203,72,41,2023-12-08 10:23:36.028716,in stock
91,142,43,38,2024-03-13 10:23:36.028716,in stock
92,186,38,88,2024-03-02 10:23:36.028716,in stock
93,283,23,38,2023-10-11 10:23:36.028716,in stock
94,99,47,45,2023-06-29 10:23:36.028716,in stock
95,184,16,31,2023-09-15 10:23:36.028716,in stock
96,195,19,10,2023-06-24 10:23:36.028716,in stock
97,191,88,33,2023-12-11 10:23:36.028716,in stock
98,140,77,15,2024-02-22 10:23:36.028716,in stock
99,211,4,73,2023-05-25 10:23:36.028716,in stock
100,195,67,21,2023-08-08 10:23:36.028716,in stock
401,233,32,20,2023-09-01 10:23:36.028716,in stock
402,204,74,69,2024-03-01 10:23:36.028716,in stock
403,16,64,75,2024-04-18 10:23:36.028716,in stock
404,190,97,31,2023-12-14 10:23:36.028716,in stock
405,101,79,75,2023-05-24 10:23:36.028716,in stock
406,99,33,13,2023-09-05 10:23:36.028716,in stock
407,168,29,11,2023-10-28 10:23:36.028716,in stock
408,116,79,84,2024-03-13 10:23:36.028716,in stock
409,76,37,59,2023-08-27 10:23:36.028716,in stock
410,256,94,76,2023-08-04 10:23:36.028716,in stock
411,290,20,69,2024-05-07 10:23:36.028716,in stock
412,181,100,26,2024-02-23 10:23:36.028716,in stock
413,46,18,40,2024-02-13 10:23:36.028716,in stock
414,25,77,19,2024-02-09 10:23:36.028716,in stock
415,200,3,48,2024-04-22 10:23:36.028716,in stock
416,276,73,16,2024-01-15 10:23:36.028716,in stock
417,94,95,33,2024-05-05 10:23:36.028716,in stock
418,197,21,32,2023-10-01 10:23:36.028716,in stock
419,199,80,44,2024-04-26 10:23:36.028716,in stock
420,39,84,64,2023-11-19 10:23:36.028716,in stock
421,213,7,31,2023-05-27 10:23:36.028716,in stock
422,26,85,12,2024-02-10 10:23:36.028716,in stock
423,168,80,83,2024-01-02 10:23:36.028716,in stock
424,194,68,41,2023-11-15 10:23:36.028716,in stock
425,99,14,92,2023-09-27 10:23:36.028716,in stock
426,39,31,66,2023-09-06 10:23:36.029712,in stock
427,211,26,92,2023-10-31 10:23:36.029712,in stock
428,285,16,36,2023-07-01 10:23:36.029712,in stock
429,300,43,54,2024-03-19 10:23:36.029712,in stock
430,274,38,63,2023-06-08 10:23:36.029712,in stock
431,29,45,41,2024-05-06 10:23:36.029712,in stock
432,202,60,59,2024-01-19 10:23:36.029712,in stock
433,153,59,44,2023-11-13 10:23:36.029712,in stock
434,6,54,79,2023-09-14 10:23:36.029712,in stock
435,93,93,4,2023-07-22 10:23:36.029712,in stock
436,286,87,26,2023-10-06 10:23:36.029712,in stock
437,103,42,68,2024-02-21 10:23:36.029712,in stock
438,230,4,92,2023-09-22 10:23:36.029712,in stock
439,58,97,89,2023-07-26 10:23:36.029712,in stock
440,300,71,37,2023-08-13 10:23:36.029712,in stock
441,47,82,3,2023-11-24 10:23:36.029712,in stock
442,89,60,43,2023-11-27 10:23:36.029712,in stock
443,237,92,50,2024-02-28 10:23:36.029712,in stock
444,153,11,44,2024-01-10 10:23:36.029712,in stock
445,162,25,69,2023-06-04 10:23:36.029712,in stock
446,222,67,34,2024-04-05 10:23:36.029712,in stock
447,158,17,32,2023-12-28 10:23:36.029712,in stock
448,199,62,96,2024-05-07 10:23:36.029712,in stock
549,7,62,55,2023-06-13 10:23:36.029712,in stock
550,262,87,56,2023-11-20 10:23:36.029712,in stock
551,14,96,82,2023-09-05 10:23:36.029712,in stock
552,117,49,56,2023-12-20 10:23:36.029712,in stock
553,112,20,53,2024-02-24 10:23:36.029712,in stock
554,225,39,22,2023-06-20 10:23:36.029712,in stock
555,108,57,38,2023-08-10 10:23:36.029712,in stock
556,21,66,8,2024-02-19 10:23:36.029712,in stock
557,73,41,16,2023-12-23 10:23:36.029712,in stock
558,198,50,53,2024-04-02 10:23:36.029712,in stock
559,32,72,46,2023-09-23 10:23:36.029712,in stock
560,175,45,56,2024-03-17 10:23:36.029712,in stock
561,228,17,51,2024-01-10 10:23:36.029712,in stock
562,41,57,2,2023-08-09 10:23:36.029712,in stock
563,106,80,85,2024-02-18 10:23:36.029712,in stock
564,102,23,78,2023-06-08 10:23:36.029712,in stock
565,193,4,98,2023-12-02 10:23:36.029712,in stock
566,250,23,35,2023-06-21 10:23:36.029712,in stock
567,206,29,86,2024-04-06 10:23:36.029712,in stock
568,295,79,57,2024-01-29 10:23:36.029712,in stock
569,144,57,97,2023-11-22 10:23:36.029712,in stock
570,55,78,73,2024-01-28 10:23:36.029712,in stock
571,41,50,27,2023-12-16 10:23:36.029712,in stock
572,215,52,27,2023-10-19 10:23:36.029712,in stock
573,284,58,16,2023-12-04 10:23:36.029712,in stock
574,12,27,41,2023-11-13 10:23:36.029712,in stock
575,61,55,31,2024-01-09 10:23:36.029712,in stock
576,238,100,59,2023-07-27 10:23:36.029712,in stock
577,266,55,73,2023-12-23 10:23:36.029712,in stock
578,95,76,75,2023-09-27 10:23:36.029712,in stock
579,94,77,27,2024-03-22 10:23:36.029712,in stock
580,120,45,19,2023-09-24 10:23:36.029712,in stock
581,245,22,93,2024-04-24 10:23:36.029712,in stock
582,143,43,3,2023-07-02 10:23:36.029712,in stock
583,11,74,9,2023-07-28 10:23:36.029712,in stock
584,195,66,88,2023-07-29 10:23:36.029712,in stock
585,86,25,35,2023-07-09 10:23:36.029712,in stock
586,259,88,70,2024-04-15 10:23:36.029712,in stock
587,15,4,22,2023-09-23 10:23:36.029712,in stock
588,197,27,28,2024-02-12 10:23:36.029712,in stock
589,82,87,53,2023-09-08 10:23:36.029712,in stock
590,240,9,38,2024-03-21 10:23:36.029712,in stock
591,132,87,28,2023-06-08 10:23:36.029712,in stock
592,121,12,49,2023-11-08 10:23:36.029712,in stock
593,132,82,4,2023-08-24 10:23:36.029712,in stock
594,287,21,40,2023-12-21 10:23:36.029712,in stock
595,102,74,31,2023-10-23 10:23:36.029712,in stock
596,57,69,7,2024-04-24 10:23:36.029712,in stock
597,208,87,59,2024-03-05 10:23:36.029712,in stock
598,111,62,56,2024-03-12 10:23:36.029712,in stock
599,240,43,1,2024-02-09 10:23:36.029712,in stock
600,81,62,9,2023-11-28 10:23:36.029712,in stock
901,217,64,6,2023-10-06 10:23:36.029712,in stock
902,87,40,48,2023-12-12 10:23:36.029712,in stock
903,173,60,51,2024-03-22 10:23:36.029712,in stock
904,163,7,58,2023-09-10 10:23:36.029712,in stock
905,269,67,65,2023-06-22 10:23:36.029712,in stock
906,119,14,60,2024-05-12 10:23:36.029712,in stock
907,104,30,68,2024-03-30 10:23:36.029712,in stock
908,232,86,68,2023-10-28 10:23:36.029712,in stock
909,44,93,91,2023-10-23 10:23:36.029712,in stock
910,13,40,57,2024-05-03 10:23:36.029712,in stock
911,287,84,26,2023-08-10 10:23:36.029712,in stock
912,24,33,65,2023-08-14 10:23:36.029712,in stock
913,278,46,93,2024-05-21 10:23:36.029712,in stock
914,197,24,69,2024-04-05 10:23:36.029712,in stock
915,225,95,48,2023-07-17 10:23:36.029712,in stock
916,65,14,8,2023-07-10 10:23:36.029712,in stock
917,249,78,5,2023-06-30 10:23:36.029712,in stock
918,82,11,76,2023-12-18 10:23:36.029712,in stock
919,169,11,64,2023-09-04 10:23:36.029712,in stock
920,82,45,11,2023-08-08 10:23:36.029712,in stock
921,33,32,99,2024-02-06 10:23:36.029712,in stock
922,223,13,37,2023-06-21 10:23:36.029712,in stock
923,72,36,42,2023-06-13 10:23:36.029712,in stock
924,16,78,61,2023-10-01 10:23:36.029712,in stock
925,272,46,79,2023-11-29 10:23:36.029712,in stock
926,68,47,89,2023-11-17 10:23:36.029712,in stock
927,70,86,64,2024-04-24 10:23:36.029712,in stock
928,31,10,79,2024-01-28 10:23:36.029712,in stock
929,100,81,61,2023-10-02 10:23:36.029712,in stock
930,142,31,92,2023-12-04 10:23:36.029712,in stock
931,205,71,16,2023-08-09 10:23:36.029712,in stock
932,42,61,56,2023-07-09 10:23:36.029712,in stock
933,290,22,2,2023-07-19 10:23:36.029712,in stock
934,294,86,40,2023-09-22 10:23:36.029712,in stock
935,48,15,3,2023-06-20 10:23:36.029712,in stock
936,196,72,11,2023-11-17 10:23:36.029712,in stock
937,265,97,38,2023-10-03 10:23:36.029712,in stock
938,143,40,1,2024-03-24 10:23:36.029712,in stock
939,196,5,91,2024-04-02 10:23:36.029712,in stock
940,227,30,23,2023-06-19 10:23:36.029712,in stock
941,87,83,13,2024-01-29 10:23:36.029712,in stock
942,86,18,26,2024-05-20 10:23:36.029712,in stock
943,18,96,60,2023-11-29 10:23:36.029712,in stock
944,231,86,85,2023-11-22 10:23:36.029712,in stock
945,196,56,12,2023-07-02 10:23:36.029712,in stock
946,70,56,88,2023-12-24 10:23:36.029712,in stock
947,222,10,51,2023-08-15 10:23:36.029712,in stock
948,256,11,9,2023-08-28 10:23:36.029712,in stock
949,12,80,51,2023-11-12 10:23:36.029712,in stock
950,277,13,70,2023-05-28 10:23:36.029712,in stock
951,126,7,85,2024-03-28 10:23:36.029712,in stock
952,252,79,2,2024-04-28 10:23:36.029712,in stock
953,281,23,95,2024-02-27 10:23:36.029712,in stock
954,11,20,27,2023-09-12 10:23:36.029712,in stock
955,251,41,78,2024-03-11 10:23:36.029712,in stock
956,237,69,57,2023-10-25 10:23:36.029712,in stock
957,56,94,37,2024-03-28 10:23:36.029712,in stock
958,225,9,2,2024-01-12 10:23:36.029712,in stock
959,262,59,14,2023-07-14 10:23:36.029712,in stock
960,87,92,71,2024-02-11 10:23:36.029712,in stock
961,12,8,80,2024-02-15 10:23:36.029712,in stock
962,90,100,30,2024-03-21 10:23:36.029712,in stock
963,181,20,68,2023-11-02 10:23:36.029712,in stock
964,279,65,66,2024-02-01 10:23:36.029712,in stock
965,101,81,27,2023-09-30 10:23:36.029712,in stock
966,137,10,89,2024-02-14 10:23:36.029712,in stock
967,193,85,88,2023-11-30 10:23:36.029712,in stock
968,158,81,84,2024-03-27 10:23:36.029712,in stock
969,267,13,58,2023-10-22 10:23:36.029712,in stock
970,41,95,15,2024-04-28 10:23:36.029712,in stock
971,152,6,60,2023-07-02 10:23:36.029712,in stock
972,82,93,16,2023-06-12 10:23:36.029712,in stock
973,243,44,38,2023-07-25 10:23:36.029712,in stock
974,100,73,51,2024-03-19 10:23:36.029712,in stock
975,220,50,34,2023-10-04 10:23:36.029712,in stock
976,195,39,95,2023-09-30 10:23:36.029712,in stock
977,216,43,83,2023-06-19 10:23:36.029712,in stock
978,5,36,15,2023-07-25 10:23:36.029712,in stock
979,102,91,81,2023-09-06 10:23:36.029712,in stock
980,89,28,81,2024-03-14 10:23:36.029712,in stock
981,203,45,82,2023-09-09 10:23:36.029712,in stock
982,58,15,14,2024-05-19 10:23:36.029712,in stock
983,184,62,38,2023-08-24 10:23:36.029712,in stock
984,192,62,23,2024-04-27 10:23:36.029712,in stock
985,122,65,38,2023-08-12 10:23:36.029712,in stock
986,129,50,35,2023-10-13 10:23:36.029712,in stock
987,99,89,64,2023-07-27 10:23:36.029712,in stock
988,121,48,7,2023-09-17 10:23:36.029712,in stock
989,29,9,35,2023-09-04 10:23:36.029712,in stock
990,295,39,69,2024-02-21 10:23:36.029712,in stock
991,144,42,12,2023-06-02 10:23:36.029712,in stock
992,281,65,62,2023-07-30 10:23:36.029712,in stock
993,3,80,73,2024-02-23 10:23:36.029712,in stock
994,116,25,79,2024-03-17 10:23:36.029712,in stock
995,135,100,4,2024-03-29 10:23:36.029712,in stock
996,81,55,59,2023-11-05 10:23:36.029712,in stock
997,99,2,46,2023-06-20 10:23:36.029712,in stock
998,175,39,7,2023-07-19 10:23:36.029712,in stock
999,172,72,99,2023-07-16 10:23:36.029712,in stock
1000,79,48,27,2023-12-09 10:23:36.029712,in stock
201,197,87,99,2023-12-04 10:23:36.028716,in stock
202,264,75,61,2024-02-06 10:23:36.028716,in stock
203,166,2,92,2024-02-14 10:23:36.028716,in stock
204,260,56,25,2023-10-25 10:23:36.028716,in stock
205,130,59,69,2023-05-31 10:23:36.028716,in stock
206,267,73,19,2023-08-12 10:23:36.028716,in stock
207,125,30,33,2023-08-19 10:23:36.028716,in stock
208,249,20,21,2024-01-07 10:23:36.028716,in stock
209,120,24,79,2023-06-18 10:23:36.028716,in stock
210,219,57,31,2023-12-29 10:23:36.028716,in stock
211,94,25,57,2023-12-21 10:23:36.028716,in stock
212,94,56,77,2024-01-21 10:23:36.028716,in stock
213,77,95,69,2024-04-02 10:23:36.028716,in stock
214,287,34,34,2024-04-26 10:23:36.028716,in stock
215,207,77,1,2023-11-02 10:23:36.028716,in stock
216,143,49,16,2023-08-03 10:23:36.028716,in stock
217,28,73,42,2023-08-14 10:23:36.028716,in stock
218,26,74,11,2023-09-13 10:23:36.028716,in stock
219,130,47,75,2024-03-04 10:23:36.028716,in stock
220,224,74,49,2024-04-24 10:23:36.028716,in stock
221,112,36,48,2023-11-19 10:23:36.028716,in stock
222,40,14,98,2024-05-20 10:23:36.028716,in stock
223,18,55,98,2023-10-16 10:23:36.028716,in stock
224,287,19,27,2024-04-07 10:23:36.028716,in stock
225,169,89,50,2023-12-23 10:23:36.028716,in stock
226,202,100,10,2023-06-18 10:23:36.028716,in stock
227,124,96,70,2023-07-06 10:23:36.028716,in stock
228,263,53,7,2023-07-19 10:23:36.028716,in stock
229,283,84,67,2023-09-19 10:23:36.028716,in stock
230,127,8,6,2024-02-09 10:23:36.028716,in stock
231,275,82,24,2024-04-02 10:23:36.028716,in stock
232,16,5,88,2024-05-08 10:23:36.028716,in stock
233,87,1,54,2024-02-06 10:23:36.028716,in stock
234,94,14,89,2024-02-24 10:23:36.028716,in stock
235,32,64,33,2023-06-30 10:23:36.028716,in stock
236,153,7,54,2023-12-24 10:23:36.028716,in stock
237,47,16,19,2024-04-10 10:23:36.028716,in stock
238,145,22,93,2023-09-22 10:23:36.028716,in stock
239,255,46,54,2024-03-23 10:23:36.028716,in stock
240,106,7,52,2023-12-16 10:23:36.028716,in stock
241,167,64,51,2023-10-31 10:23:36.028716,in stock
242,35,94,97,2023-09-23 10:23:36.028716,in stock
243,84,92,85,2023-09-14 10:23:36.028716,in stock
244,68,66,6,2023-06-18 10:23:36.028716,in stock
245,129,2,62,2024-01-07 10:23:36.028716,in stock
246,169,54,14,2024-04-05 10:23:36.028716,in stock
247,231,42,27,2023-06-28 10:23:36.028716,in stock
248,187,2,11,2023-08-17 10:23:36.028716,in stock
249,203,73,74,2023-11-05 10:23:36.028716,in stock
250,168,54,15,2024-02-17 10:23:36.028716,in stock
251,183,29,97,2023-11-14 10:23:36.028716,in stock
252,198,51,2,2023-11-08 10:23:36.028716,in stock
253,209,70,22,2023-11-14 10:23:36.028716,in stock
254,9,44,83,2024-02-16 10:23:36.028716,in stock
255,82,94,99,2023-10-06 10:23:36.028716,in stock
256,229,18,61,2024-04-29 10:23:36.028716,in stock
257,277,92,3,2024-01-08 10:23:36.028716,in stock
258,106,53,44,2023-10-09 10:23:36.028716,in stock
259,55,25,40,2023-09-26 10:23:36.028716,in stock
260,43,62,15,2024-01-08 10:23:36.028716,in stock
261,198,26,7,2024-01-27 10:23:36.028716,in stock
262,21,36,35,2024-01-05 10:23:36.028716,in stock
263,223,80,64,2023-08-07 10:23:36.028716,in stock
264,292,8,22,2024-04-20 10:23:36.028716,in stock
265,28,96,79,2024-03-05 10:23:36.028716,in stock
266,160,46,64,2023-05-31 10:23:36.028716,in stock
267,113,25,82,2023-06-15 10:23:36.028716,in stock
268,137,70,92,2024-04-02 10:23:36.028716,in stock
269,48,30,6,2024-04-08 10:23:36.028716,in stock
270,94,83,52,2023-06-14 10:23:36.028716,in stock
271,98,9,60,2023-11-27 10:23:36.028716,in stock
272,283,100,34,2023-08-18 10:23:36.028716,in stock
273,179,65,65,2023-10-23 10:23:36.028716,in stock
274,266,4,6,2023-07-25 10:23:36.028716,in stock
275,47,41,20,2024-01-26 10:23:36.028716,in stock
276,227,38,84,2023-08-12 10:23:36.028716,in stock
277,15,48,28,2024-04-20 10:23:36.028716,in stock
278,25,64,11,2023-11-05 10:23:36.028716,in stock
279,133,71,23,2023-08-28 10:23:36.028716,in stock
280,128,9,1,2023-10-20 10:23:36.028716,in stock
281,183,85,77,2023-08-21 10:23:36.028716,in stock
282,125,65,73,2023-06-05 10:23:36.028716,in stock
283,65,34,61,2023-09-21 10:23:36.028716,in stock
284,154,98,25,2023-08-02 10:23:36.028716,in stock
285,104,98,50,2024-01-22 10:23:36.028716,in stock
286,34,90,76,2023-09-21 10:23:36.028716,in stock
287,204,92,98,2023-12-20 10:23:36.028716,in stock
288,178,23,25,2024-04-11 10:23:36.028716,in stock
289,159,91,47,2023-11-01 10:23:36.028716,in stock
290,93,70,19,2023-05-22 10:23:36.028716,in stock
291,67,57,74,2024-05-04 10:23:36.028716,in stock
292,296,28,61,2023-09-07 10:23:36.028716,in stock
293,17,93,77,2023-08-03 10:23:36.028716,in stock
294,62,69,97,2023-08-31 10:23:36.028716,in stock
295,284,29,53,2023-08-03 10:23:36.028716,in stock
296,231,55,95,2023-06-10 10:23:36.028716,in stock
297,230,66,55,2023-07-09 10:23:36.028716,in stock
298,87,18,54,2024-03-07 10:23:36.028716,in stock
299,36,86,20,2024-03-21 10:23:36.028716,in stock
300,150,2,58,2023-10-05 10:23:36.028716,in stock
601,25,79,30,2023-10-25 10:23:36.029712,in stock
602,128,82,46,2023-08-04 10:23:36.029712,in stock
603,130,81,73,2023-09-30 10:23:36.029712,in stock
604,299,58,9,2024-03-09 10:23:36.029712,in stock
605,55,54,10,2023-12-12 10:23:36.029712,in stock
606,89,60,12,2024-02-19 10:23:36.029712,in stock
607,31,17,10,2024-04-10 10:23:36.029712,in stock
608,99,98,6,2023-09-15 10:23:36.029712,in stock
609,89,30,87,2023-12-03 10:23:36.029712,in stock
610,134,58,62,2023-07-03 10:23:36.029712,in stock
611,216,96,3,2024-02-21 10:23:36.029712,in stock
612,50,52,29,2023-12-13 10:23:36.029712,in stock
613,134,91,94,2023-07-02 10:23:36.029712,in stock
614,135,82,64,2024-04-22 10:23:36.029712,in stock
615,219,14,62,2024-05-19 10:23:36.029712,in stock
616,274,76,31,2023-10-03 10:23:36.029712,in stock
617,185,42,71,2024-01-02 10:23:36.029712,in stock
618,131,6,71,2024-02-04 10:23:36.029712,in stock
619,192,28,81,2024-02-25 10:23:36.029712,in stock
620,238,66,53,2023-07-31 10:23:36.029712,in stock
621,18,71,35,2024-03-01 10:23:36.029712,in stock
622,202,14,26,2023-09-14 10:23:36.029712,in stock
623,122,15,74,2024-04-06 10:23:36.029712,in stock
624,154,33,27,2024-03-16 10:23:36.029712,in stock
625,225,25,64,2023-07-12 10:23:36.029712,in stock
626,48,85,69,2023-10-12 10:23:36.029712,in stock
627,10,40,31,2023-07-02 10:23:36.029712,in stock
628,255,15,60,2023-10-15 10:23:36.029712,in stock
629,204,64,63,2023-10-28 10:23:36.029712,in stock
630,132,63,73,2023-10-15 10:23:36.029712,in stock
631,38,38,98,2023-09-20 10:23:36.029712,in stock
632,71,8,12,2023-11-07 10:23:36.029712,in stock
633,194,80,72,2024-05-19 10:23:36.029712,in stock
634,109,77,95,2024-05-02 10:23:36.029712,in stock
635,285,41,28,2023-08-22 10:23:36.029712,in stock
636,10,75,44,2024-02-09 10:23:36.029712,in stock
637,47,70,19,2023-11-12 10:23:36.029712,in stock
638,135,88,47,2024-05-14 10:23:36.029712,in stock
639,112,46,94,2023-12-09 10:23:36.029712,in stock
640,134,49,9,2023-08-24 10:23:36.029712,in stock
641,24,59,37,2024-02-14 10:23:36.029712,in stock
642,42,87,39,2024-05-12 10:23:36.029712,in stock
643,111,85,22,2023-06-10 10:23:36.029712,in stock
644,95,10,85,2024-05-19 10:23:36.029712,in stock
449,263,57,29,2023-11-06 10:23:36.029712,in stock
450,186,65,81,2024-04-26 10:23:36.029712,in stock
451,180,65,29,2024-02-28 10:23:36.029712,in stock
452,47,97,92,2023-08-03 10:23:36.029712,in stock
453,55,34,65,2024-02-02 10:23:36.029712,in stock
454,208,80,60,2024-01-29 10:23:36.029712,in stock
455,188,11,9,2023-06-25 10:23:36.029712,in stock
456,271,10,40,2024-01-27 10:23:36.029712,in stock
457,217,23,1,2023-06-10 10:23:36.029712,in stock
458,14,75,85,2024-02-06 10:23:36.029712,in stock
459,110,56,42,2024-01-05 10:23:36.029712,in stock
460,216,69,98,2023-06-23 10:23:36.029712,in stock
461,291,23,35,2023-10-25 10:23:36.029712,in stock
462,184,38,91,2023-09-02 10:23:36.029712,in stock
463,226,47,43,2024-05-11 10:23:36.029712,in stock
464,236,68,58,2023-06-07 10:23:36.029712,in stock
465,71,70,14,2024-05-17 10:23:36.029712,in stock
466,72,16,3,2023-09-22 10:23:36.029712,in stock
467,290,100,6,2024-03-15 10:23:36.029712,in stock
468,236,49,78,2023-06-25 10:23:36.029712,in stock
469,272,30,77,2024-02-23 10:23:36.029712,in stock
470,59,93,16,2023-07-19 10:23:36.029712,in stock
471,204,9,72,2024-05-17 10:23:36.029712,in stock
472,172,84,78,2024-01-28 10:23:36.029712,in stock
473,133,74,82,2024-01-13 10:23:36.029712,in stock
474,231,35,83,2023-07-15 10:23:36.029712,in stock
475,234,35,54,2023-12-17 10:23:36.029712,in stock
476,151,79,41,2023-05-23 10:23:36.029712,in stock
477,126,53,16,2023-05-24 10:23:36.029712,in stock
478,49,35,77,2023-06-27 10:23:36.029712,in stock
479,60,10,60,2024-01-02 10:23:36.029712,in stock
480,182,73,23,2023-10-18 10:23:36.029712,in stock
481,262,46,8,2023-11-11 10:23:36.029712,in stock
482,16,7,78,2023-11-25 10:23:36.029712,in stock
483,145,5,40,2023-09-29 10:23:36.029712,in stock
484,112,72,70,2024-01-13 10:23:36.029712,in stock
485,281,3,95,2024-01-31 10:23:36.029712,in stock
486,214,35,7,2023-09-26 10:23:36.029712,in stock
487,155,11,20,2023-12-19 10:23:36.029712,in stock
488,38,81,8,2023-06-10 10:23:36.029712,in stock
489,26,93,70,2023-08-29 10:23:36.029712,in stock
490,49,75,8,2023-07-07 10:23:36.029712,in stock
491,135,52,68,2023-10-31 10:23:36.029712,in stock
492,155,56,60,2023-07-27 10:23:36.029712,in stock
493,250,34,71,2024-03-30 10:23:36.029712,in stock
494,28,43,66,2024-05-18 10:23:36.029712,in stock
495,274,47,84,2023-09-03 10:23:36.029712,in stock
496,246,80,95,2023-06-17 10:23:36.029712,in stock
497,266,63,63,2023-11-12 10:23:36.029712,in stock
498,280,19,37,2023-08-08 10:23:36.029712,in stock
499,125,66,60,2023-06-25 10:23:36.029712,in stock
500,119,40,35,2023-07-22 10:23:36.029712,in stock
801,16,2,49,2023-11-13 10:23:36.029712,in stock
802,169,50,36,2023-11-28 10:23:36.029712,in stock
803,109,35,34,2024-02-18 10:23:36.029712,in stock
804,87,52,94,2024-03-24 10:23:36.029712,in stock
805,116,83,27,2023-10-29 10:23:36.029712,in stock
806,136,26,62,2023-10-30 10:23:36.029712,in stock
807,165,38,93,2023-10-01 10:23:36.029712,in stock
808,248,75,17,2024-01-03 10:23:36.029712,in stock
809,187,88,3,2023-11-06 10:23:36.029712,in stock
810,184,74,64,2023-06-03 10:23:36.029712,in stock
811,39,12,65,2023-09-20 10:23:36.029712,in stock
812,30,90,43,2023-10-19 10:23:36.029712,in stock
813,112,34,29,2023-06-24 10:23:36.029712,in stock
814,297,43,30,2024-02-26 10:23:36.029712,in stock
815,168,53,57,2024-03-25 10:23:36.029712,in stock
816,110,27,19,2024-03-15 10:23:36.029712,in stock
817,44,98,66,2023-05-31 10:23:36.029712,in stock
818,181,63,18,2024-04-21 10:23:36.029712,in stock
819,121,50,76,2024-03-01 10:23:36.029712,in stock
820,13,52,90,2024-03-29 10:23:36.029712,in stock
821,12,6,66,2023-10-21 10:23:36.029712,in stock
822,215,86,30,2023-07-24 10:23:36.029712,in stock
823,242,17,93,2023-09-17 10:23:36.029712,in stock
824,156,16,81,2023-08-04 10:23:36.029712,in stock
825,45,78,65,2023-06-09 10:23:36.029712,in stock
826,268,90,83,2023-10-10 10:23:36.029712,in stock
827,42,68,78,2024-02-19 10:23:36.029712,in stock
828,280,12,87,2023-07-14 10:23:36.029712,in stock
829,96,75,77,2023-11-09 10:23:36.029712,in stock
830,118,1,34,2023-11-20 10:23:36.029712,in stock
831,185,86,93,2023-07-13 10:23:36.029712,in stock
832,253,2,76,2024-05-07 10:23:36.029712,in stock
833,179,5,65,2023-06-06 10:23:36.029712,in stock
834,153,37,90,2024-03-16 10:23:36.029712,in stock
835,153,93,48,2023-09-17 10:23:36.029712,in stock
836,147,18,72,2023-09-15 10:23:36.029712,in stock
837,169,97,2,2024-03-25 10:23:36.029712,in stock
838,143,4,84,2023-10-24 10:23:36.029712,in stock
839,5,81,75,2023-10-09 10:23:36.029712,in stock
840,100,72,63,2024-04-28 10:23:36.029712,in stock
841,33,66,43,2024-04-19 10:23:36.029712,in stock
842,125,23,34,2024-01-09 10:23:36.029712,in stock
843,93,25,99,2023-06-21 10:23:36.029712,in stock
844,270,92,70,2023-12-13 10:23:36.029712,in stock
845,262,32,9,2024-05-15 10:23:36.029712,in stock
846,189,83,76,2023-05-27 10:23:36.029712,in stock
847,180,58,99,2023-06-09 10:23:36.029712,in stock
848,80,12,91,2023-08-27 10:23:36.029712,in stock
849,197,68,54,2023-07-31 10:23:36.029712,in stock
850,292,6,79,2023-08-06 10:23:36.029712,in stock
851,174,23,29,2024-01-28 10:23:36.029712,in stock
852,69,52,38,2023-06-14 10:23:36.029712,in stock
853,16,5,3,2023-11-30 10:23:36.029712,in stock
854,145,41,88,2023-08-30 10:23:36.029712,in stock
855,158,88,4,2023-08-28 10:23:36.029712,in stock
856,217,87,67,2023-06-04 10:23:36.029712,in stock
857,233,78,75,2023-05-29 10:23:36.029712,in stock
858,115,32,78,2023-07-10 10:23:36.029712,in stock
859,247,9,84,2024-04-03 10:23:36.029712,in stock
860,73,46,24,2023-10-13 10:23:36.029712,in stock
861,172,37,18,2023-06-18 10:23:36.029712,in stock
862,211,30,4,2024-01-15 10:23:36.029712,in stock
863,58,79,24,2023-09-18 10:23:36.029712,in stock
864,133,74,42,2023-11-26 10:23:36.029712,in stock
865,126,25,48,2023-06-17 10:23:36.029712,in stock
866,124,37,9,2023-06-10 10:23:36.029712,in stock
867,62,98,97,2023-06-28 10:23:36.029712,in stock
868,151,100,91,2023-11-06 10:23:36.029712,in stock
869,184,78,86,2024-03-06 10:23:36.029712,in stock
870,142,74,63,2023-08-10 10:23:36.029712,in stock
871,255,55,47,2023-07-13 10:23:36.029712,in stock
872,219,80,82,2024-04-24 10:23:36.029712,in stock
873,212,16,50,2024-05-16 10:23:36.029712,in stock
874,156,94,62,2023-06-27 10:23:36.029712,in stock
875,169,3,34,2024-03-02 10:23:36.029712,in stock
876,300,55,85,2023-09-06 10:23:36.029712,in stock
877,144,64,77,2023-09-24 10:23:36.029712,in stock
878,114,70,12,2023-09-11 10:23:36.029712,in stock
879,288,1,17,2024-02-27 10:23:36.029712,in stock
880,138,34,47,2024-04-13 10:23:36.029712,in stock
881,160,76,73,2023-09-13 10:23:36.029712,in stock
882,164,38,13,2023-12-09 10:23:36.029712,in stock
883,203,74,85,2024-01-19 10:23:36.029712,in stock
884,261,31,55,2023-12-04 10:23:36.029712,in stock
885,205,21,87,2023-12-31 10:23:36.029712,in stock
886,242,99,29,2024-04-26 10:23:36.029712,in stock
887,80,42,88,2023-09-05 10:23:36.029712,in stock
888,146,97,50,2024-01-28 10:23:36.029712,in stock
889,288,98,65,2023-08-14 10:23:36.029712,in stock
890,84,15,84,2023-06-27 10:23:36.029712,in stock
891,90,28,51,2023-11-10 10:23:36.029712,in stock
892,283,5,23,2023-10-28 10:23:36.029712,in stock
893,295,24,6,2024-01-22 10:23:36.029712,in stock
894,232,85,47,2024-04-11 10:23:36.029712,in stock
895,212,42,9,2023-09-29 10:23:36.029712,in stock
896,208,90,38,2023-10-07 10:23:36.029712,in stock
645,84,98,22,2023-07-06 10:23:36.029712,in stock
646,289,64,15,2024-01-15 10:23:36.029712,in stock
647,8,70,26,2024-01-27 10:23:36.029712,in stock
648,56,86,14,2023-06-01 10:23:36.029712,in stock
649,156,80,73,2023-11-27 10:23:36.029712,in stock
650,275,40,41,2023-12-14 10:23:36.029712,in stock
651,36,97,14,2024-03-16 10:23:36.029712,in stock
652,233,83,58,2024-03-30 10:23:36.029712,in stock
653,212,50,29,2023-11-07 10:23:36.029712,in stock
654,65,33,72,2023-09-07 10:23:36.029712,in stock
655,184,29,90,2023-07-25 10:23:36.029712,in stock
656,209,55,46,2023-12-17 10:23:36.029712,in stock
657,300,14,56,2024-02-26 10:23:36.029712,in stock
658,61,86,8,2024-04-18 10:23:36.029712,in stock
659,41,79,83,2024-04-28 10:23:36.029712,in stock
660,23,90,86,2023-12-21 10:23:36.029712,in stock
661,52,77,97,2023-12-25 10:23:36.029712,in stock
662,215,5,45,2023-10-01 10:23:36.029712,in stock
663,300,63,86,2023-08-29 10:23:36.029712,in stock
664,244,84,97,2023-07-21 10:23:36.029712,in stock
665,291,2,43,2023-08-27 10:23:36.029712,in stock
666,296,93,56,2023-12-01 10:23:36.029712,in stock
667,201,16,10,2023-10-12 10:23:36.029712,in stock
668,213,46,49,2023-06-05 10:23:36.029712,in stock
669,165,100,88,2024-03-14 10:23:36.029712,in stock
670,88,43,49,2023-11-28 10:23:36.029712,in stock
671,90,100,95,2023-09-14 10:23:36.029712,in stock
672,48,91,75,2023-11-20 10:23:36.029712,in stock
673,213,89,52,2024-02-15 10:23:36.029712,in stock
674,211,31,40,2024-02-27 10:23:36.029712,in stock
675,53,88,90,2023-10-28 10:23:36.029712,in stock
676,109,88,51,2024-05-12 10:23:36.029712,in stock
677,68,10,20,2024-01-26 10:23:36.029712,in stock
678,296,37,40,2024-01-28 10:23:36.029712,in stock
679,238,9,59,2024-03-15 10:23:36.029712,in stock
680,72,67,33,2024-02-03 10:23:36.029712,in stock
681,149,65,8,2024-05-10 10:23:36.029712,in stock
682,109,6,29,2023-07-25 10:23:36.029712,in stock
683,172,63,97,2023-09-06 10:23:36.029712,in stock
684,141,73,92,2024-02-25 10:23:36.029712,in stock
685,295,76,93,2024-03-19 10:23:36.029712,in stock
686,39,43,25,2023-11-16 10:23:36.029712,in stock
687,266,10,85,2023-05-23 10:23:36.029712,in stock
688,20,10,55,2023-06-23 10:23:36.029712,in stock
689,120,22,46,2024-05-02 10:23:36.029712,in stock
690,216,8,31,2023-11-11 10:23:36.029712,in stock
691,144,60,65,2023-06-29 10:23:36.029712,in stock
692,124,52,46,2024-01-12 10:23:36.029712,in stock
693,123,45,44,2023-08-22 10:23:36.029712,in stock
694,173,1,66,2023-07-07 10:23:36.029712,in stock
695,38,35,93,2024-04-27 10:23:36.029712,in stock
696,96,13,86,2023-07-22 10:23:36.029712,in stock
697,23,87,27,2024-04-27 10:23:36.029712,in stock
698,140,70,27,2023-06-18 10:23:36.029712,in stock
699,156,48,50,2024-03-27 10:23:36.029712,in stock
700,39,23,98,2023-06-22 10:23:36.029712,in stock
301,130,21,43,2024-02-23 10:23:36.028716,in stock
302,39,15,78,2024-02-26 10:23:36.028716,in stock
303,160,83,91,2024-02-03 10:23:36.028716,in stock
304,70,83,38,2024-02-13 10:23:36.028716,in stock
305,168,93,39,2024-03-18 10:23:36.028716,in stock
306,201,30,48,2024-04-30 10:23:36.028716,in stock
307,107,57,61,2023-10-18 10:23:36.028716,in stock
308,120,57,20,2024-04-11 10:23:36.028716,in stock
309,223,85,2,2023-06-07 10:23:36.028716,in stock
310,131,68,29,2023-10-12 10:23:36.028716,in stock
311,138,55,33,2024-02-08 10:23:36.028716,in stock
312,24,39,23,2023-07-05 10:23:36.028716,in stock
313,94,74,82,2024-03-07 10:23:36.028716,in stock
314,129,80,57,2023-07-22 10:23:36.028716,in stock
315,122,69,73,2024-01-10 10:23:36.028716,in stock
316,193,8,27,2023-12-10 10:23:36.028716,in stock
317,87,75,37,2024-04-17 10:23:36.028716,in stock
318,122,35,61,2024-04-07 10:23:36.028716,in stock
319,290,10,81,2023-11-05 10:23:36.028716,in stock
320,52,24,73,2023-08-11 10:23:36.028716,in stock
321,285,8,92,2023-10-31 10:23:36.028716,in stock
322,139,61,86,2023-08-13 10:23:36.028716,in stock
323,207,62,97,2023-12-07 10:23:36.028716,in stock
324,109,60,8,2024-01-01 10:23:36.028716,in stock
325,132,97,44,2023-08-29 10:23:36.028716,in stock
326,32,33,28,2023-09-30 10:23:36.028716,in stock
327,131,64,84,2024-05-15 10:23:36.028716,in stock
328,121,79,28,2023-05-29 10:23:36.028716,in stock
329,24,46,56,2023-07-07 10:23:36.028716,in stock
330,262,23,28,2023-07-26 10:23:36.028716,in stock
331,224,56,26,2023-08-28 10:23:36.028716,in stock
332,67,38,24,2023-10-20 10:23:36.028716,in stock
333,234,19,73,2024-03-25 10:23:36.028716,in stock
334,23,59,78,2023-10-22 10:23:36.028716,in stock
335,190,39,81,2024-03-06 10:23:36.028716,in stock
336,160,78,57,2024-03-07 10:23:36.028716,in stock
337,59,30,45,2023-08-05 10:23:36.028716,in stock
338,233,25,2,2023-07-25 10:23:36.028716,in stock
339,106,8,12,2023-07-28 10:23:36.028716,in stock
340,288,27,49,2024-03-31 10:23:36.028716,in stock
341,194,38,48,2024-03-28 10:23:36.028716,in stock
342,45,79,14,2023-08-07 10:23:36.028716,in stock
343,31,16,6,2024-03-31 10:23:36.028716,in stock
344,77,39,66,2023-12-27 10:23:36.028716,in stock
345,53,37,33,2023-08-21 10:23:36.028716,in stock
346,46,10,78,2023-11-27 10:23:36.028716,in stock
347,228,95,13,2023-10-24 10:23:36.028716,in stock
348,23,45,24,2024-01-07 10:23:36.028716,in stock
349,286,77,40,2023-11-07 10:23:36.028716,in stock
350,189,11,88,2023-06-21 10:23:36.028716,in stock
351,140,9,85,2023-09-16 10:23:36.028716,in stock
352,170,44,3,2023-08-03 10:23:36.028716,in stock
353,174,56,66,2023-07-15 10:23:36.028716,in stock
354,205,52,3,2023-09-22 10:23:36.028716,in stock
355,265,11,60,2024-05-02 10:23:36.028716,in stock
356,193,9,65,2024-02-23 10:23:36.028716,in stock
357,296,56,79,2024-01-01 10:23:36.028716,in stock
358,97,60,25,2023-10-28 10:23:36.028716,in stock
359,292,79,91,2024-03-09 10:23:36.028716,in stock
360,95,87,86,2023-07-10 10:23:36.028716,in stock
361,132,2,34,2023-07-15 10:23:36.028716,in stock
362,141,42,70,2023-06-08 10:23:36.028716,in stock
363,190,78,38,2023-06-01 10:23:36.028716,in stock
364,239,73,30,2023-10-29 10:23:36.028716,in stock
365,178,56,78,2024-05-02 10:23:36.028716,in stock
366,106,100,31,2023-11-01 10:23:36.028716,in stock
367,23,25,86,2023-12-04 10:23:36.028716,in stock
368,139,53,7,2023-06-03 10:23:36.028716,in stock
369,12,69,93,2024-01-21 10:23:36.028716,in stock
370,111,17,38,2024-04-26 10:23:36.028716,in stock
371,87,27,3,2023-09-21 10:23:36.028716,in stock
372,194,27,30,2024-01-05 10:23:36.028716,in stock
373,294,15,19,2023-11-13 10:23:36.028716,in stock
374,28,17,51,2024-05-11 10:23:36.028716,in stock
375,179,28,97,2023-12-01 10:23:36.028716,in stock
376,116,30,79,2023-12-18 10:23:36.028716,in stock
377,175,79,98,2023-12-14 10:23:36.028716,in stock
378,287,37,74,2023-12-30 10:23:36.028716,in stock
379,222,95,43,2023-09-13 10:23:36.028716,in stock
380,13,73,31,2023-05-31 10:23:36.028716,in stock
381,273,50,1,2023-06-06 10:23:36.028716,in stock
382,172,62,17,2024-04-01 10:23:36.028716,in stock
383,57,46,29,2024-01-26 10:23:36.028716,in stock
384,182,14,42,2024-03-14 10:23:36.028716,in stock
385,151,1,44,2023-12-20 10:23:36.028716,in stock
386,288,40,18,2023-10-08 10:23:36.028716,in stock
387,136,85,11,2023-12-09 10:23:36.028716,in stock
388,244,38,99,2024-01-05 10:23:36.028716,in stock
389,252,87,78,2023-10-21 10:23:36.028716,in stock
390,295,45,27,2023-07-17 10:23:36.028716,in stock
391,26,44,20,2023-06-26 10:23:36.028716,in stock
392,194,83,32,2024-04-06 10:23:36.028716,in stock
393,12,66,20,2024-02-15 10:23:36.028716,in stock
394,213,60,93,2023-10-08 10:23:36.028716,in stock
395,298,31,72,2024-02-03 10:23:36.028716,in stock
396,158,61,61,2023-10-26 10:23:36.028716,in stock
397,183,70,90,2023-09-16 10:23:36.028716,in stock
398,110,48,5,2023-08-31 10:23:36.028716,in stock
399,276,18,55,2023-11-12 10:23:36.028716,in stock
400,117,40,96,2024-04-23 10:23:36.028716,in stock
701,249,9,52,2024-05-11 10:23:36.029712,in stock
702,166,81,73,2024-04-27 10:23:36.029712,in stock
703,177,11,91,2023-06-03 10:23:36.029712,in stock
704,231,37,43,2024-03-23 10:23:36.029712,in stock
705,39,30,12,2023-10-21 10:23:36.029712,in stock
706,151,39,16,2023-10-07 10:23:36.029712,in stock
707,261,82,15,2023-11-09 10:23:36.029712,in stock
708,250,88,93,2024-03-19 10:23:36.029712,in stock
709,156,65,38,2023-08-15 10:23:36.029712,in stock
710,92,68,80,2024-01-13 10:23:36.029712,in stock
711,49,7,6,2023-09-22 10:23:36.029712,in stock
712,281,57,32,2023-05-28 10:23:36.029712,in stock
713,68,62,33,2024-03-04 10:23:36.029712,in stock
714,285,17,1,2024-02-06 10:23:36.029712,in stock
715,156,36,44,2023-06-01 10:23:36.029712,in stock
716,86,22,58,2023-06-05 10:23:36.029712,in stock
717,24,75,27,2023-07-04 10:23:36.029712,in stock
718,59,92,49,2024-05-17 10:23:36.029712,in stock
719,287,62,47,2023-12-19 10:23:36.029712,in stock
720,83,45,66,2023-10-19 10:23:36.029712,in stock
721,188,22,81,2023-06-18 10:23:36.029712,in stock
722,185,90,37,2024-03-31 10:23:36.029712,in stock
723,29,15,66,2023-06-17 10:23:36.029712,in stock
724,193,13,7,2023-08-29 10:23:36.029712,in stock
725,178,74,58,2024-01-04 10:23:36.029712,in stock
726,175,36,14,2023-07-08 10:23:36.029712,in stock
727,52,43,80,2023-07-16 10:23:36.029712,in stock
728,188,80,39,2023-05-29 10:23:36.029712,in stock
729,271,25,54,2024-03-12 10:23:36.029712,in stock
730,102,65,2,2023-10-20 10:23:36.029712,in stock
731,278,25,94,2024-03-29 10:23:36.029712,in stock
732,13,61,46,2023-09-03 10:23:36.029712,in stock
733,260,73,37,2023-07-10 10:23:36.029712,in stock
734,25,29,82,2024-03-22 10:23:36.029712,in stock
735,285,95,85,2023-12-29 10:23:36.029712,in stock
736,232,3,62,2024-03-24 10:23:36.029712,in stock
737,80,85,50,2024-03-28 10:23:36.029712,in stock
738,64,88,28,2023-09-10 10:23:36.029712,in stock
739,172,21,21,2024-02-10 10:23:36.029712,in stock
740,186,61,33,2023-07-15 10:23:36.029712,in stock
741,10,19,60,2024-02-09 10:23:36.029712,in stock
742,267,40,65,2024-01-08 10:23:36.029712,in stock
743,164,65,88,2023-08-28 10:23:36.029712,in stock
744,193,79,67,2024-02-08 10:23:36.029712,in stock
745,91,80,37,2023-11-20 10:23:36.029712,in stock
746,74,24,54,2023-05-27 10:23:36.029712,in stock
747,243,39,40,2023-10-25 10:23:36.029712,in stock
748,122,25,23,2023-12-22 10:23:36.029712,in stock
749,137,64,97,2024-02-29 10:23:36.029712,in stock
750,207,8,5,2024-05-01 10:23:36.029712,in stock
751,48,89,46,2023-08-15 10:23:36.029712,in stock
752,125,2,49,2023-09-10 10:23:36.029712,in stock
753,140,37,51,2024-02-05 10:23:36.029712,in stock
754,103,32,87,2023-06-04 10:23:36.029712,in stock
755,44,39,43,2023-09-18 10:23:36.029712,in stock
756,259,84,31,2023-12-04 10:23:36.029712,in stock
757,96,43,92,2024-01-22 10:23:36.029712,in stock
758,297,55,43,2024-05-20 10:23:36.029712,in stock
759,104,18,45,2024-05-15 10:23:36.029712,in stock
760,120,48,19,2023-06-13 10:23:36.029712,in stock
761,229,99,70,2024-04-06 10:23:36.029712,in stock
762,155,8,7,2024-03-26 10:23:36.029712,in stock
763,32,59,14,2023-08-02 10:23:36.029712,in stock
764,73,2,95,2023-06-14 10:23:36.029712,in stock
765,37,22,88,2023-09-12 10:23:36.029712,in stock
766,135,93,47,2024-03-06 10:23:36.029712,in stock
767,43,95,28,2024-04-05 10:23:36.029712,in stock
768,16,40,9,2023-09-03 10:23:36.029712,in stock
769,284,29,67,2024-04-13 10:23:36.029712,in stock
770,260,72,99,2024-03-31 10:23:36.029712,in stock
771,126,77,82,2024-01-11 10:23:36.029712,in stock
772,289,43,20,2023-06-27 10:23:36.029712,in stock
773,271,41,7,2024-01-24 10:23:36.029712,in stock
774,245,65,74,2023-10-01 10:23:36.029712,in stock
775,281,54,24,2023-12-22 10:23:36.029712,in stock
776,217,16,16,2024-01-07 10:23:36.029712,in stock
777,57,9,86,2023-09-27 10:23:36.029712,in stock
778,48,8,59,2024-04-26 10:23:36.029712,in stock
779,299,93,96,2024-03-31 10:23:36.029712,in stock
780,141,98,78,2024-02-22 10:23:36.029712,in stock
781,264,16,37,2024-05-01 10:23:36.029712,in stock
782,150,33,7,2023-12-25 10:23:36.029712,in stock
783,28,59,97,2023-11-19 10:23:36.029712,in stock
784,118,77,88,2023-06-10 10:23:36.029712,in stock
785,138,65,64,2023-12-13 10:23:36.029712,in stock
786,73,65,29,2023-10-16 10:23:36.029712,in stock
787,176,32,9,2024-03-23 10:23:36.029712,in stock
788,15,44,40,2024-04-03 10:23:36.029712,in stock
789,85,96,62,2024-04-28 10:23:36.029712,in stock
790,180,24,49,2024-05-17 10:23:36.029712,in stock
791,253,25,39,2024-03-12 10:23:36.029712,in stock
792,202,93,54,2023-06-17 10:23:36.029712,in stock
793,86,12,76,2023-06-25 10:23:36.029712,in stock
794,3,62,65,2024-02-24 10:23:36.029712,in stock
795,33,6,79,2023-12-05 10:23:36.029712,in stock
796,41,67,27,2023-11-20 10:23:36.029712,in stock
797,80,66,65,2023-10-10 10:23:36.029712,in stock
798,110,18,42,2023-07-08 10:23:36.029712,in stock
799,121,2,96,2024-01-05 10:23:36.029712,in stock
800,14,14,96,2024-04-04 10:23:36.029712,in stock
897,147,46,6,2023-08-02 10:23:36.029712,in stock
898,144,75,14,2023-10-05 10:23:36.029712,in stock
899,169,59,30,2024-04-06 10:23:36.029712,in stock
900,281,51,83,2023-09-09 10:23:36.029712,in stock
