id,materialid,factoryid,quantity,orderdate,expectedarrivaldate,status
1,175,13,369,2024-02-01 10:23:36.031706,2024-06-08 10:23:36.032702,Cancelled
2,442,32,867,2023-07-24 10:23:36.031706,2024-06-02 10:23:36.032702,Cancelled
3,332,8,207,2023-09-22 10:23:36.031706,2024-06-13 10:23:36.032702,Cancelled
4,166,42,793,2023-09-28 10:23:36.031706,2024-05-25 10:23:36.032702,Completed
5,147,15,468,2023-12-31 10:23:36.031706,2024-06-01 10:23:36.032702,Completed
6,476,18,797,2024-05-14 10:23:36.031706,2024-06-08 10:23:36.032702,Completed
7,310,41,251,2023-10-15 10:23:36.031706,2024-06-04 10:23:36.032702,Cancelled
8,238,16,577,2024-01-16 10:23:36.031706,2024-06-06 10:23:36.032702,Cancelled
9,281,24,341,2024-01-16 10:23:36.031706,2024-06-12 10:23:36.032702,Cancelled
10,377,17,378,2023-12-06 10:23:36.031706,2024-05-29 10:23:36.032702,Completed
11,325,38,517,2023-10-12 10:23:36.031706,2024-05-30 10:23:36.032702,Cancelled
12,58,11,233,2023-07-30 10:23:36.031706,2024-06-19 10:23:36.032702,Cancelled
13,174,28,800,2024-01-29 10:23:36.031706,2024-06-16 10:23:36.032702,Completed
14,121,38,689,2023-07-24 10:23:36.031706,2024-06-20 10:23:36.032702,Completed
15,322,28,194,2024-03-06 10:23:36.031706,2024-05-26 10:23:36.032702,Pending
16,460,32,348,2023-08-02 10:23:36.031706,2024-06-02 10:23:36.032702,Completed
17,122,50,359,2024-05-19 10:23:36.031706,2024-06-06 10:23:36.032702,Cancelled
18,20,35,944,2023-10-21 10:23:36.031706,2024-06-13 10:23:36.032702,Cancelled
19,443,34,86,2024-04-29 10:23:36.031706,2024-06-02 10:23:36.032702,Pending
20,191,19,2,2024-05-01 10:23:36.031706,2024-06-17 10:23:36.032702,Cancelled
21,399,46,294,2023-09-24 10:23:36.031706,2024-05-31 10:23:36.032702,Completed
22,57,27,681,2023-09-06 10:23:36.031706,2024-05-22 10:23:36.032702,Completed
23,129,13,418,2024-05-04 10:23:36.031706,2024-06-11 10:23:36.032702,Cancelled
24,362,4,218,2023-10-17 10:23:36.031706,2024-06-19 10:23:36.032702,Pending
25,13,11,515,2023-08-24 10:23:36.031706,2024-06-10 10:23:36.032702,Cancelled
26,259,35,592,2023-11-02 10:23:36.031706,2024-05-23 10:23:36.032702,Cancelled
27,386,14,160,2023-09-19 10:23:36.031706,2024-06-17 10:23:36.032702,Cancelled
28,258,24,681,2023-05-31 10:23:36.031706,2024-06-14 10:23:36.032702,Cancelled
29,255,48,980,2024-04-01 10:23:36.031706,2024-06-12 10:23:36.032702,Completed
30,244,4,226,2023-10-03 10:23:36.031706,2024-06-16 10:23:36.032702,Cancelled
31,149,34,812,2023-09-11 10:23:36.031706,2024-05-23 10:23:36.032702,Completed
32,326,34,482,2024-01-19 10:23:36.031706,2024-06-13 10:23:36.032702,Cancelled
33,161,46,579,2024-04-09 10:23:36.031706,2024-06-20 10:23:36.032702,Completed
34,42,19,841,2023-08-10 10:23:36.031706,2024-06-16 10:23:36.032702,Pending
35,48,6,24,2024-05-15 10:23:36.031706,2024-06-12 10:23:36.032702,Completed
36,486,15,395,2023-06-02 10:23:36.031706,2024-05-29 10:23:36.032702,Pending
37,387,45,604,2023-10-26 10:23:36.031706,2024-05-30 10:23:36.032702,Pending
38,267,20,45,2024-01-31 10:23:36.031706,2024-06-08 10:23:36.032702,Cancelled
39,314,49,459,2024-03-15 10:23:36.031706,2024-06-03 10:23:36.032702,Completed
40,106,26,492,2023-11-20 10:23:36.031706,2024-05-31 10:23:36.032702,Completed
41,315,36,696,2023-12-22 10:23:36.031706,2024-06-11 10:23:36.032702,Cancelled
42,107,46,86,2024-01-20 10:23:36.031706,2024-06-13 10:23:36.032702,Cancelled
43,343,25,260,2023-06-25 10:23:36.031706,2024-06-02 10:23:36.032702,Cancelled
44,418,30,392,2024-04-05 10:23:36.031706,2024-06-19 10:23:36.032702,Pending
45,103,5,62,2024-05-13 10:23:36.031706,2024-06-16 10:23:36.032702,Cancelled
46,415,10,444,2023-09-19 10:23:36.031706,2024-06-12 10:23:36.032702,Cancelled
47,440,49,74,2023-06-14 10:23:36.031706,2024-05-25 10:23:36.032702,Completed
48,371,29,224,2023-12-17 10:23:36.031706,2024-06-08 10:23:36.032702,Pending
49,218,36,989,2024-02-29 10:23:36.031706,2024-06-18 10:23:36.032702,Pending
50,409,2,700,2023-05-27 10:23:36.031706,2024-05-29 10:23:36.032702,Cancelled
51,37,47,576,2023-09-29 10:23:36.031706,2024-06-18 10:23:36.032702,Cancelled
52,344,16,186,2023-08-03 10:23:36.031706,2024-06-05 10:23:36.032702,Completed
53,12,25,151,2023-07-28 10:23:36.031706,2024-06-03 10:23:36.032702,Cancelled
54,359,38,872,2024-05-09 10:23:36.031706,2024-05-22 10:23:36.032702,Completed
55,19,1,293,2023-10-02 10:23:36.031706,2024-06-20 10:23:36.032702,Cancelled
56,37,35,713,2023-09-27 10:23:36.031706,2024-06-03 10:23:36.032702,Pending
57,89,18,707,2024-03-12 10:23:36.031706,2024-06-20 10:23:36.032702,Pending
58,126,16,900,2023-05-27 10:23:36.031706,2024-06-20 10:23:36.032702,Pending
59,36,50,450,2023-10-27 10:23:36.031706,2024-05-30 10:23:36.032702,Cancelled
60,411,49,3,2024-02-17 10:23:36.031706,2024-05-31 10:23:36.032702,Cancelled
61,456,14,169,2023-11-14 10:23:36.031706,2024-05-24 10:23:36.032702,Completed
62,204,4,654,2023-07-06 10:23:36.031706,2024-06-20 10:23:36.032702,Pending
63,226,13,570,2023-09-27 10:23:36.031706,2024-06-17 10:23:36.032702,Completed
64,203,20,444,2023-05-27 10:23:36.031706,2024-06-15 10:23:36.032702,Cancelled
65,159,50,414,2023-07-02 10:23:36.031706,2024-05-29 10:23:36.032702,Completed
66,195,50,194,2024-05-21 10:23:36.031706,2024-05-31 10:23:36.032702,Cancelled
67,60,48,477,2023-07-05 10:23:36.031706,2024-05-28 10:23:36.032702,Pending
68,3,48,714,2024-04-15 10:23:36.031706,2024-06-18 10:23:36.032702,Cancelled
69,361,12,153,2023-11-06 10:23:36.031706,2024-06-19 10:23:36.032702,Pending
70,32,18,366,2023-06-03 10:23:36.031706,2024-05-27 10:23:36.032702,Completed
71,373,20,395,2023-12-03 10:23:36.031706,2024-06-20 10:23:36.032702,Completed
72,23,7,239,2023-08-24 10:23:36.031706,2024-06-05 10:23:36.032702,Cancelled
73,425,37,819,2024-05-05 10:23:36.031706,2024-06-11 10:23:36.032702,Cancelled
74,179,27,504,2023-12-22 10:23:36.031706,2024-06-01 10:23:36.032702,Completed
75,252,34,498,2023-10-16 10:23:36.031706,2024-06-19 10:23:36.032702,Pending
76,145,44,460,2024-01-04 10:23:36.031706,2024-06-16 10:23:36.032702,Pending
77,343,35,881,2023-05-30 10:23:36.031706,2024-06-15 10:23:36.032702,Cancelled
78,304,21,465,2023-07-13 10:23:36.031706,2024-06-11 10:23:36.032702,Pending
79,141,29,363,2023-08-18 10:23:36.031706,2024-06-04 10:23:36.032702,Completed
80,464,22,481,2023-08-01 10:23:36.031706,2024-06-16 10:23:36.032702,Completed
81,191,16,316,2024-02-05 10:23:36.031706,2024-05-23 10:23:36.032702,Cancelled
82,412,31,857,2023-06-06 10:23:36.031706,2024-05-30 10:23:36.032702,Cancelled
83,16,23,917,2024-04-10 10:23:36.031706,2024-06-18 10:23:36.032702,Pending
84,79,7,518,2023-07-09 10:23:36.031706,2024-05-24 10:23:36.032702,Completed
85,110,33,807,2023-12-02 10:23:36.031706,2024-06-17 10:23:36.032702,Completed
86,374,30,772,2024-04-23 10:23:36.031706,2024-06-15 10:23:36.032702,Pending
87,399,35,194,2023-09-01 10:23:36.031706,2024-06-06 10:23:36.032702,Cancelled
88,425,11,753,2023-06-11 10:23:36.031706,2024-06-06 10:23:36.032702,Cancelled
89,148,7,283,2023-11-17 10:23:36.031706,2024-06-14 10:23:36.032702,Cancelled
90,318,35,233,2024-04-25 10:23:36.031706,2024-06-04 10:23:36.032702,Cancelled
91,150,45,751,2024-03-26 10:23:36.031706,2024-06-20 10:23:36.032702,Cancelled
92,444,46,831,2023-11-07 10:23:36.031706,2024-06-17 10:23:36.032702,Cancelled
93,483,22,755,2023-11-16 10:23:36.031706,2024-06-01 10:23:36.032702,Cancelled
94,434,46,977,2023-09-26 10:23:36.031706,2024-06-13 10:23:36.032702,Cancelled
95,324,39,952,2023-07-10 10:23:36.031706,2024-06-04 10:23:36.032702,Pending
96,479,33,469,2024-05-01 10:23:36.031706,2024-06-19 10:23:36.032702,Completed
97,6,29,107,2023-11-16 10:23:36.031706,2024-06-20 10:23:36.032702,Completed
98,438,8,938,2023-11-16 10:23:36.031706,2024-06-17 10:23:36.032702,Completed
99,71,4,879,2024-02-22 10:23:36.031706,2024-05-25 10:23:36.032702,Cancelled
100,21,27,771,2023-06-25 10:23:36.031706,2024-06-17 10:23:36.032702,Cancelled
401,488,6,986,2024-04-17 10:23:36.031706,2024-06-14 10:23:36.032702,Pending
402,44,16,78,2023-07-20 10:23:36.031706,2024-06-07 10:23:36.032702,Cancelled
403,138,3,575,2023-11-18 10:23:36.031706,2024-06-17 10:23:36.032702,Cancelled
404,200,43,93,2023-07-29 10:23:36.031706,2024-05-30 10:23:36.032702,Cancelled
405,335,44,786,2023-09-18 10:23:36.031706,2024-06-09 10:23:36.032702,Pending
406,203,17,439,2023-08-06 10:23:36.031706,2024-06-19 10:23:36.032702,Completed
407,101,45,577,2023-10-11 10:23:36.031706,2024-06-12 10:23:36.032702,Pending
408,8,6,792,2024-01-10 10:23:36.031706,2024-06-09 10:23:36.032702,Completed
409,352,39,147,2023-07-05 10:23:36.031706,2024-05-28 10:23:36.032702,Cancelled
410,460,38,953,2023-06-05 10:23:36.031706,2024-06-09 10:23:36.032702,Pending
411,275,2,85,2023-09-21 10:23:36.031706,2024-05-22 10:23:36.032702,Pending
412,364,38,16,2023-06-01 10:23:36.031706,2024-06-07 10:23:36.032702,Cancelled
413,280,32,470,2024-03-21 10:23:36.031706,2024-06-15 10:23:36.032702,Cancelled
414,292,11,26,2023-11-12 10:23:36.031706,2024-06-09 10:23:36.032702,Completed
415,174,11,232,2023-09-02 10:23:36.031706,2024-05-27 10:23:36.032702,Completed
416,408,15,42,2023-08-01 10:23:36.031706,2024-06-04 10:23:36.032702,Pending
417,114,27,732,2024-05-13 10:23:36.031706,2024-06-20 10:23:36.032702,Cancelled
418,482,39,165,2024-01-10 10:23:36.031706,2024-05-24 10:23:36.032702,Cancelled
419,228,34,360,2024-02-28 10:23:36.031706,2024-05-29 10:23:36.032702,Completed
420,202,14,35,2023-07-29 10:23:36.031706,2024-06-15 10:23:36.032702,Cancelled
421,3,8,338,2024-04-22 10:23:36.031706,2024-06-06 10:23:36.032702,Completed
422,88,6,167,2024-03-08 10:23:36.031706,2024-06-12 10:23:36.032702,Cancelled
423,254,48,573,2023-12-10 10:23:36.031706,2024-05-25 10:23:36.032702,Completed
424,280,28,138,2023-09-28 10:23:36.031706,2024-06-19 10:23:36.032702,Cancelled
425,252,6,442,2023-06-02 10:23:36.031706,2024-06-01 10:23:36.032702,Completed
426,170,28,26,2024-03-13 10:23:36.031706,2024-05-22 10:23:36.032702,Completed
427,59,28,471,2023-11-21 10:23:36.031706,2024-05-31 10:23:36.032702,Pending
428,257,14,220,2024-02-28 10:23:36.031706,2024-06-12 10:23:36.032702,Cancelled
429,129,48,814,2024-04-24 10:23:36.031706,2024-06-12 10:23:36.032702,Completed
430,269,41,349,2024-01-03 10:23:36.031706,2024-05-25 10:23:36.032702,Completed
431,397,29,508,2023-11-19 10:23:36.031706,2024-06-03 10:23:36.032702,Pending
432,126,9,558,2023-10-20 10:23:36.031706,2024-06-02 10:23:36.032702,Completed
433,222,16,274,2023-07-01 10:23:36.031706,2024-06-09 10:23:36.032702,Cancelled
434,189,45,509,2023-11-21 10:23:36.031706,2024-06-20 10:23:36.032702,Completed
435,242,28,919,2024-04-27 10:23:36.031706,2024-05-25 10:23:36.032702,Pending
436,122,3,297,2023-12-25 10:23:36.031706,2024-06-17 10:23:36.032702,Cancelled
437,170,2,616,2023-12-24 10:23:36.031706,2024-06-01 10:23:36.032702,Pending
438,388,46,723,2023-08-24 10:23:36.031706,2024-05-26 10:23:36.032702,Cancelled
439,341,3,293,2023-06-29 10:23:36.031706,2024-05-22 10:23:36.032702,Pending
440,449,20,543,2024-04-12 10:23:36.031706,2024-05-24 10:23:36.032702,Cancelled
441,432,5,69,2023-09-01 10:23:36.031706,2024-06-05 10:23:36.032702,Completed
442,241,20,6,2024-02-12 10:23:36.031706,2024-06-17 10:23:36.032702,Pending
443,129,36,262,2023-07-05 10:23:36.031706,2024-06-13 10:23:36.032702,Pending
444,192,45,692,2024-02-18 10:23:36.031706,2024-06-12 10:23:36.032702,Cancelled
445,395,32,71,2024-04-03 10:23:36.031706,2024-06-06 10:23:36.032702,Pending
446,111,35,430,2023-07-20 10:23:36.031706,2024-06-05 10:23:36.032702,Completed
447,351,23,133,2024-02-26 10:23:36.031706,2024-06-11 10:23:36.032702,Cancelled
448,401,18,213,2023-08-17 10:23:36.031706,2024-05-30 10:23:36.032702,Cancelled
449,207,17,152,2023-12-08 10:23:36.031706,2024-06-10 10:23:36.032702,Cancelled
450,177,10,371,2023-12-12 10:23:36.031706,2024-06-12 10:23:36.032702,Completed
451,268,38,896,2023-06-06 10:23:36.031706,2024-05-22 10:23:36.032702,Completed
452,351,41,597,2023-12-19 10:23:36.031706,2024-06-01 10:23:36.032702,Cancelled
453,132,4,400,2024-01-04 10:23:36.031706,2024-05-23 10:23:36.032702,Pending
454,144,47,540,2023-06-06 10:23:36.031706,2024-06-11 10:23:36.032702,Cancelled
455,200,39,891,2023-05-30 10:23:36.031706,2024-06-10 10:23:36.032702,Cancelled
456,375,29,289,2023-06-04 10:23:36.031706,2024-06-05 10:23:36.032702,Pending
457,171,5,172,2023-11-18 10:23:36.031706,2024-06-01 10:23:36.032702,Cancelled
458,278,41,536,2024-04-02 10:23:36.031706,2024-06-14 10:23:36.032702,Pending
459,90,35,277,2023-08-22 10:23:36.031706,2024-06-14 10:23:36.032702,Cancelled
460,157,5,408,2023-07-30 10:23:36.031706,2024-06-20 10:23:36.032702,Completed
461,110,16,417,2023-11-23 10:23:36.031706,2024-06-16 10:23:36.032702,Cancelled
462,287,33,446,2024-03-09 10:23:36.031706,2024-06-09 10:23:36.032702,Pending
463,92,39,24,2024-05-15 10:23:36.031706,2024-05-26 10:23:36.032702,Completed
464,374,24,501,2024-03-12 10:23:36.031706,2024-05-28 10:23:36.032702,Completed
465,466,48,175,2023-08-30 10:23:36.031706,2024-06-18 10:23:36.032702,Cancelled
466,96,8,949,2023-12-29 10:23:36.031706,2024-05-23 10:23:36.032702,Completed
467,369,45,609,2023-11-13 10:23:36.031706,2024-06-16 10:23:36.032702,Completed
468,118,13,972,2023-09-16 10:23:36.031706,2024-06-11 10:23:36.032702,Pending
469,122,19,291,2023-10-24 10:23:36.031706,2024-05-31 10:23:36.032702,Cancelled
470,133,10,711,2023-11-29 10:23:36.031706,2024-06-01 10:23:36.032702,Pending
471,115,46,182,2024-02-28 10:23:36.031706,2024-06-16 10:23:36.032702,Pending
472,418,17,439,2024-03-30 10:23:36.031706,2024-05-23 10:23:36.032702,Completed
473,419,44,232,2024-01-31 10:23:36.031706,2024-06-14 10:23:36.032702,Completed
474,179,17,351,2024-03-03 10:23:36.031706,2024-05-24 10:23:36.032702,Pending
475,390,25,325,2023-09-07 10:23:36.031706,2024-06-08 10:23:36.032702,Completed
476,60,4,246,2024-01-29 10:23:36.031706,2024-06-10 10:23:36.032702,Pending
477,40,6,157,2024-02-15 10:23:36.031706,2024-06-03 10:23:36.032702,Pending
478,478,24,443,2023-08-09 10:23:36.031706,2024-05-24 10:23:36.032702,Cancelled
479,247,43,76,2023-07-12 10:23:36.031706,2024-06-03 10:23:36.032702,Pending
480,4,15,849,2023-06-03 10:23:36.031706,2024-05-30 10:23:36.032702,Completed
481,429,18,320,2023-08-26 10:23:36.031706,2024-05-27 10:23:36.032702,Cancelled
482,479,29,458,2023-08-23 10:23:36.031706,2024-05-29 10:23:36.032702,Cancelled
483,425,26,846,2023-05-23 10:23:36.031706,2024-06-15 10:23:36.032702,Completed
484,186,21,348,2023-08-13 10:23:36.031706,2024-06-18 10:23:36.032702,Pending
485,158,36,329,2023-05-28 10:23:36.031706,2024-06-03 10:23:36.032702,Pending
486,450,6,26,2024-03-24 10:23:36.031706,2024-05-24 10:23:36.032702,Cancelled
487,441,28,741,2023-10-21 10:23:36.031706,2024-05-22 10:23:36.032702,Cancelled
488,288,4,586,2023-09-29 10:23:36.031706,2024-06-18 10:23:36.032702,Completed
489,138,16,121,2024-04-12 10:23:36.031706,2024-05-28 10:23:36.032702,Cancelled
490,92,24,314,2024-03-23 10:23:36.031706,2024-05-27 10:23:36.032702,Pending
491,383,30,688,2024-03-15 10:23:36.031706,2024-06-03 10:23:36.032702,Pending
492,256,12,568,2024-05-13 10:23:36.031706,2024-06-15 10:23:36.032702,Completed
493,199,13,306,2023-09-19 10:23:36.031706,2024-06-03 10:23:36.032702,Completed
494,376,8,42,2023-11-25 10:23:36.031706,2024-05-31 10:23:36.032702,Pending
495,65,25,14,2023-12-14 10:23:36.031706,2024-06-11 10:23:36.032702,Completed
496,263,4,656,2023-06-03 10:23:36.031706,2024-06-15 10:23:36.032702,Completed
497,212,11,450,2023-11-18 10:23:36.031706,2024-06-11 10:23:36.032702,Cancelled
498,470,35,284,2024-03-11 10:23:36.031706,2024-05-26 10:23:36.032702,Cancelled
499,17,22,954,2023-10-08 10:23:36.031706,2024-05-25 10:23:36.032702,Cancelled
500,174,50,494,2023-07-21 10:23:36.031706,2024-05-31 10:23:36.032702,Pending
801,310,35,195,2023-08-20 10:23:36.031706,2024-05-31 10:23:36.032702,Pending
802,183,39,428,2023-12-07 10:23:36.031706,2024-06-14 10:23:36.032702,Completed
803,311,7,580,2024-05-02 10:23:36.031706,2024-06-13 10:23:36.032702,Cancelled
804,161,27,915,2023-09-29 10:23:36.031706,2024-06-03 10:23:36.032702,Pending
805,32,50,250,2023-06-20 10:23:36.031706,2024-06-04 10:23:36.032702,Completed
806,484,17,777,2023-10-18 10:23:36.031706,2024-06-17 10:23:36.032702,Pending
807,410,16,213,2023-08-05 10:23:36.031706,2024-06-12 10:23:36.032702,Completed
808,95,3,313,2023-09-01 10:23:36.031706,2024-06-11 10:23:36.032702,Completed
809,342,50,103,2023-10-19 10:23:36.031706,2024-06-14 10:23:36.032702,Pending
810,383,33,268,2024-01-06 10:23:36.031706,2024-06-02 10:23:36.032702,Completed
811,78,19,48,2024-05-11 10:23:36.031706,2024-06-16 10:23:36.032702,Completed
812,142,43,511,2023-05-31 10:23:36.031706,2024-06-06 10:23:36.032702,Cancelled
813,205,18,454,2023-09-24 10:23:36.031706,2024-06-16 10:23:36.032702,Pending
814,162,43,232,2023-07-25 10:23:36.031706,2024-06-18 10:23:36.032702,Cancelled
815,49,39,708,2024-05-10 10:23:36.031706,2024-05-27 10:23:36.032702,Cancelled
816,330,15,135,2023-12-11 10:23:36.031706,2024-06-10 10:23:36.032702,Completed
817,22,11,163,2023-11-10 10:23:36.031706,2024-05-28 10:23:36.032702,Cancelled
818,469,28,292,2023-08-03 10:23:36.031706,2024-05-31 10:23:36.032702,Pending
819,90,49,462,2023-11-04 10:23:36.031706,2024-06-13 10:23:36.032702,Pending
820,16,34,743,2023-12-08 10:23:36.031706,2024-06-14 10:23:36.032702,Pending
821,54,15,353,2023-08-02 10:23:36.031706,2024-05-24 10:23:36.032702,Pending
822,96,20,205,2024-04-01 10:23:36.031706,2024-06-12 10:23:36.032702,Pending
823,16,6,108,2023-09-14 10:23:36.031706,2024-06-06 10:23:36.032702,Pending
824,321,35,31,2024-03-31 10:23:36.031706,2024-05-26 10:23:36.032702,Cancelled
825,195,25,668,2023-06-03 10:23:36.031706,2024-05-27 10:23:36.032702,Completed
826,245,45,564,2023-06-11 10:23:36.031706,2024-05-28 10:23:36.032702,Cancelled
827,312,22,865,2024-02-06 10:23:36.031706,2024-05-27 10:23:36.032702,Completed
828,296,10,604,2023-12-01 10:23:36.031706,2024-06-10 10:23:36.032702,Completed
829,25,2,299,2023-09-10 10:23:36.031706,2024-06-06 10:23:36.032702,Cancelled
830,111,2,313,2023-09-07 10:23:36.031706,2024-05-25 10:23:36.032702,Completed
831,359,50,756,2023-06-15 10:23:36.031706,2024-06-16 10:23:36.032702,Cancelled
832,7,12,163,2023-11-30 10:23:36.031706,2024-06-04 10:23:36.032702,Pending
833,461,20,727,2024-02-26 10:23:36.031706,2024-06-06 10:23:36.032702,Pending
834,328,40,616,2023-07-12 10:23:36.031706,2024-05-31 10:23:36.032702,Cancelled
835,465,33,617,2023-12-20 10:23:36.031706,2024-05-29 10:23:36.032702,Cancelled
836,417,25,781,2023-11-17 10:23:36.031706,2024-05-28 10:23:36.032702,Pending
837,235,49,106,2023-10-11 10:23:36.031706,2024-06-08 10:23:36.032702,Cancelled
838,320,41,764,2024-02-08 10:23:36.031706,2024-05-23 10:23:36.032702,Completed
839,181,49,559,2023-09-10 10:23:36.031706,2024-05-22 10:23:36.032702,Pending
840,372,1,5,2023-07-01 10:23:36.031706,2024-06-02 10:23:36.032702,Completed
841,446,17,817,2024-04-13 10:23:36.031706,2024-06-19 10:23:36.032702,Pending
842,412,17,130,2023-08-21 10:23:36.031706,2024-05-30 10:23:36.032702,Pending
843,398,37,569,2024-02-02 10:23:36.031706,2024-06-02 10:23:36.032702,Cancelled
844,30,21,748,2023-12-26 10:23:36.031706,2024-06-12 10:23:36.032702,Completed
845,309,11,7,2024-01-07 10:23:36.031706,2024-05-27 10:23:36.032702,Pending
846,265,33,933,2024-04-27 10:23:36.031706,2024-05-27 10:23:36.032702,Cancelled
201,21,33,168,2024-03-15 10:23:36.031706,2024-05-27 10:23:36.032702,Cancelled
202,381,36,987,2023-12-17 10:23:36.031706,2024-06-09 10:23:36.032702,Completed
203,116,9,290,2024-02-24 10:23:36.031706,2024-05-25 10:23:36.032702,Pending
204,133,37,987,2024-01-09 10:23:36.031706,2024-05-22 10:23:36.032702,Pending
205,118,5,517,2024-01-26 10:23:36.031706,2024-06-13 10:23:36.032702,Completed
206,335,36,169,2023-09-17 10:23:36.031706,2024-06-07 10:23:36.032702,Completed
207,259,32,477,2023-11-13 10:23:36.031706,2024-06-04 10:23:36.032702,Cancelled
208,396,5,552,2023-12-26 10:23:36.031706,2024-06-15 10:23:36.032702,Completed
209,195,36,251,2024-04-27 10:23:36.031706,2024-06-20 10:23:36.032702,Cancelled
210,459,37,200,2024-03-07 10:23:36.031706,2024-06-20 10:23:36.032702,Completed
211,441,49,190,2023-11-23 10:23:36.031706,2024-06-05 10:23:36.032702,Completed
212,20,31,413,2023-12-28 10:23:36.031706,2024-06-17 10:23:36.032702,Completed
213,325,8,332,2023-10-01 10:23:36.031706,2024-06-12 10:23:36.032702,Completed
214,52,28,823,2024-02-26 10:23:36.031706,2024-06-06 10:23:36.032702,Cancelled
215,485,3,689,2023-07-10 10:23:36.031706,2024-05-25 10:23:36.032702,Cancelled
216,317,9,869,2024-02-29 10:23:36.031706,2024-05-29 10:23:36.032702,Pending
217,137,17,415,2023-05-23 10:23:36.031706,2024-06-13 10:23:36.032702,Pending
218,371,44,989,2023-08-21 10:23:36.031706,2024-05-28 10:23:36.032702,Cancelled
219,290,44,313,2023-12-27 10:23:36.031706,2024-05-28 10:23:36.032702,Cancelled
220,286,9,254,2024-02-18 10:23:36.031706,2024-06-18 10:23:36.032702,Completed
221,189,8,530,2024-02-22 10:23:36.031706,2024-06-17 10:23:36.032702,Completed
222,190,39,339,2023-05-25 10:23:36.031706,2024-06-16 10:23:36.032702,Cancelled
223,294,3,749,2023-06-02 10:23:36.031706,2024-05-30 10:23:36.032702,Completed
224,450,16,89,2023-06-15 10:23:36.031706,2024-05-31 10:23:36.032702,Pending
225,39,37,850,2024-03-04 10:23:36.031706,2024-06-14 10:23:36.032702,Cancelled
226,126,49,676,2024-02-29 10:23:36.031706,2024-06-06 10:23:36.032702,Completed
227,487,15,511,2024-01-21 10:23:36.031706,2024-06-03 10:23:36.032702,Pending
228,112,10,469,2024-03-23 10:23:36.031706,2024-05-26 10:23:36.032702,Cancelled
229,203,45,953,2024-04-30 10:23:36.031706,2024-06-04 10:23:36.032702,Cancelled
230,409,49,319,2023-12-11 10:23:36.031706,2024-06-18 10:23:36.032702,Cancelled
231,173,1,789,2023-08-01 10:23:36.031706,2024-05-28 10:23:36.032702,Completed
232,397,39,844,2024-03-18 10:23:36.031706,2024-06-10 10:23:36.032702,Completed
233,444,1,454,2023-10-09 10:23:36.031706,2024-05-28 10:23:36.032702,Pending
234,4,25,473,2024-01-09 10:23:36.031706,2024-06-17 10:23:36.032702,Completed
235,442,25,608,2023-11-14 10:23:36.031706,2024-05-31 10:23:36.032702,Completed
236,220,41,79,2024-02-17 10:23:36.031706,2024-06-14 10:23:36.032702,Cancelled
237,115,31,803,2024-02-06 10:23:36.031706,2024-06-12 10:23:36.032702,Pending
238,258,25,955,2023-08-08 10:23:36.031706,2024-05-28 10:23:36.032702,Cancelled
239,141,11,883,2023-05-25 10:23:36.031706,2024-06-04 10:23:36.032702,Completed
240,76,33,268,2024-05-04 10:23:36.031706,2024-05-27 10:23:36.032702,Cancelled
241,79,23,798,2023-06-16 10:23:36.031706,2024-06-04 10:23:36.032702,Completed
242,302,23,632,2023-12-11 10:23:36.031706,2024-06-16 10:23:36.032702,Cancelled
243,409,31,696,2023-11-27 10:23:36.031706,2024-05-26 10:23:36.032702,Pending
244,331,1,120,2024-03-07 10:23:36.031706,2024-05-22 10:23:36.032702,Pending
245,208,45,200,2023-11-13 10:23:36.031706,2024-05-31 10:23:36.032702,Cancelled
246,166,14,721,2023-10-05 10:23:36.031706,2024-05-30 10:23:36.032702,Pending
247,57,32,539,2023-08-19 10:23:36.031706,2024-05-29 10:23:36.032702,Cancelled
248,338,42,532,2024-02-28 10:23:36.031706,2024-06-10 10:23:36.032702,Cancelled
249,240,11,468,2023-08-22 10:23:36.031706,2024-06-05 10:23:36.032702,Cancelled
250,296,10,388,2023-12-19 10:23:36.031706,2024-06-20 10:23:36.032702,Completed
251,324,3,573,2024-03-20 10:23:36.031706,2024-05-29 10:23:36.032702,Cancelled
252,206,18,949,2024-05-09 10:23:36.031706,2024-06-02 10:23:36.032702,Cancelled
253,122,8,14,2023-10-27 10:23:36.031706,2024-06-09 10:23:36.032702,Pending
254,64,2,371,2023-09-09 10:23:36.031706,2024-06-12 10:23:36.032702,Cancelled
255,297,29,33,2024-03-08 10:23:36.031706,2024-06-11 10:23:36.032702,Cancelled
256,68,31,676,2023-09-30 10:23:36.031706,2024-06-05 10:23:36.032702,Pending
257,257,17,429,2023-12-10 10:23:36.031706,2024-05-24 10:23:36.032702,Pending
258,446,5,243,2024-03-03 10:23:36.031706,2024-05-22 10:23:36.032702,Cancelled
259,74,6,670,2024-05-19 10:23:36.031706,2024-06-06 10:23:36.032702,Cancelled
260,84,50,266,2023-08-16 10:23:36.031706,2024-05-26 10:23:36.032702,Cancelled
261,462,9,556,2023-09-05 10:23:36.031706,2024-06-18 10:23:36.032702,Pending
262,259,15,612,2023-12-04 10:23:36.031706,2024-06-01 10:23:36.032702,Cancelled
263,203,34,481,2023-06-25 10:23:36.031706,2024-06-13 10:23:36.032702,Cancelled
264,485,35,892,2023-05-26 10:23:36.031706,2024-06-03 10:23:36.032702,Pending
265,319,29,246,2023-12-22 10:23:36.031706,2024-06-12 10:23:36.032702,Completed
266,440,29,57,2023-09-22 10:23:36.031706,2024-05-28 10:23:36.032702,Cancelled
267,364,49,480,2023-12-25 10:23:36.031706,2024-06-13 10:23:36.032702,Pending
268,411,38,28,2023-08-02 10:23:36.031706,2024-06-03 10:23:36.032702,Pending
269,474,19,521,2023-06-15 10:23:36.031706,2024-06-13 10:23:36.032702,Cancelled
270,109,2,674,2024-03-07 10:23:36.031706,2024-06-04 10:23:36.032702,Cancelled
271,304,39,48,2023-08-06 10:23:36.031706,2024-06-14 10:23:36.032702,Pending
272,236,17,58,2023-10-08 10:23:36.031706,2024-06-10 10:23:36.032702,Pending
273,241,45,838,2023-11-30 10:23:36.031706,2024-05-30 10:23:36.032702,Completed
274,110,42,691,2023-06-04 10:23:36.031706,2024-05-24 10:23:36.032702,Pending
275,206,38,666,2024-03-25 10:23:36.031706,2024-05-25 10:23:36.032702,Pending
276,72,43,289,2023-09-19 10:23:36.031706,2024-06-08 10:23:36.032702,Cancelled
277,292,4,501,2024-05-01 10:23:36.031706,2024-05-23 10:23:36.032702,Cancelled
278,384,24,531,2024-03-11 10:23:36.031706,2024-05-23 10:23:36.032702,Completed
279,312,7,344,2023-06-09 10:23:36.031706,2024-06-01 10:23:36.032702,Pending
280,256,43,217,2023-08-13 10:23:36.031706,2024-06-20 10:23:36.032702,Cancelled
281,84,17,515,2024-03-23 10:23:36.031706,2024-05-29 10:23:36.032702,Cancelled
282,343,21,732,2023-12-16 10:23:36.031706,2024-06-06 10:23:36.032702,Completed
283,462,11,815,2024-05-09 10:23:36.031706,2024-06-20 10:23:36.032702,Completed
284,299,11,370,2023-10-29 10:23:36.031706,2024-06-02 10:23:36.032702,Cancelled
285,35,3,521,2023-07-10 10:23:36.031706,2024-06-10 10:23:36.032702,Pending
286,190,29,665,2024-01-30 10:23:36.031706,2024-06-12 10:23:36.032702,Completed
287,67,49,385,2023-10-06 10:23:36.031706,2024-06-16 10:23:36.032702,Pending
288,9,27,40,2023-11-21 10:23:36.031706,2024-06-10 10:23:36.032702,Completed
289,262,5,186,2024-04-04 10:23:36.031706,2024-06-13 10:23:36.032702,Completed
290,455,37,868,2023-12-06 10:23:36.031706,2024-06-14 10:23:36.032702,Pending
291,343,31,957,2024-04-23 10:23:36.031706,2024-06-16 10:23:36.032702,Completed
292,414,40,455,2023-07-15 10:23:36.031706,2024-05-23 10:23:36.032702,Pending
293,303,36,440,2023-06-28 10:23:36.031706,2024-05-22 10:23:36.032702,Cancelled
294,89,22,673,2024-02-12 10:23:36.031706,2024-05-30 10:23:36.032702,Completed
295,451,43,858,2023-07-28 10:23:36.031706,2024-06-07 10:23:36.032702,Completed
296,300,13,789,2023-08-26 10:23:36.031706,2024-06-10 10:23:36.032702,Completed
297,439,29,96,2024-01-29 10:23:36.031706,2024-06-03 10:23:36.032702,Pending
298,266,32,527,2023-12-31 10:23:36.031706,2024-05-31 10:23:36.032702,Pending
299,377,47,539,2024-02-11 10:23:36.031706,2024-06-03 10:23:36.032702,Pending
300,47,31,195,2024-05-10 10:23:36.031706,2024-06-12 10:23:36.032702,Cancelled
601,126,2,884,2024-03-13 10:23:36.031706,2024-06-12 10:23:36.032702,Completed
602,372,2,539,2023-09-11 10:23:36.031706,2024-06-05 10:23:36.032702,Pending
603,375,25,757,2023-11-19 10:23:36.031706,2024-05-27 10:23:36.032702,Completed
604,106,19,432,2023-05-27 10:23:36.031706,2024-06-16 10:23:36.032702,Pending
605,199,30,235,2023-12-26 10:23:36.031706,2024-05-27 10:23:36.032702,Completed
606,48,49,606,2023-08-10 10:23:36.031706,2024-06-17 10:23:36.032702,Cancelled
607,469,5,725,2024-05-01 10:23:36.031706,2024-06-03 10:23:36.032702,Pending
608,237,37,340,2024-04-09 10:23:36.031706,2024-05-23 10:23:36.032702,Pending
609,27,27,303,2023-12-06 10:23:36.031706,2024-05-24 10:23:36.032702,Cancelled
610,386,43,115,2023-09-12 10:23:36.031706,2024-06-04 10:23:36.032702,Cancelled
611,262,38,685,2024-03-23 10:23:36.031706,2024-06-19 10:23:36.032702,Completed
612,499,14,562,2023-11-06 10:23:36.031706,2024-06-13 10:23:36.032702,Pending
613,52,26,117,2023-12-28 10:23:36.031706,2024-05-31 10:23:36.032702,Cancelled
614,310,27,370,2023-10-01 10:23:36.031706,2024-06-01 10:23:36.032702,Completed
615,43,31,605,2023-07-19 10:23:36.031706,2024-06-09 10:23:36.032702,Cancelled
616,466,13,926,2023-12-14 10:23:36.031706,2024-06-14 10:23:36.032702,Pending
617,195,32,161,2023-06-05 10:23:36.031706,2024-06-05 10:23:36.032702,Pending
618,115,34,404,2023-10-07 10:23:36.031706,2024-06-15 10:23:36.032702,Pending
619,369,34,656,2024-01-27 10:23:36.031706,2024-06-12 10:23:36.032702,Pending
620,222,35,129,2023-08-12 10:23:36.031706,2024-06-05 10:23:36.032702,Completed
621,64,27,920,2023-10-26 10:23:36.031706,2024-06-10 10:23:36.032702,Completed
622,264,29,340,2023-12-25 10:23:36.031706,2024-06-16 10:23:36.032702,Cancelled
623,86,31,186,2023-10-15 10:23:36.031706,2024-05-30 10:23:36.032702,Pending
847,368,27,831,2023-12-21 10:23:36.031706,2024-06-17 10:23:36.032702,Cancelled
848,418,48,448,2023-08-02 10:23:36.031706,2024-06-18 10:23:36.032702,Completed
849,39,44,631,2023-10-29 10:23:36.031706,2024-06-19 10:23:36.032702,Pending
850,108,27,279,2024-01-27 10:23:36.031706,2024-06-07 10:23:36.032702,Cancelled
851,260,38,567,2023-07-07 10:23:36.031706,2024-05-23 10:23:36.032702,Pending
852,51,12,798,2024-04-04 10:23:36.031706,2024-06-16 10:23:36.032702,Completed
853,116,4,629,2023-07-30 10:23:36.031706,2024-05-24 10:23:36.032702,Cancelled
854,193,37,281,2024-04-03 10:23:36.031706,2024-06-01 10:23:36.032702,Cancelled
855,97,25,985,2023-07-23 10:23:36.031706,2024-06-04 10:23:36.032702,Pending
856,329,1,141,2023-12-01 10:23:36.031706,2024-05-25 10:23:36.032702,Pending
857,286,46,103,2024-01-03 10:23:36.031706,2024-06-10 10:23:36.032702,Cancelled
858,474,31,998,2024-04-17 10:23:36.031706,2024-05-29 10:23:36.032702,Completed
859,280,13,73,2023-08-05 10:23:36.031706,2024-05-25 10:23:36.032702,Cancelled
860,280,33,39,2023-08-24 10:23:36.031706,2024-06-08 10:23:36.032702,Cancelled
861,374,1,89,2023-09-21 10:23:36.031706,2024-05-29 10:23:36.032702,Completed
862,384,32,978,2023-10-16 10:23:36.031706,2024-06-06 10:23:36.032702,Completed
863,289,46,45,2024-02-04 10:23:36.031706,2024-05-30 10:23:36.032702,Cancelled
864,338,42,342,2023-11-26 10:23:36.031706,2024-06-01 10:23:36.032702,Completed
865,352,5,260,2024-04-12 10:23:36.031706,2024-06-16 10:23:36.032702,Pending
866,214,31,204,2023-06-23 10:23:36.031706,2024-06-02 10:23:36.032702,Completed
867,53,42,308,2023-12-19 10:23:36.031706,2024-06-15 10:23:36.032702,Cancelled
868,397,4,206,2023-09-06 10:23:36.031706,2024-05-23 10:23:36.032702,Completed
869,275,41,314,2023-12-20 10:23:36.031706,2024-06-15 10:23:36.032702,Cancelled
870,253,6,39,2023-10-13 10:23:36.031706,2024-06-19 10:23:36.032702,Cancelled
871,329,30,303,2023-06-17 10:23:36.031706,2024-06-08 10:23:36.032702,Completed
872,267,31,270,2023-08-19 10:23:36.031706,2024-05-30 10:23:36.032702,Cancelled
873,300,4,917,2023-12-13 10:23:36.031706,2024-06-19 10:23:36.032702,Completed
874,467,11,938,2024-02-09 10:23:36.031706,2024-05-26 10:23:36.032702,Completed
875,452,17,262,2023-10-22 10:23:36.031706,2024-06-18 10:23:36.032702,Completed
876,276,42,215,2023-10-29 10:23:36.031706,2024-06-13 10:23:36.032702,Cancelled
877,499,37,56,2024-01-14 10:23:36.031706,2024-06-18 10:23:36.032702,Completed
878,423,21,867,2023-07-07 10:23:36.031706,2024-06-07 10:23:36.032702,Cancelled
879,207,7,771,2023-09-01 10:23:36.031706,2024-06-10 10:23:36.032702,Cancelled
880,317,35,755,2023-10-02 10:23:36.031706,2024-06-12 10:23:36.032702,Cancelled
881,414,28,306,2023-06-13 10:23:36.031706,2024-05-25 10:23:36.032702,Pending
882,162,17,707,2023-08-15 10:23:36.031706,2024-06-13 10:23:36.032702,Pending
883,121,49,241,2024-02-19 10:23:36.031706,2024-05-23 10:23:36.032702,Pending
884,273,11,320,2024-05-12 10:23:36.031706,2024-06-20 10:23:36.032702,Pending
885,188,3,749,2023-07-05 10:23:36.031706,2024-06-05 10:23:36.032702,Completed
886,276,9,437,2023-05-27 10:23:36.031706,2024-06-16 10:23:36.032702,Pending
887,373,4,365,2023-08-31 10:23:36.031706,2024-06-05 10:23:36.032702,Completed
888,181,14,888,2024-02-16 10:23:36.031706,2024-06-17 10:23:36.032702,Pending
889,227,38,690,2023-07-31 10:23:36.031706,2024-06-15 10:23:36.032702,Completed
890,480,9,651,2023-09-09 10:23:36.031706,2024-05-25 10:23:36.032702,Completed
891,1,19,227,2024-02-02 10:23:36.031706,2024-05-25 10:23:36.032702,Completed
892,18,9,832,2023-06-18 10:23:36.031706,2024-06-16 10:23:36.032702,Cancelled
893,143,13,989,2023-09-25 10:23:36.031706,2024-06-10 10:23:36.032702,Pending
894,9,30,979,2024-01-05 10:23:36.031706,2024-06-10 10:23:36.032702,Completed
895,68,7,735,2023-06-30 10:23:36.031706,2024-06-16 10:23:36.032702,Completed
896,446,40,821,2023-08-23 10:23:36.031706,2024-06-18 10:23:36.032702,Cancelled
897,4,32,85,2023-07-12 10:23:36.031706,2024-05-25 10:23:36.032702,Pending
898,493,19,14,2023-10-12 10:23:36.031706,2024-06-17 10:23:36.032702,Pending
899,108,8,492,2023-08-06 10:23:36.031706,2024-06-08 10:23:36.032702,Pending
900,158,44,797,2023-07-06 10:23:36.031706,2024-05-23 10:23:36.032702,Completed
301,330,25,386,2024-04-09 10:23:36.031706,2024-06-02 10:23:36.032702,Pending
302,451,37,461,2023-08-20 10:23:36.031706,2024-05-26 10:23:36.032702,Completed
303,270,25,789,2023-10-06 10:23:36.031706,2024-06-19 10:23:36.032702,Pending
304,1,41,718,2023-06-10 10:23:36.031706,2024-06-08 10:23:36.032702,Pending
305,469,45,278,2023-06-13 10:23:36.031706,2024-05-23 10:23:36.032702,Completed
306,340,12,573,2024-04-07 10:23:36.031706,2024-06-09 10:23:36.032702,Pending
307,216,15,298,2023-09-02 10:23:36.031706,2024-05-27 10:23:36.032702,Pending
308,211,10,531,2023-11-02 10:23:36.031706,2024-05-30 10:23:36.032702,Completed
309,438,6,732,2024-02-12 10:23:36.031706,2024-05-27 10:23:36.032702,Completed
310,349,24,140,2023-09-13 10:23:36.031706,2024-06-07 10:23:36.032702,Cancelled
311,215,40,454,2023-12-11 10:23:36.031706,2024-06-06 10:23:36.032702,Pending
312,470,37,369,2023-07-18 10:23:36.031706,2024-06-20 10:23:36.032702,Pending
313,242,11,953,2023-07-17 10:23:36.031706,2024-06-01 10:23:36.032702,Cancelled
314,385,31,781,2023-09-03 10:23:36.031706,2024-06-19 10:23:36.032702,Completed
315,176,21,171,2024-04-23 10:23:36.031706,2024-06-05 10:23:36.032702,Pending
316,403,3,415,2023-06-15 10:23:36.031706,2024-05-26 10:23:36.032702,Pending
317,454,18,840,2023-11-19 10:23:36.031706,2024-05-24 10:23:36.032702,Cancelled
318,419,41,967,2023-10-31 10:23:36.031706,2024-06-01 10:23:36.032702,Pending
319,289,11,281,2024-03-07 10:23:36.031706,2024-06-13 10:23:36.032702,Completed
320,213,33,545,2023-10-16 10:23:36.031706,2024-06-07 10:23:36.032702,Completed
321,128,35,303,2023-11-14 10:23:36.031706,2024-06-04 10:23:36.032702,Pending
322,383,13,20,2023-11-06 10:23:36.031706,2024-05-26 10:23:36.032702,Completed
323,456,4,531,2023-11-13 10:23:36.031706,2024-05-30 10:23:36.032702,Pending
324,42,16,50,2024-05-15 10:23:36.031706,2024-05-25 10:23:36.032702,Completed
325,300,28,139,2023-12-28 10:23:36.031706,2024-06-01 10:23:36.032702,Completed
326,272,39,116,2023-11-27 10:23:36.031706,2024-05-23 10:23:36.032702,Completed
327,129,6,966,2023-11-24 10:23:36.031706,2024-05-26 10:23:36.032702,Completed
328,3,17,716,2023-12-16 10:23:36.031706,2024-06-06 10:23:36.032702,Pending
329,372,20,753,2023-10-06 10:23:36.031706,2024-06-18 10:23:36.032702,Pending
330,4,29,828,2023-08-08 10:23:36.031706,2024-06-17 10:23:36.032702,Pending
331,262,49,695,2024-04-07 10:23:36.031706,2024-05-30 10:23:36.032702,Pending
332,260,42,521,2024-02-01 10:23:36.031706,2024-06-14 10:23:36.032702,Cancelled
333,188,10,64,2023-10-07 10:23:36.031706,2024-06-02 10:23:36.032702,Cancelled
334,103,42,56,2023-10-22 10:23:36.031706,2024-06-20 10:23:36.032702,Pending
335,403,47,296,2023-10-08 10:23:36.031706,2024-06-04 10:23:36.032702,Completed
336,205,24,667,2023-12-26 10:23:36.031706,2024-05-31 10:23:36.032702,Cancelled
337,54,24,797,2024-02-28 10:23:36.031706,2024-06-19 10:23:36.032702,Cancelled
338,214,2,65,2023-10-17 10:23:36.031706,2024-06-19 10:23:36.032702,Completed
339,293,7,860,2023-10-22 10:23:36.031706,2024-05-30 10:23:36.032702,Pending
340,131,8,44,2024-03-11 10:23:36.031706,2024-06-10 10:23:36.032702,Completed
341,269,24,437,2023-07-26 10:23:36.031706,2024-06-17 10:23:36.032702,Pending
342,283,44,82,2023-07-20 10:23:36.031706,2024-06-15 10:23:36.032702,Completed
343,306,45,330,2024-04-07 10:23:36.031706,2024-06-20 10:23:36.032702,Completed
344,496,24,938,2024-03-09 10:23:36.031706,2024-05-30 10:23:36.032702,Cancelled
345,199,41,350,2024-02-05 10:23:36.031706,2024-06-07 10:23:36.032702,Completed
346,102,47,804,2023-12-18 10:23:36.031706,2024-06-01 10:23:36.032702,Pending
347,277,3,654,2023-09-21 10:23:36.031706,2024-06-04 10:23:36.032702,Completed
348,279,27,914,2023-08-27 10:23:36.031706,2024-06-19 10:23:36.032702,Pending
349,90,29,316,2023-12-02 10:23:36.031706,2024-05-27 10:23:36.032702,Completed
350,280,34,717,2024-04-18 10:23:36.031706,2024-06-01 10:23:36.032702,Cancelled
351,242,28,661,2023-07-24 10:23:36.031706,2024-06-14 10:23:36.032702,Pending
352,495,1,771,2023-11-11 10:23:36.031706,2024-06-06 10:23:36.032702,Pending
353,289,29,552,2024-04-06 10:23:36.031706,2024-06-15 10:23:36.032702,Completed
354,388,17,733,2024-05-18 10:23:36.031706,2024-05-26 10:23:36.032702,Cancelled
355,200,46,74,2023-10-25 10:23:36.031706,2024-06-08 10:23:36.032702,Cancelled
356,70,40,658,2023-06-29 10:23:36.031706,2024-06-18 10:23:36.032702,Cancelled
357,432,4,362,2024-01-03 10:23:36.031706,2024-06-20 10:23:36.032702,Pending
358,60,8,9,2023-10-22 10:23:36.031706,2024-06-12 10:23:36.032702,Pending
359,115,43,109,2024-02-22 10:23:36.031706,2024-06-11 10:23:36.032702,Cancelled
360,392,17,796,2023-08-11 10:23:36.031706,2024-06-16 10:23:36.032702,Cancelled
361,475,19,152,2023-09-28 10:23:36.031706,2024-06-05 10:23:36.032702,Pending
362,51,27,363,2023-05-24 10:23:36.031706,2024-05-23 10:23:36.032702,Completed
363,255,9,851,2023-08-05 10:23:36.031706,2024-05-28 10:23:36.032702,Cancelled
364,394,31,125,2024-03-12 10:23:36.031706,2024-05-26 10:23:36.032702,Completed
365,401,10,314,2024-02-09 10:23:36.031706,2024-05-23 10:23:36.032702,Completed
366,308,6,732,2024-02-16 10:23:36.031706,2024-05-29 10:23:36.032702,Pending
367,343,40,397,2023-11-08 10:23:36.031706,2024-05-27 10:23:36.032702,Cancelled
368,27,16,812,2023-12-25 10:23:36.031706,2024-05-23 10:23:36.032702,Cancelled
369,195,43,629,2023-08-12 10:23:36.031706,2024-06-06 10:23:36.032702,Pending
624,18,46,783,2024-02-15 10:23:36.031706,2024-06-01 10:23:36.032702,Pending
625,179,27,485,2024-04-16 10:23:36.031706,2024-06-20 10:23:36.032702,Pending
626,458,1,458,2023-09-21 10:23:36.031706,2024-06-18 10:23:36.032702,Completed
627,433,23,483,2023-06-09 10:23:36.031706,2024-06-16 10:23:36.032702,Pending
628,234,46,947,2023-11-15 10:23:36.031706,2024-05-27 10:23:36.032702,Completed
629,436,29,857,2024-02-20 10:23:36.031706,2024-05-28 10:23:36.032702,Cancelled
630,468,17,394,2024-05-15 10:23:36.031706,2024-05-27 10:23:36.032702,Cancelled
631,275,18,393,2023-06-11 10:23:36.031706,2024-05-24 10:23:36.032702,Completed
632,68,49,232,2023-09-13 10:23:36.031706,2024-06-14 10:23:36.032702,Pending
633,475,15,697,2023-06-12 10:23:36.031706,2024-06-10 10:23:36.032702,Pending
634,270,9,821,2024-03-29 10:23:36.031706,2024-05-30 10:23:36.032702,Cancelled
635,296,35,199,2023-11-01 10:23:36.031706,2024-06-18 10:23:36.032702,Pending
636,229,30,132,2023-10-10 10:23:36.031706,2024-06-12 10:23:36.032702,Cancelled
637,375,16,894,2023-08-28 10:23:36.031706,2024-05-25 10:23:36.032702,Pending
638,439,40,934,2023-06-19 10:23:36.031706,2024-06-04 10:23:36.032702,Completed
639,218,14,509,2023-06-10 10:23:36.031706,2024-06-08 10:23:36.032702,Completed
640,320,32,549,2024-04-08 10:23:36.031706,2024-05-22 10:23:36.032702,Completed
641,267,29,121,2024-03-21 10:23:36.031706,2024-05-22 10:23:36.032702,Pending
642,455,29,197,2024-03-09 10:23:36.031706,2024-06-03 10:23:36.032702,Cancelled
643,241,33,361,2023-11-01 10:23:36.031706,2024-05-25 10:23:36.032702,Completed
644,114,15,415,2023-10-29 10:23:36.031706,2024-05-22 10:23:36.032702,Pending
645,45,37,502,2023-06-01 10:23:36.031706,2024-05-27 10:23:36.032702,Cancelled
646,154,2,221,2023-07-24 10:23:36.031706,2024-06-11 10:23:36.032702,Cancelled
647,207,25,971,2024-03-30 10:23:36.031706,2024-06-06 10:23:36.032702,Cancelled
648,78,7,124,2024-02-25 10:23:36.031706,2024-06-05 10:23:36.032702,Pending
649,6,4,695,2024-04-18 10:23:36.031706,2024-06-13 10:23:36.032702,Completed
650,262,40,602,2023-11-17 10:23:36.031706,2024-06-03 10:23:36.032702,Completed
651,380,13,903,2024-02-10 10:23:36.031706,2024-06-18 10:23:36.032702,Completed
652,69,31,369,2023-11-30 10:23:36.031706,2024-06-12 10:23:36.032702,Completed
653,144,14,258,2024-02-09 10:23:36.031706,2024-06-14 10:23:36.032702,Cancelled
654,268,13,610,2023-07-22 10:23:36.031706,2024-06-10 10:23:36.032702,Cancelled
655,344,38,620,2023-10-28 10:23:36.031706,2024-06-14 10:23:36.032702,Pending
656,246,31,960,2024-03-20 10:23:36.031706,2024-06-06 10:23:36.032702,Completed
657,378,46,621,2024-01-23 10:23:36.031706,2024-05-31 10:23:36.032702,Cancelled
658,150,37,474,2023-10-17 10:23:36.031706,2024-06-10 10:23:36.032702,Cancelled
659,383,33,385,2023-09-09 10:23:36.031706,2024-06-17 10:23:36.032702,Pending
660,399,19,840,2023-12-31 10:23:36.031706,2024-06-10 10:23:36.032702,Completed
661,299,9,152,2023-05-22 10:23:36.031706,2024-06-02 10:23:36.032702,Cancelled
662,399,40,863,2023-07-29 10:23:36.031706,2024-06-13 10:23:36.032702,Completed
663,275,12,647,2023-07-23 10:23:36.031706,2024-06-12 10:23:36.032702,Cancelled
664,95,10,473,2024-01-03 10:23:36.031706,2024-06-13 10:23:36.032702,Pending
665,442,27,934,2023-06-27 10:23:36.031706,2024-06-12 10:23:36.032702,Pending
666,219,2,438,2023-10-30 10:23:36.031706,2024-06-03 10:23:36.032702,Pending
667,125,50,908,2023-11-21 10:23:36.031706,2024-06-16 10:23:36.032702,Pending
668,358,49,23,2023-09-21 10:23:36.031706,2024-05-31 10:23:36.032702,Cancelled
669,323,30,827,2023-06-15 10:23:36.031706,2024-05-24 10:23:36.032702,Cancelled
670,415,42,867,2023-07-18 10:23:36.031706,2024-05-26 10:23:36.032702,Pending
671,111,42,348,2023-10-27 10:23:36.031706,2024-05-26 10:23:36.032702,Cancelled
672,40,38,151,2023-09-16 10:23:36.031706,2024-05-22 10:23:36.032702,Pending
673,313,21,393,2023-09-03 10:23:36.031706,2024-05-28 10:23:36.032702,Cancelled
674,259,20,478,2023-12-31 10:23:36.031706,2024-05-25 10:23:36.032702,Pending
675,400,34,694,2024-03-07 10:23:36.031706,2024-06-17 10:23:36.032702,Cancelled
676,307,37,786,2023-10-02 10:23:36.031706,2024-05-22 10:23:36.032702,Cancelled
677,347,9,48,2024-03-27 10:23:36.031706,2024-06-13 10:23:36.032702,Completed
678,136,29,683,2024-03-20 10:23:36.031706,2024-05-28 10:23:36.032702,Completed
679,325,43,448,2024-01-14 10:23:36.031706,2024-06-18 10:23:36.032702,Completed
680,266,3,48,2023-09-14 10:23:36.031706,2024-05-22 10:23:36.032702,Completed
681,135,14,228,2023-09-10 10:23:36.031706,2024-05-28 10:23:36.032702,Cancelled
682,95,41,136,2024-01-24 10:23:36.031706,2024-06-06 10:23:36.032702,Cancelled
683,35,3,547,2023-07-05 10:23:36.031706,2024-06-11 10:23:36.032702,Completed
684,69,24,217,2024-03-14 10:23:36.031706,2024-05-26 10:23:36.032702,Pending
685,56,24,767,2024-05-06 10:23:36.031706,2024-06-11 10:23:36.032702,Pending
686,228,24,558,2024-04-01 10:23:36.031706,2024-05-29 10:23:36.032702,Pending
687,227,48,574,2024-04-24 10:23:36.031706,2024-06-04 10:23:36.032702,Pending
688,351,47,370,2024-04-17 10:23:36.031706,2024-06-17 10:23:36.032702,Pending
689,246,12,551,2023-09-09 10:23:36.031706,2024-06-11 10:23:36.032702,Pending
690,161,35,997,2023-06-09 10:23:36.031706,2024-06-18 10:23:36.032702,Completed
691,77,20,851,2024-05-08 10:23:36.031706,2024-06-16 10:23:36.032702,Cancelled
692,485,14,627,2024-02-20 10:23:36.031706,2024-06-08 10:23:36.032702,Completed
693,12,27,706,2023-11-08 10:23:36.031706,2024-05-28 10:23:36.032702,Cancelled
694,487,22,586,2023-07-17 10:23:36.031706,2024-05-24 10:23:36.032702,Cancelled
695,142,15,130,2023-06-09 10:23:36.031706,2024-05-31 10:23:36.032702,Completed
696,63,40,903,2023-12-06 10:23:36.031706,2024-06-15 10:23:36.032702,Completed
697,220,20,64,2024-03-04 10:23:36.031706,2024-06-05 10:23:36.032702,Cancelled
698,5,16,90,2023-12-18 10:23:36.031706,2024-05-26 10:23:36.032702,Cancelled
699,46,27,119,2023-07-08 10:23:36.031706,2024-06-06 10:23:36.032702,Pending
700,8,48,108,2023-07-07 10:23:36.031706,2024-06-04 10:23:36.032702,Pending
101,287,36,854,2023-08-09 10:23:36.031706,2024-05-27 10:23:36.032702,Cancelled
102,198,10,776,2023-05-27 10:23:36.031706,2024-06-13 10:23:36.032702,Cancelled
103,274,42,709,2024-04-17 10:23:36.031706,2024-05-30 10:23:36.032702,Pending
104,43,8,269,2023-08-08 10:23:36.031706,2024-06-07 10:23:36.032702,Cancelled
105,106,2,842,2023-05-24 10:23:36.031706,2024-05-24 10:23:36.032702,Completed
106,371,16,606,2024-02-07 10:23:36.031706,2024-06-02 10:23:36.032702,Cancelled
107,363,49,683,2024-03-12 10:23:36.031706,2024-06-04 10:23:36.032702,Cancelled
108,106,49,200,2023-12-02 10:23:36.031706,2024-06-10 10:23:36.032702,Pending
109,453,16,260,2024-01-20 10:23:36.031706,2024-06-14 10:23:36.032702,Pending
110,426,38,618,2023-08-19 10:23:36.031706,2024-06-17 10:23:36.032702,Completed
111,72,42,724,2024-03-24 10:23:36.031706,2024-06-08 10:23:36.032702,Cancelled
112,92,32,612,2023-06-24 10:23:36.031706,2024-06-14 10:23:36.032702,Cancelled
113,309,37,613,2023-09-20 10:23:36.031706,2024-06-01 10:23:36.032702,Pending
114,127,8,586,2023-07-29 10:23:36.031706,2024-06-05 10:23:36.032702,Completed
115,58,10,653,2023-05-28 10:23:36.031706,2024-06-13 10:23:36.032702,Completed
116,336,7,765,2024-02-04 10:23:36.031706,2024-05-22 10:23:36.032702,Pending
117,284,2,150,2024-01-27 10:23:36.031706,2024-06-15 10:23:36.032702,Pending
118,28,50,525,2023-12-09 10:23:36.031706,2024-05-23 10:23:36.032702,Cancelled
119,376,31,454,2023-11-23 10:23:36.031706,2024-06-11 10:23:36.032702,Completed
120,496,31,481,2024-01-06 10:23:36.031706,2024-06-11 10:23:36.032702,Completed
121,275,31,954,2023-09-07 10:23:36.031706,2024-05-27 10:23:36.032702,Pending
122,323,30,56,2023-06-08 10:23:36.031706,2024-06-11 10:23:36.032702,Pending
123,37,12,571,2023-10-18 10:23:36.031706,2024-06-05 10:23:36.032702,Pending
124,336,2,140,2024-01-01 10:23:36.031706,2024-06-16 10:23:36.032702,Completed
125,126,4,768,2024-04-24 10:23:36.031706,2024-06-11 10:23:36.032702,Pending
126,99,39,576,2024-04-19 10:23:36.031706,2024-05-26 10:23:36.032702,Completed
127,291,7,957,2023-11-13 10:23:36.031706,2024-05-22 10:23:36.032702,Pending
128,476,43,895,2023-11-27 10:23:36.031706,2024-06-03 10:23:36.032702,Completed
129,179,24,875,2023-10-03 10:23:36.031706,2024-05-28 10:23:36.032702,Pending
130,336,33,326,2023-09-16 10:23:36.031706,2024-06-11 10:23:36.032702,Completed
131,118,10,87,2023-09-08 10:23:36.031706,2024-05-31 10:23:36.032702,Cancelled
132,143,20,764,2023-08-26 10:23:36.031706,2024-06-01 10:23:36.032702,Cancelled
133,35,24,67,2024-03-20 10:23:36.031706,2024-06-09 10:23:36.032702,Completed
134,97,9,926,2023-09-24 10:23:36.031706,2024-05-24 10:23:36.032702,Cancelled
135,243,12,329,2023-05-24 10:23:36.031706,2024-05-25 10:23:36.032702,Cancelled
136,165,21,622,2023-08-23 10:23:36.031706,2024-05-27 10:23:36.032702,Cancelled
137,330,49,590,2023-06-09 10:23:36.031706,2024-05-29 10:23:36.032702,Completed
138,347,47,626,2023-08-23 10:23:36.031706,2024-06-07 10:23:36.032702,Completed
139,77,48,21,2023-12-24 10:23:36.031706,2024-06-13 10:23:36.032702,Cancelled
140,284,12,978,2023-10-03 10:23:36.031706,2024-06-15 10:23:36.032702,Completed
141,404,34,768,2023-07-09 10:23:36.031706,2024-06-17 10:23:36.032702,Cancelled
142,480,11,936,2023-11-15 10:23:36.031706,2024-06-11 10:23:36.032702,Completed
143,85,11,752,2023-06-12 10:23:36.031706,2024-06-15 10:23:36.032702,Completed
144,157,9,450,2023-06-02 10:23:36.031706,2024-05-26 10:23:36.032702,Cancelled
145,393,48,724,2024-04-18 10:23:36.031706,2024-06-18 10:23:36.032702,Completed
146,357,22,775,2024-02-15 10:23:36.031706,2024-06-10 10:23:36.032702,Cancelled
147,321,31,609,2023-09-30 10:23:36.031706,2024-06-12 10:23:36.032702,Completed
148,139,35,851,2024-04-07 10:23:36.031706,2024-06-04 10:23:36.032702,Pending
149,180,44,767,2024-04-10 10:23:36.031706,2024-06-16 10:23:36.032702,Pending
150,340,45,123,2023-11-03 10:23:36.031706,2024-06-01 10:23:36.032702,Cancelled
151,166,22,849,2024-02-20 10:23:36.031706,2024-06-05 10:23:36.032702,Pending
152,240,39,199,2023-12-26 10:23:36.031706,2024-06-06 10:23:36.032702,Completed
153,223,31,613,2024-04-12 10:23:36.031706,2024-06-18 10:23:36.032702,Cancelled
154,388,42,145,2024-03-27 10:23:36.031706,2024-06-14 10:23:36.032702,Completed
155,244,37,597,2024-02-27 10:23:36.031706,2024-05-26 10:23:36.032702,Pending
156,55,20,356,2024-01-01 10:23:36.031706,2024-05-30 10:23:36.032702,Cancelled
157,323,47,865,2024-03-25 10:23:36.031706,2024-05-27 10:23:36.032702,Cancelled
158,41,29,456,2023-05-31 10:23:36.031706,2024-06-12 10:23:36.032702,Cancelled
159,141,27,440,2024-03-07 10:23:36.031706,2024-06-09 10:23:36.032702,Pending
160,414,33,938,2023-09-10 10:23:36.031706,2024-06-17 10:23:36.032702,Cancelled
161,446,36,343,2024-03-05 10:23:36.031706,2024-06-01 10:23:36.032702,Pending
162,99,2,703,2024-02-07 10:23:36.031706,2024-06-16 10:23:36.032702,Completed
163,367,6,28,2023-08-29 10:23:36.031706,2024-05-31 10:23:36.032702,Completed
164,314,23,592,2023-07-05 10:23:36.031706,2024-05-28 10:23:36.032702,Pending
165,364,44,319,2024-05-10 10:23:36.031706,2024-05-24 10:23:36.032702,Cancelled
166,447,44,417,2023-12-23 10:23:36.031706,2024-06-04 10:23:36.032702,Pending
167,425,13,912,2023-10-21 10:23:36.031706,2024-06-02 10:23:36.032702,Cancelled
168,316,27,59,2023-06-07 10:23:36.031706,2024-05-27 10:23:36.032702,Completed
169,407,50,276,2023-08-18 10:23:36.031706,2024-06-03 10:23:36.032702,Pending
170,290,2,21,2024-03-15 10:23:36.031706,2024-06-19 10:23:36.032702,Cancelled
171,385,20,597,2023-09-22 10:23:36.031706,2024-06-03 10:23:36.032702,Completed
172,107,39,757,2023-11-26 10:23:36.031706,2024-06-17 10:23:36.032702,Pending
173,19,49,486,2023-10-19 10:23:36.031706,2024-06-19 10:23:36.032702,Pending
174,131,10,807,2023-10-07 10:23:36.031706,2024-06-09 10:23:36.032702,Completed
175,447,22,325,2023-06-26 10:23:36.031706,2024-05-29 10:23:36.032702,Cancelled
176,270,45,531,2024-05-11 10:23:36.031706,2024-05-22 10:23:36.032702,Completed
177,327,39,942,2023-12-24 10:23:36.031706,2024-05-22 10:23:36.032702,Pending
178,75,15,676,2024-02-15 10:23:36.031706,2024-06-20 10:23:36.032702,Cancelled
179,197,9,703,2024-04-19 10:23:36.031706,2024-06-08 10:23:36.032702,Pending
180,446,15,818,2024-05-10 10:23:36.031706,2024-06-11 10:23:36.032702,Pending
181,295,46,350,2024-01-24 10:23:36.031706,2024-06-10 10:23:36.032702,Completed
182,429,35,776,2023-08-29 10:23:36.031706,2024-06-11 10:23:36.032702,Completed
183,67,46,113,2023-06-26 10:23:36.031706,2024-05-29 10:23:36.032702,Completed
184,251,24,105,2023-12-02 10:23:36.031706,2024-06-20 10:23:36.032702,Completed
185,46,33,321,2023-10-24 10:23:36.031706,2024-05-24 10:23:36.032702,Completed
186,182,5,368,2023-07-30 10:23:36.031706,2024-06-05 10:23:36.032702,Completed
187,6,26,970,2023-11-28 10:23:36.031706,2024-05-28 10:23:36.032702,Pending
188,120,9,397,2023-06-21 10:23:36.031706,2024-05-30 10:23:36.032702,Pending
189,483,30,208,2023-06-26 10:23:36.031706,2024-06-13 10:23:36.032702,Pending
190,491,45,575,2023-12-06 10:23:36.031706,2024-06-18 10:23:36.032702,Cancelled
191,343,28,106,2023-09-16 10:23:36.031706,2024-05-27 10:23:36.032702,Completed
192,379,20,442,2023-07-23 10:23:36.031706,2024-05-23 10:23:36.032702,Pending
193,71,17,693,2023-06-16 10:23:36.031706,2024-06-03 10:23:36.032702,Completed
194,80,2,613,2023-05-31 10:23:36.031706,2024-06-10 10:23:36.032702,Completed
195,284,23,173,2023-08-24 10:23:36.031706,2024-06-04 10:23:36.032702,Pending
196,283,45,34,2023-08-15 10:23:36.031706,2024-06-10 10:23:36.032702,Pending
197,437,45,964,2023-10-07 10:23:36.031706,2024-05-30 10:23:36.032702,Cancelled
198,74,45,596,2023-09-30 10:23:36.031706,2024-05-26 10:23:36.032702,Completed
199,367,5,745,2023-12-18 10:23:36.031706,2024-05-24 10:23:36.032702,Pending
200,470,17,948,2023-08-05 10:23:36.031706,2024-06-02 10:23:36.032702,Pending
501,431,29,108,2023-08-28 10:23:36.031706,2024-06-06 10:23:36.032702,Pending
502,388,18,120,2023-11-28 10:23:36.031706,2024-06-16 10:23:36.032702,Pending
503,229,35,541,2024-02-23 10:23:36.031706,2024-06-04 10:23:36.032702,Cancelled
504,61,9,573,2023-05-24 10:23:36.031706,2024-06-14 10:23:36.032702,Completed
505,260,34,526,2023-12-18 10:23:36.031706,2024-06-16 10:23:36.032702,Pending
506,158,37,673,2024-05-07 10:23:36.031706,2024-06-20 10:23:36.032702,Completed
507,5,36,328,2024-03-22 10:23:36.031706,2024-05-31 10:23:36.032702,Cancelled
508,338,42,882,2024-01-29 10:23:36.031706,2024-06-19 10:23:36.032702,Cancelled
509,190,6,864,2024-03-17 10:23:36.031706,2024-06-12 10:23:36.032702,Completed
510,51,30,591,2023-06-01 10:23:36.031706,2024-06-10 10:23:36.032702,Pending
511,181,17,509,2024-03-10 10:23:36.031706,2024-05-26 10:23:36.032702,Cancelled
512,431,5,555,2023-06-04 10:23:36.031706,2024-06-02 10:23:36.032702,Pending
513,94,23,156,2024-01-26 10:23:36.031706,2024-06-12 10:23:36.032702,Cancelled
514,132,16,224,2023-12-16 10:23:36.031706,2024-05-25 10:23:36.032702,Cancelled
515,135,21,501,2024-03-18 10:23:36.031706,2024-06-17 10:23:36.032702,Cancelled
516,480,30,496,2024-02-04 10:23:36.031706,2024-06-02 10:23:36.032702,Cancelled
517,172,35,182,2024-03-16 10:23:36.031706,2024-06-07 10:23:36.032702,Cancelled
518,92,30,95,2024-04-11 10:23:36.031706,2024-05-28 10:23:36.032702,Cancelled
519,212,41,2,2023-10-17 10:23:36.031706,2024-06-06 10:23:36.032702,Cancelled
520,210,17,684,2023-06-03 10:23:36.031706,2024-06-05 10:23:36.032702,Pending
521,377,33,417,2024-03-25 10:23:36.031706,2024-06-19 10:23:36.032702,Pending
522,183,4,171,2024-04-12 10:23:36.031706,2024-06-03 10:23:36.032702,Cancelled
523,201,11,746,2024-05-12 10:23:36.031706,2024-06-06 10:23:36.032702,Pending
524,226,7,470,2023-09-17 10:23:36.031706,2024-05-30 10:23:36.032702,Cancelled
525,286,30,939,2023-10-14 10:23:36.031706,2024-06-09 10:23:36.032702,Pending
526,490,38,347,2024-04-30 10:23:36.031706,2024-06-10 10:23:36.032702,Pending
527,344,41,777,2024-02-11 10:23:36.031706,2024-06-04 10:23:36.032702,Completed
528,408,38,49,2024-03-27 10:23:36.031706,2024-05-24 10:23:36.032702,Cancelled
529,361,34,764,2024-05-05 10:23:36.031706,2024-06-15 10:23:36.032702,Pending
530,403,23,51,2023-06-19 10:23:36.031706,2024-06-04 10:23:36.032702,Cancelled
531,278,15,188,2023-09-02 10:23:36.031706,2024-06-16 10:23:36.032702,Cancelled
532,429,31,227,2023-07-23 10:23:36.031706,2024-06-02 10:23:36.032702,Completed
533,99,23,903,2024-04-21 10:23:36.031706,2024-06-10 10:23:36.032702,Pending
534,401,11,200,2023-09-24 10:23:36.031706,2024-05-27 10:23:36.032702,Cancelled
535,370,44,159,2024-03-22 10:23:36.031706,2024-06-04 10:23:36.032702,Pending
536,237,15,570,2024-01-13 10:23:36.031706,2024-06-11 10:23:36.032702,Cancelled
537,5,40,645,2024-04-29 10:23:36.031706,2024-06-04 10:23:36.032702,Cancelled
538,211,34,849,2024-04-18 10:23:36.031706,2024-05-24 10:23:36.032702,Cancelled
539,68,46,477,2023-12-19 10:23:36.031706,2024-05-23 10:23:36.032702,Cancelled
540,447,47,834,2023-06-15 10:23:36.031706,2024-06-07 10:23:36.032702,Completed
541,316,36,481,2024-05-16 10:23:36.031706,2024-06-01 10:23:36.032702,Cancelled
542,267,46,99,2024-04-02 10:23:36.031706,2024-06-05 10:23:36.032702,Cancelled
543,158,50,79,2024-03-19 10:23:36.031706,2024-06-12 10:23:36.032702,Completed
544,244,30,657,2023-07-18 10:23:36.031706,2024-05-29 10:23:36.032702,Pending
545,126,31,548,2024-02-06 10:23:36.031706,2024-06-11 10:23:36.032702,Completed
546,430,26,148,2023-07-26 10:23:36.031706,2024-06-12 10:23:36.032702,Cancelled
547,24,43,365,2024-02-09 10:23:36.031706,2024-06-13 10:23:36.032702,Cancelled
548,50,43,404,2024-02-17 10:23:36.031706,2024-05-26 10:23:36.032702,Cancelled
549,82,4,368,2023-06-13 10:23:36.031706,2024-06-20 10:23:36.032702,Pending
550,108,46,584,2023-11-24 10:23:36.031706,2024-06-06 10:23:36.032702,Completed
551,128,49,460,2024-05-07 10:23:36.031706,2024-06-07 10:23:36.032702,Completed
552,420,1,995,2024-04-05 10:23:36.031706,2024-06-11 10:23:36.032702,Completed
553,49,29,984,2024-03-08 10:23:36.031706,2024-06-11 10:23:36.032702,Completed
554,373,49,528,2023-12-31 10:23:36.031706,2024-06-07 10:23:36.032702,Pending
555,130,6,975,2023-07-30 10:23:36.031706,2024-05-24 10:23:36.032702,Cancelled
556,181,15,471,2023-11-25 10:23:36.031706,2024-05-31 10:23:36.032702,Cancelled
557,279,2,483,2023-11-23 10:23:36.031706,2024-06-05 10:23:36.032702,Completed
558,406,22,852,2024-02-29 10:23:36.031706,2024-06-04 10:23:36.032702,Completed
559,173,30,934,2023-09-08 10:23:36.031706,2024-05-24 10:23:36.032702,Completed
560,206,32,148,2023-07-13 10:23:36.031706,2024-06-20 10:23:36.032702,Cancelled
561,176,36,120,2024-01-19 10:23:36.031706,2024-06-16 10:23:36.032702,Pending
562,340,21,413,2023-09-06 10:23:36.031706,2024-06-06 10:23:36.032702,Cancelled
563,303,22,949,2023-08-04 10:23:36.031706,2024-05-31 10:23:36.032702,Pending
564,289,11,947,2024-04-17 10:23:36.031706,2024-05-26 10:23:36.032702,Pending
565,325,9,501,2024-04-01 10:23:36.031706,2024-05-26 10:23:36.032702,Completed
566,270,7,840,2023-07-30 10:23:36.031706,2024-06-12 10:23:36.032702,Completed
567,490,28,624,2024-05-14 10:23:36.031706,2024-06-19 10:23:36.032702,Cancelled
568,143,43,869,2023-08-25 10:23:36.031706,2024-05-31 10:23:36.032702,Completed
569,163,19,262,2024-01-31 10:23:36.031706,2024-06-17 10:23:36.032702,Completed
570,256,21,594,2024-02-13 10:23:36.031706,2024-05-29 10:23:36.032702,Pending
571,388,15,209,2023-12-29 10:23:36.031706,2024-06-07 10:23:36.032702,Completed
572,224,44,453,2024-02-24 10:23:36.031706,2024-06-04 10:23:36.032702,Pending
573,40,7,411,2023-08-20 10:23:36.031706,2024-05-31 10:23:36.032702,Completed
574,307,1,599,2024-05-19 10:23:36.031706,2024-06-09 10:23:36.032702,Pending
575,232,33,997,2024-04-01 10:23:36.031706,2024-05-23 10:23:36.032702,Cancelled
576,479,8,528,2024-02-02 10:23:36.031706,2024-06-08 10:23:36.032702,Pending
577,435,45,160,2023-09-06 10:23:36.031706,2024-05-24 10:23:36.032702,Cancelled
578,321,33,339,2023-05-25 10:23:36.031706,2024-06-20 10:23:36.032702,Pending
579,465,49,791,2023-09-21 10:23:36.031706,2024-05-23 10:23:36.032702,Cancelled
580,211,7,221,2023-11-16 10:23:36.031706,2024-06-07 10:23:36.032702,Completed
581,307,7,648,2023-05-30 10:23:36.031706,2024-05-25 10:23:36.032702,Pending
582,203,41,587,2023-07-25 10:23:36.031706,2024-06-07 10:23:36.032702,Pending
583,454,44,485,2024-02-17 10:23:36.031706,2024-06-04 10:23:36.032702,Pending
584,40,45,714,2023-10-09 10:23:36.031706,2024-06-04 10:23:36.032702,Pending
585,172,35,845,2023-06-12 10:23:36.031706,2024-05-25 10:23:36.032702,Completed
586,157,47,601,2024-03-28 10:23:36.031706,2024-06-05 10:23:36.032702,Completed
587,327,32,627,2024-02-19 10:23:36.031706,2024-06-12 10:23:36.032702,Pending
588,356,23,552,2023-11-22 10:23:36.031706,2024-06-14 10:23:36.032702,Cancelled
589,303,22,957,2023-11-09 10:23:36.031706,2024-06-09 10:23:36.032702,Cancelled
590,198,42,858,2023-10-17 10:23:36.031706,2024-06-17 10:23:36.032702,Pending
591,444,20,781,2024-02-02 10:23:36.031706,2024-05-30 10:23:36.032702,Pending
592,391,12,623,2023-09-01 10:23:36.031706,2024-06-02 10:23:36.032702,Completed
593,470,22,322,2024-01-26 10:23:36.031706,2024-05-30 10:23:36.032702,Completed
594,374,1,349,2023-10-26 10:23:36.031706,2024-06-09 10:23:36.032702,Pending
595,261,25,957,2024-03-25 10:23:36.031706,2024-05-24 10:23:36.032702,Cancelled
596,226,37,868,2023-12-13 10:23:36.031706,2024-06-15 10:23:36.032702,Cancelled
597,84,36,806,2024-03-19 10:23:36.031706,2024-06-07 10:23:36.032702,Completed
598,428,14,554,2023-09-26 10:23:36.031706,2024-05-22 10:23:36.032702,Completed
599,63,47,256,2024-03-26 10:23:36.031706,2024-05-25 10:23:36.032702,Pending
600,118,29,370,2023-08-29 10:23:36.031706,2024-06-14 10:23:36.032702,Pending
901,386,5,806,2024-04-21 10:23:36.031706,2024-06-07 10:23:36.032702,Completed
902,472,1,233,2023-08-28 10:23:36.031706,2024-05-25 10:23:36.032702,Cancelled
903,412,47,334,2024-02-09 10:23:36.031706,2024-05-27 10:23:36.032702,Completed
904,460,36,372,2023-11-17 10:23:36.031706,2024-06-11 10:23:36.032702,Pending
905,256,30,825,2023-09-28 10:23:36.031706,2024-05-25 10:23:36.032702,Cancelled
906,286,15,78,2024-03-07 10:23:36.031706,2024-06-18 10:23:36.032702,Pending
907,286,35,833,2024-01-19 10:23:36.031706,2024-05-28 10:23:36.032702,Completed
908,48,40,120,2024-03-05 10:23:36.031706,2024-06-20 10:23:36.032702,Cancelled
909,231,24,608,2023-06-06 10:23:36.031706,2024-06-02 10:23:36.032702,Cancelled
910,79,7,793,2023-12-20 10:23:36.031706,2024-05-27 10:23:36.032702,Completed
911,133,8,260,2023-10-12 10:23:36.031706,2024-06-14 10:23:36.032702,Completed
912,445,14,877,2023-10-24 10:23:36.031706,2024-05-31 10:23:36.032702,Completed
913,125,23,823,2023-12-10 10:23:36.031706,2024-06-13 10:23:36.032702,Completed
914,129,12,444,2024-04-19 10:23:36.031706,2024-06-05 10:23:36.032702,Completed
915,151,9,522,2023-07-02 10:23:36.031706,2024-06-15 10:23:36.032702,Completed
916,286,35,647,2024-02-07 10:23:36.031706,2024-06-07 10:23:36.032702,Completed
917,285,30,280,2023-10-23 10:23:36.031706,2024-06-06 10:23:36.032702,Completed
918,109,36,42,2024-01-06 10:23:36.031706,2024-06-14 10:23:36.032702,Completed
919,39,31,828,2023-12-27 10:23:36.031706,2024-06-18 10:23:36.032702,Completed
920,163,5,961,2023-06-26 10:23:36.031706,2024-05-25 10:23:36.032702,Completed
921,242,42,979,2024-02-29 10:23:36.031706,2024-05-26 10:23:36.032702,Pending
922,245,16,88,2024-01-11 10:23:36.031706,2024-06-11 10:23:36.032702,Pending
923,450,21,889,2023-06-05 10:23:36.031706,2024-06-02 10:23:36.032702,Completed
924,352,28,31,2023-07-19 10:23:36.031706,2024-06-01 10:23:36.032702,Pending
925,410,10,773,2024-01-22 10:23:36.031706,2024-06-17 10:23:36.032702,Completed
926,48,50,653,2023-10-27 10:23:36.031706,2024-05-26 10:23:36.032702,Cancelled
927,322,49,232,2024-01-20 10:23:36.031706,2024-05-25 10:23:36.032702,Pending
928,19,31,876,2024-03-24 10:23:36.031706,2024-06-18 10:23:36.032702,Completed
929,405,44,747,2024-03-06 10:23:36.031706,2024-05-28 10:23:36.032702,Pending
930,191,50,880,2024-02-13 10:23:36.031706,2024-06-05 10:23:36.032702,Completed
931,391,26,819,2024-05-07 10:23:36.031706,2024-06-04 10:23:36.032702,Cancelled
932,461,24,947,2024-01-17 10:23:36.031706,2024-06-15 10:23:36.032702,Cancelled
933,168,32,996,2023-12-15 10:23:36.031706,2024-06-15 10:23:36.032702,Cancelled
934,440,11,704,2023-09-27 10:23:36.031706,2024-05-22 10:23:36.032702,Cancelled
935,218,3,579,2023-09-16 10:23:36.031706,2024-05-29 10:23:36.032702,Pending
936,466,6,961,2023-08-09 10:23:36.031706,2024-06-17 10:23:36.032702,Completed
937,61,8,395,2023-10-11 10:23:36.031706,2024-06-16 10:23:36.032702,Pending
938,386,43,954,2023-10-18 10:23:36.031706,2024-06-06 10:23:36.032702,Pending
939,374,46,74,2023-06-25 10:23:36.031706,2024-06-01 10:23:36.032702,Pending
940,425,25,190,2024-05-03 10:23:36.031706,2024-05-31 10:23:36.032702,Pending
941,465,8,522,2024-02-08 10:23:36.031706,2024-06-07 10:23:36.032702,Completed
942,317,47,190,2024-03-01 10:23:36.031706,2024-05-27 10:23:36.032702,Pending
943,317,3,662,2024-01-03 10:23:36.031706,2024-05-24 10:23:36.032702,Cancelled
944,28,19,395,2024-03-13 10:23:36.031706,2024-05-30 10:23:36.032702,Pending
945,263,11,812,2024-05-07 10:23:36.031706,2024-06-02 10:23:36.032702,Completed
946,160,13,653,2024-01-10 10:23:36.031706,2024-06-13 10:23:36.032702,Pending
947,283,31,60,2023-12-31 10:23:36.031706,2024-06-15 10:23:36.032702,Cancelled
948,164,45,170,2023-06-19 10:23:36.031706,2024-06-04 10:23:36.032702,Completed
949,349,23,909,2023-08-14 10:23:36.031706,2024-06-02 10:23:36.032702,Completed
950,77,6,575,2024-02-21 10:23:36.031706,2024-06-11 10:23:36.032702,Completed
951,337,3,131,2023-06-27 10:23:36.031706,2024-06-12 10:23:36.032702,Cancelled
952,499,27,619,2024-04-30 10:23:36.031706,2024-05-29 10:23:36.032702,Cancelled
953,486,8,959,2023-09-16 10:23:36.031706,2024-05-26 10:23:36.032702,Completed
954,377,2,941,2024-05-11 10:23:36.031706,2024-06-15 10:23:36.032702,Pending
955,288,26,106,2024-04-23 10:23:36.031706,2024-06-15 10:23:36.032702,Cancelled
956,46,4,209,2024-04-09 10:23:36.031706,2024-06-07 10:23:36.032702,Cancelled
957,216,12,651,2023-12-13 10:23:36.031706,2024-06-04 10:23:36.032702,Pending
958,394,23,79,2023-07-18 10:23:36.031706,2024-06-16 10:23:36.032702,Cancelled
959,75,29,212,2023-12-21 10:23:36.031706,2024-05-29 10:23:36.032702,Cancelled
960,169,21,338,2024-04-19 10:23:36.031706,2024-05-26 10:23:36.032702,Cancelled
961,238,38,968,2023-10-26 10:23:36.031706,2024-06-16 10:23:36.032702,Completed
962,373,45,773,2023-11-17 10:23:36.031706,2024-06-04 10:23:36.032702,Pending
963,275,12,189,2023-06-13 10:23:36.031706,2024-06-04 10:23:36.032702,Completed
964,132,6,274,2023-06-20 10:23:36.031706,2024-06-20 10:23:36.032702,Completed
965,200,12,975,2024-04-05 10:23:36.031706,2024-06-04 10:23:36.032702,Completed
966,218,12,765,2023-10-31 10:23:36.031706,2024-06-19 10:23:36.032702,Completed
967,349,21,651,2024-03-11 10:23:36.031706,2024-06-05 10:23:36.032702,Completed
968,382,10,740,2024-01-22 10:23:36.031706,2024-06-18 10:23:36.032702,Cancelled
969,241,45,927,2024-03-25 10:23:36.031706,2024-06-07 10:23:36.032702,Cancelled
970,100,4,627,2023-08-03 10:23:36.031706,2024-06-16 10:23:36.032702,Pending
971,198,30,997,2023-09-08 10:23:36.031706,2024-06-12 10:23:36.032702,Completed
972,286,3,738,2024-03-21 10:23:36.031706,2024-06-02 10:23:36.032702,Cancelled
973,281,22,606,2023-08-28 10:23:36.031706,2024-05-22 10:23:36.032702,Cancelled
974,499,11,771,2023-06-16 10:23:36.031706,2024-06-05 10:23:36.032702,Pending
975,263,31,129,2023-07-29 10:23:36.031706,2024-05-26 10:23:36.032702,Completed
976,122,9,85,2023-08-27 10:23:36.031706,2024-06-15 10:23:36.032702,Pending
977,134,19,799,2024-01-14 10:23:36.031706,2024-05-22 10:23:36.032702,Pending
978,216,23,43,2023-09-10 10:23:36.031706,2024-06-13 10:23:36.032702,Cancelled
979,343,10,869,2024-04-05 10:23:36.031706,2024-06-16 10:23:36.032702,Cancelled
980,289,18,127,2024-01-21 10:23:36.031706,2024-06-07 10:23:36.032702,Pending
981,57,14,370,2023-07-19 10:23:36.031706,2024-05-24 10:23:36.032702,Completed
982,207,17,671,2024-03-20 10:23:36.031706,2024-05-24 10:23:36.032702,Pending
983,183,2,607,2023-12-13 10:23:36.031706,2024-06-01 10:23:36.032702,Cancelled
984,96,29,312,2023-12-05 10:23:36.031706,2024-06-01 10:23:36.032702,Cancelled
985,173,15,151,2023-07-27 10:23:36.031706,2024-06-03 10:23:36.032702,Cancelled
986,328,6,291,2023-11-04 10:23:36.031706,2024-06-15 10:23:36.032702,Completed
987,385,24,621,2024-01-22 10:23:36.031706,2024-05-27 10:23:36.032702,Cancelled
988,85,21,135,2023-10-18 10:23:36.031706,2024-06-04 10:23:36.032702,Completed
989,175,39,683,2024-01-31 10:23:36.031706,2024-05-23 10:23:36.032702,Completed
990,411,11,665,2024-03-09 10:23:36.031706,2024-06-03 10:23:36.032702,Pending
991,402,15,961,2024-03-28 10:23:36.031706,2024-06-15 10:23:36.032702,Completed
992,312,8,73,2024-02-22 10:23:36.031706,2024-05-23 10:23:36.032702,Pending
993,221,40,100,2024-02-02 10:23:36.031706,2024-06-12 10:23:36.032702,Completed
994,463,48,834,2024-01-02 10:23:36.031706,2024-06-20 10:23:36.032702,Cancelled
995,117,46,989,2023-10-09 10:23:36.031706,2024-06-11 10:23:36.032702,Completed
996,343,29,555,2023-10-25 10:23:36.032702,2024-05-26 10:23:36.032702,Pending
997,78,28,629,2024-01-12 10:23:36.032702,2024-06-19 10:23:36.032702,Completed
998,365,12,669,2023-07-25 10:23:36.032702,2024-06-09 10:23:36.032702,Completed
999,43,21,232,2024-04-23 10:23:36.032702,2024-05-23 10:23:36.032702,Cancelled
1000,370,27,103,2023-09-13 10:23:36.032702,2024-06-11 10:23:36.032702,Pending
370,318,36,641,2023-09-13 10:23:36.031706,2024-05-30 10:23:36.032702,Pending
371,403,14,654,2024-04-30 10:23:36.031706,2024-05-27 10:23:36.032702,Completed
372,412,5,299,2023-12-19 10:23:36.031706,2024-06-13 10:23:36.032702,Cancelled
373,236,44,39,2023-07-27 10:23:36.031706,2024-06-05 10:23:36.032702,Pending
374,301,19,364,2023-12-18 10:23:36.031706,2024-06-04 10:23:36.032702,Pending
375,45,42,103,2023-09-12 10:23:36.031706,2024-05-25 10:23:36.032702,Cancelled
376,132,16,340,2023-08-09 10:23:36.031706,2024-06-19 10:23:36.032702,Completed
377,186,27,411,2023-09-27 10:23:36.031706,2024-06-20 10:23:36.032702,Cancelled
378,305,9,695,2024-01-28 10:23:36.031706,2024-06-06 10:23:36.032702,Completed
379,363,19,797,2024-05-08 10:23:36.031706,2024-05-23 10:23:36.032702,Pending
380,466,2,949,2024-05-20 10:23:36.031706,2024-06-05 10:23:36.032702,Pending
381,201,11,366,2024-03-04 10:23:36.031706,2024-06-02 10:23:36.032702,Completed
382,329,5,169,2024-01-08 10:23:36.031706,2024-06-13 10:23:36.032702,Cancelled
383,144,26,907,2023-12-20 10:23:36.031706,2024-06-08 10:23:36.032702,Completed
384,482,40,867,2023-06-29 10:23:36.031706,2024-06-06 10:23:36.032702,Cancelled
385,29,46,754,2023-07-01 10:23:36.031706,2024-06-05 10:23:36.032702,Pending
386,387,8,261,2023-09-23 10:23:36.031706,2024-06-06 10:23:36.032702,Pending
387,88,18,243,2024-03-19 10:23:36.031706,2024-05-25 10:23:36.032702,Pending
388,248,25,359,2023-06-22 10:23:36.031706,2024-06-18 10:23:36.032702,Completed
389,6,44,924,2023-06-16 10:23:36.031706,2024-06-14 10:23:36.032702,Completed
390,426,16,893,2023-12-26 10:23:36.031706,2024-06-18 10:23:36.032702,Cancelled
391,466,17,562,2023-10-21 10:23:36.031706,2024-05-26 10:23:36.032702,Completed
392,260,39,512,2024-02-20 10:23:36.031706,2024-05-25 10:23:36.032702,Cancelled
393,98,5,258,2023-09-13 10:23:36.031706,2024-06-02 10:23:36.032702,Completed
394,392,50,901,2023-06-04 10:23:36.031706,2024-05-24 10:23:36.032702,Completed
395,256,26,637,2023-06-26 10:23:36.031706,2024-05-28 10:23:36.032702,Cancelled
396,350,50,105,2024-01-17 10:23:36.031706,2024-06-18 10:23:36.032702,Pending
397,308,11,694,2024-05-07 10:23:36.031706,2024-05-31 10:23:36.032702,Cancelled
398,338,2,746,2024-03-21 10:23:36.031706,2024-05-27 10:23:36.032702,Cancelled
399,180,20,18,2024-01-01 10:23:36.031706,2024-06-17 10:23:36.032702,Completed
400,328,44,597,2023-09-12 10:23:36.031706,2024-05-27 10:23:36.032702,Pending
701,109,5,979,2024-04-02 10:23:36.031706,2024-05-22 10:23:36.032702,Completed
702,211,27,588,2024-04-12 10:23:36.031706,2024-05-25 10:23:36.032702,Completed
703,393,18,70,2023-06-18 10:23:36.031706,2024-05-27 10:23:36.032702,Cancelled
704,250,43,703,2023-08-29 10:23:36.031706,2024-06-19 10:23:36.032702,Completed
705,186,31,353,2023-09-12 10:23:36.031706,2024-05-26 10:23:36.032702,Completed
706,349,33,552,2023-09-26 10:23:36.031706,2024-06-14 10:23:36.032702,Completed
707,16,14,870,2024-02-08 10:23:36.031706,2024-06-13 10:23:36.032702,Pending
708,41,14,720,2023-12-23 10:23:36.031706,2024-06-05 10:23:36.032702,Cancelled
709,376,41,104,2023-06-18 10:23:36.031706,2024-06-06 10:23:36.032702,Cancelled
710,74,13,806,2023-09-10 10:23:36.031706,2024-06-06 10:23:36.032702,Cancelled
711,134,30,77,2023-09-13 10:23:36.031706,2024-05-22 10:23:36.032702,Cancelled
712,197,24,433,2023-09-06 10:23:36.031706,2024-06-18 10:23:36.032702,Pending
713,272,34,613,2024-01-09 10:23:36.031706,2024-06-05 10:23:36.032702,Pending
714,91,13,233,2023-08-18 10:23:36.031706,2024-06-09 10:23:36.032702,Pending
715,448,34,293,2023-11-28 10:23:36.031706,2024-05-29 10:23:36.032702,Cancelled
716,126,39,702,2023-08-19 10:23:36.031706,2024-05-28 10:23:36.032702,Cancelled
717,191,26,394,2023-08-16 10:23:36.031706,2024-05-31 10:23:36.032702,Pending
718,7,34,858,2024-05-12 10:23:36.031706,2024-06-09 10:23:36.032702,Completed
719,488,50,904,2024-05-05 10:23:36.031706,2024-06-17 10:23:36.032702,Completed
720,358,16,516,2023-10-14 10:23:36.031706,2024-06-17 10:23:36.032702,Pending
721,193,1,246,2024-03-22 10:23:36.031706,2024-06-03 10:23:36.032702,Pending
722,488,1,809,2023-11-07 10:23:36.031706,2024-05-23 10:23:36.032702,Cancelled
723,124,4,265,2023-10-04 10:23:36.031706,2024-06-01 10:23:36.032702,Pending
724,498,21,586,2023-12-12 10:23:36.031706,2024-05-22 10:23:36.032702,Pending
725,100,27,898,2023-11-11 10:23:36.031706,2024-05-25 10:23:36.032702,Completed
726,368,35,28,2023-10-08 10:23:36.031706,2024-06-11 10:23:36.032702,Pending
727,47,18,173,2023-09-29 10:23:36.031706,2024-06-18 10:23:36.032702,Cancelled
728,334,37,249,2024-05-03 10:23:36.031706,2024-06-13 10:23:36.032702,Completed
729,105,13,331,2024-05-05 10:23:36.031706,2024-06-04 10:23:36.032702,Cancelled
730,195,2,741,2024-02-21 10:23:36.031706,2024-06-04 10:23:36.032702,Cancelled
731,481,31,150,2023-08-10 10:23:36.031706,2024-06-18 10:23:36.032702,Completed
732,469,3,138,2023-06-19 10:23:36.031706,2024-06-06 10:23:36.032702,Cancelled
733,80,30,132,2023-12-18 10:23:36.031706,2024-06-14 10:23:36.032702,Cancelled
734,365,45,385,2023-05-26 10:23:36.031706,2024-06-09 10:23:36.032702,Completed
735,373,11,520,2024-02-27 10:23:36.031706,2024-06-10 10:23:36.032702,Cancelled
736,275,30,276,2023-09-13 10:23:36.031706,2024-06-14 10:23:36.032702,Cancelled
737,62,7,266,2023-10-14 10:23:36.031706,2024-06-08 10:23:36.032702,Completed
738,241,48,373,2024-03-14 10:23:36.031706,2024-05-31 10:23:36.032702,Cancelled
739,150,5,966,2023-12-14 10:23:36.031706,2024-05-23 10:23:36.032702,Completed
740,181,31,997,2023-11-04 10:23:36.031706,2024-06-06 10:23:36.032702,Completed
741,27,19,421,2023-09-15 10:23:36.031706,2024-06-03 10:23:36.032702,Completed
742,334,39,335,2024-03-26 10:23:36.031706,2024-06-06 10:23:36.032702,Pending
743,487,33,752,2023-08-04 10:23:36.031706,2024-06-07 10:23:36.032702,Pending
744,118,41,685,2023-06-11 10:23:36.031706,2024-06-09 10:23:36.032702,Completed
745,218,10,2,2023-09-13 10:23:36.031706,2024-06-14 10:23:36.032702,Pending
746,8,6,587,2023-06-19 10:23:36.031706,2024-06-10 10:23:36.032702,Completed
747,398,10,269,2023-08-12 10:23:36.031706,2024-06-20 10:23:36.032702,Pending
748,293,15,256,2023-06-06 10:23:36.031706,2024-06-12 10:23:36.032702,Pending
749,198,34,960,2023-08-19 10:23:36.031706,2024-06-19 10:23:36.032702,Cancelled
750,122,4,70,2023-08-03 10:23:36.031706,2024-06-17 10:23:36.032702,Pending
751,485,23,36,2023-09-24 10:23:36.031706,2024-06-18 10:23:36.032702,Cancelled
752,291,50,68,2023-09-21 10:23:36.031706,2024-06-06 10:23:36.032702,Pending
753,346,39,726,2023-08-08 10:23:36.031706,2024-05-29 10:23:36.032702,Completed
754,345,35,972,2024-03-02 10:23:36.031706,2024-06-13 10:23:36.032702,Cancelled
755,78,34,398,2023-09-05 10:23:36.031706,2024-05-23 10:23:36.032702,Pending
756,386,39,828,2024-04-23 10:23:36.031706,2024-06-07 10:23:36.032702,Pending
757,125,13,742,2023-11-03 10:23:36.031706,2024-05-22 10:23:36.032702,Completed
758,250,40,490,2024-01-08 10:23:36.031706,2024-06-04 10:23:36.032702,Cancelled
759,343,14,684,2023-09-11 10:23:36.031706,2024-06-09 10:23:36.032702,Completed
760,170,4,461,2023-07-24 10:23:36.031706,2024-06-01 10:23:36.032702,Cancelled
761,485,20,557,2023-11-10 10:23:36.031706,2024-06-08 10:23:36.032702,Completed
762,380,50,668,2023-07-11 10:23:36.031706,2024-05-24 10:23:36.032702,Pending
763,31,13,941,2023-06-10 10:23:36.031706,2024-05-30 10:23:36.032702,Completed
764,178,41,772,2023-11-23 10:23:36.031706,2024-06-19 10:23:36.032702,Pending
765,77,9,25,2023-12-28 10:23:36.031706,2024-06-11 10:23:36.032702,Pending
766,269,4,905,2023-12-09 10:23:36.031706,2024-06-04 10:23:36.032702,Completed
767,54,49,793,2024-04-20 10:23:36.031706,2024-06-19 10:23:36.032702,Pending
768,244,11,228,2024-05-07 10:23:36.031706,2024-06-06 10:23:36.032702,Pending
769,159,20,446,2023-07-24 10:23:36.031706,2024-05-25 10:23:36.032702,Completed
770,280,33,592,2024-04-28 10:23:36.031706,2024-06-06 10:23:36.032702,Pending
771,323,6,886,2024-03-17 10:23:36.031706,2024-06-10 10:23:36.032702,Cancelled
772,174,28,460,2023-11-16 10:23:36.031706,2024-06-11 10:23:36.032702,Pending
773,446,22,395,2023-11-25 10:23:36.031706,2024-06-02 10:23:36.032702,Pending
774,367,31,614,2023-07-28 10:23:36.031706,2024-06-05 10:23:36.032702,Completed
775,11,6,458,2024-05-08 10:23:36.031706,2024-06-13 10:23:36.032702,Completed
776,189,23,3,2023-07-06 10:23:36.031706,2024-06-04 10:23:36.032702,Pending
777,363,13,155,2023-11-29 10:23:36.031706,2024-05-22 10:23:36.032702,Cancelled
778,126,2,798,2023-11-09 10:23:36.031706,2024-05-27 10:23:36.032702,Cancelled
779,20,4,751,2024-04-02 10:23:36.031706,2024-05-31 10:23:36.032702,Completed
780,354,37,885,2023-10-15 10:23:36.031706,2024-06-14 10:23:36.032702,Pending
781,280,39,699,2023-11-27 10:23:36.031706,2024-05-28 10:23:36.032702,Pending
782,272,1,204,2023-11-21 10:23:36.031706,2024-06-06 10:23:36.032702,Pending
783,246,25,76,2023-10-24 10:23:36.031706,2024-06-02 10:23:36.032702,Pending
784,284,33,263,2023-11-24 10:23:36.031706,2024-06-05 10:23:36.032702,Completed
785,272,1,846,2024-04-23 10:23:36.031706,2024-05-29 10:23:36.032702,Pending
786,162,2,336,2023-06-18 10:23:36.031706,2024-06-07 10:23:36.032702,Pending
787,235,20,31,2024-01-17 10:23:36.031706,2024-05-29 10:23:36.032702,Completed
788,434,8,194,2024-01-16 10:23:36.031706,2024-06-09 10:23:36.032702,Cancelled
789,300,17,946,2024-01-22 10:23:36.031706,2024-06-20 10:23:36.032702,Pending
790,431,20,692,2023-06-25 10:23:36.031706,2024-06-12 10:23:36.032702,Completed
791,81,1,584,2023-12-14 10:23:36.031706,2024-06-01 10:23:36.032702,Cancelled
792,266,36,983,2023-07-23 10:23:36.031706,2024-06-20 10:23:36.032702,Pending
793,225,39,975,2024-04-08 10:23:36.031706,2024-06-10 10:23:36.032702,Pending
794,410,24,206,2023-06-04 10:23:36.031706,2024-06-18 10:23:36.032702,Pending
795,271,21,373,2024-04-18 10:23:36.031706,2024-06-17 10:23:36.032702,Pending
796,228,37,624,2023-12-17 10:23:36.031706,2024-06-13 10:23:36.032702,Pending
797,388,41,177,2024-03-24 10:23:36.031706,2024-06-12 10:23:36.032702,Completed
798,253,4,35,2023-12-01 10:23:36.031706,2024-06-05 10:23:36.032702,Pending
799,367,12,108,2024-02-25 10:23:36.031706,2024-05-26 10:23:36.032702,Pending
800,442,20,901,2024-05-11 10:23:36.031706,2024-06-19 10:23:36.032702,Cancelled
