id,productid,fromlocationid,tolocationid,quantity,shipmentdate,expectedarrivaldate,status
301,266,26,68,93,2023-07-02 10:23:36.038447,2024-06-15 10:23:36.039444,Shipped
302,297,23,80,2,2023-10-17 10:23:36.038447,2024-05-29 10:23:36.039444,Pending
303,266,37,51,56,2023-08-11 10:23:36.038447,2024-06-17 10:23:36.039444,Pending
304,21,100,29,69,2024-02-18 10:23:36.038447,2024-06-11 10:23:36.039444,Pending
305,41,48,30,73,2023-06-07 10:23:36.038447,2024-06-04 10:23:36.039444,Delivered
306,91,17,16,77,2024-03-31 10:23:36.038447,2024-05-30 10:23:36.039444,Shipped
307,119,86,55,68,2023-12-28 10:23:36.038447,2024-06-08 10:23:36.039444,Shipped
308,45,65,15,66,2023-12-18 10:23:36.038447,2024-06-08 10:23:36.039444,Delivered
309,298,60,67,68,2023-12-28 10:23:36.038447,2024-05-26 10:23:36.039444,Delivered
310,238,82,55,83,2023-08-29 10:23:36.038447,2024-05-22 10:23:36.039444,Pending
311,201,85,29,29,2023-08-27 10:23:36.038447,2024-06-07 10:23:36.039444,Shipped
312,289,98,53,88,2023-07-11 10:23:36.038447,2024-06-09 10:23:36.039444,Pending
313,97,37,77,39,2023-11-07 10:23:36.038447,2024-06-16 10:23:36.039444,Delivered
314,214,77,16,43,2023-11-06 10:23:36.038447,2024-06-15 10:23:36.039444,Shipped
315,285,9,83,92,2023-07-26 10:23:36.038447,2024-05-29 10:23:36.039444,Delivered
316,25,92,29,47,2023-07-09 10:23:36.038447,2024-05-30 10:23:36.039444,Delivered
317,181,10,63,50,2023-09-13 10:23:36.038447,2024-06-08 10:23:36.039444,Shipped
318,240,70,5,18,2024-03-09 10:23:36.038447,2024-06-03 10:23:36.039444,Shipped
319,5,6,38,63,2023-09-09 10:23:36.038447,2024-06-08 10:23:36.039444,Pending
320,268,8,5,69,2023-06-03 10:23:36.038447,2024-06-13 10:23:36.039444,Pending
321,126,94,44,29,2024-01-29 10:23:36.038447,2024-06-07 10:23:36.039444,Delivered
322,51,46,3,38,2023-10-18 10:23:36.038447,2024-05-29 10:23:36.039444,Shipped
323,256,30,60,55,2023-10-05 10:23:36.038447,2024-06-10 10:23:36.039444,Delivered
324,58,86,1,82,2023-06-30 10:23:36.038447,2024-05-23 10:23:36.039444,Shipped
325,85,28,27,42,2023-10-09 10:23:36.038447,2024-06-19 10:23:36.039444,Shipped
326,157,92,25,27,2023-12-24 10:23:36.038447,2024-06-04 10:23:36.039444,Shipped
327,275,23,35,91,2023-06-27 10:23:36.038447,2024-05-26 10:23:36.039444,Pending
328,147,32,35,70,2023-10-23 10:23:36.038447,2024-05-30 10:23:36.039444,Shipped
329,272,53,37,87,2024-03-06 10:23:36.038447,2024-06-03 10:23:36.039444,Shipped
330,16,24,52,90,2024-05-18 10:23:36.038447,2024-06-06 10:23:36.039444,Delivered
331,72,10,54,55,2024-03-16 10:23:36.038447,2024-05-26 10:23:36.039444,Pending
332,92,6,41,51,2023-11-16 10:23:36.038447,2024-06-15 10:23:36.039444,Pending
333,135,66,57,5,2023-09-01 10:23:36.038447,2024-06-07 10:23:36.039444,Delivered
334,130,79,24,44,2023-05-27 10:23:36.038447,2024-06-05 10:23:36.039444,Pending
335,13,96,15,28,2024-02-26 10:23:36.038447,2024-06-10 10:23:36.039444,Pending
336,225,95,27,95,2023-11-15 10:23:36.038447,2024-06-09 10:23:36.039444,Shipped
337,228,18,23,11,2023-12-26 10:23:36.038447,2024-05-24 10:23:36.039444,Shipped
338,138,55,33,35,2024-02-04 10:23:36.038447,2024-06-04 10:23:36.039444,Pending
339,25,95,67,43,2024-04-16 10:23:36.038447,2024-05-22 10:23:36.039444,Delivered
340,166,90,37,56,2023-08-26 10:23:36.038447,2024-06-10 10:23:36.039444,Delivered
341,40,24,83,81,2024-01-31 10:23:36.038447,2024-06-17 10:23:36.039444,Pending
342,294,81,79,96,2024-02-23 10:23:36.038447,2024-05-24 10:23:36.039444,Delivered
343,188,20,38,15,2023-05-25 10:23:36.038447,2024-05-24 10:23:36.039444,Pending
344,221,72,5,72,2023-08-17 10:23:36.038447,2024-05-31 10:23:36.039444,Pending
345,6,7,72,98,2024-03-28 10:23:36.038447,2024-05-24 10:23:36.039444,Delivered
346,115,11,63,57,2024-03-14 10:23:36.038447,2024-05-28 10:23:36.039444,Shipped
347,272,82,6,73,2024-02-14 10:23:36.038447,2024-06-17 10:23:36.039444,Pending
348,115,18,21,32,2024-04-19 10:23:36.038447,2024-05-25 10:23:36.039444,Delivered
349,11,13,42,41,2024-03-18 10:23:36.038447,2024-06-09 10:23:36.039444,Shipped
350,202,47,86,66,2024-02-09 10:23:36.038447,2024-06-19 10:23:36.039444,Shipped
351,210,77,56,1,2023-07-16 10:23:36.038447,2024-06-15 10:23:36.039444,Shipped
352,101,73,62,98,2024-03-09 10:23:36.038447,2024-06-14 10:23:36.039444,Pending
353,241,16,79,71,2023-06-26 10:23:36.038447,2024-05-29 10:23:36.039444,Shipped
354,257,94,2,54,2024-05-18 10:23:36.038447,2024-06-02 10:23:36.039444,Pending
355,236,25,63,30,2023-07-06 10:23:36.038447,2024-06-12 10:23:36.039444,Pending
356,123,1,64,17,2023-12-17 10:23:36.038447,2024-06-15 10:23:36.039444,Pending
357,103,86,94,44,2023-07-07 10:23:36.038447,2024-06-10 10:23:36.039444,Shipped
358,283,77,93,96,2024-04-04 10:23:36.038447,2024-06-11 10:23:36.039444,Shipped
359,216,52,19,55,2024-04-21 10:23:36.038447,2024-06-17 10:23:36.039444,Pending
360,166,3,7,28,2023-11-10 10:23:36.038447,2024-05-27 10:23:36.039444,Delivered
361,147,51,27,82,2024-05-17 10:23:36.038447,2024-06-17 10:23:36.039444,Pending
362,81,6,5,91,2024-04-05 10:23:36.038447,2024-06-18 10:23:36.039444,Delivered
363,275,14,13,19,2023-08-29 10:23:36.038447,2024-05-28 10:23:36.039444,Delivered
364,276,5,40,45,2024-01-17 10:23:36.038447,2024-06-13 10:23:36.039444,Shipped
365,26,16,84,66,2023-10-22 10:23:36.038447,2024-06-04 10:23:36.039444,Delivered
366,200,14,13,73,2024-01-08 10:23:36.038447,2024-05-25 10:23:36.039444,Shipped
367,96,87,56,2,2023-09-14 10:23:36.038447,2024-05-29 10:23:36.039444,Pending
368,153,84,53,77,2024-03-01 10:23:36.038447,2024-05-28 10:23:36.039444,Pending
369,35,58,1,47,2024-02-07 10:23:36.038447,2024-06-06 10:23:36.039444,Pending
370,244,28,63,22,2023-08-12 10:23:36.038447,2024-06-14 10:23:36.039444,Shipped
371,242,25,26,18,2023-09-27 10:23:36.038447,2024-06-04 10:23:36.039444,Delivered
372,33,18,86,30,2023-11-27 10:23:36.038447,2024-06-19 10:23:36.039444,Delivered
373,23,11,18,2,2024-05-09 10:23:36.038447,2024-05-22 10:23:36.039444,Delivered
374,113,25,95,74,2023-08-23 10:23:36.038447,2024-06-01 10:23:36.039444,Pending
375,47,65,50,41,2024-02-27 10:23:36.038447,2024-05-27 10:23:36.039444,Pending
376,241,76,94,11,2023-09-23 10:23:36.038447,2024-05-29 10:23:36.039444,Delivered
377,234,7,52,10,2023-10-28 10:23:36.038447,2024-05-23 10:23:36.039444,Shipped
378,260,38,38,86,2023-08-30 10:23:36.038447,2024-06-20 10:23:36.039444,Delivered
379,3,1,77,98,2023-05-26 10:23:36.038447,2024-05-30 10:23:36.039444,Shipped
380,5,47,53,49,2024-04-07 10:23:36.038447,2024-06-01 10:23:36.039444,Pending
381,243,80,7,5,2023-06-16 10:23:36.038447,2024-06-08 10:23:36.039444,Pending
382,262,68,27,58,2023-10-01 10:23:36.038447,2024-06-07 10:23:36.039444,Pending
383,186,40,16,26,2024-02-21 10:23:36.038447,2024-05-25 10:23:36.039444,Shipped
384,47,55,7,19,2024-02-19 10:23:36.038447,2024-06-03 10:23:36.039444,Pending
385,188,41,70,26,2023-11-24 10:23:36.038447,2024-06-01 10:23:36.039444,Shipped
386,262,53,62,3,2023-09-19 10:23:36.038447,2024-06-15 10:23:36.039444,Delivered
387,139,97,30,57,2023-09-27 10:23:36.038447,2024-06-17 10:23:36.039444,Shipped
388,263,95,18,59,2023-12-09 10:23:36.038447,2024-06-13 10:23:36.039444,Pending
389,236,36,58,70,2024-01-09 10:23:36.038447,2024-05-22 10:23:36.039444,Shipped
390,32,61,67,73,2023-11-18 10:23:36.038447,2024-06-20 10:23:36.039444,Pending
391,37,72,74,42,2023-08-08 10:23:36.038447,2024-05-27 10:23:36.039444,Pending
392,212,75,41,44,2023-07-05 10:23:36.038447,2024-06-02 10:23:36.039444,Shipped
393,60,76,16,47,2024-01-06 10:23:36.038447,2024-06-20 10:23:36.039444,Delivered
394,224,53,25,31,2023-09-17 10:23:36.038447,2024-05-30 10:23:36.039444,Delivered
395,25,41,42,58,2024-03-13 10:23:36.038447,2024-06-15 10:23:36.039444,Delivered
396,28,51,72,32,2023-11-09 10:23:36.038447,2024-05-31 10:23:36.039444,Pending
397,286,50,37,98,2024-03-03 10:23:36.038447,2024-06-06 10:23:36.039444,Pending
398,2,81,73,48,2023-08-03 10:23:36.038447,2024-05-26 10:23:36.039444,Pending
399,238,21,53,88,2024-05-05 10:23:36.038447,2024-05-30 10:23:36.039444,Delivered
400,70,60,22,68,2023-12-07 10:23:36.038447,2024-05-25 10:23:36.039444,Shipped
701,224,38,1,61,2023-11-24 10:23:36.038447,2024-06-20 10:23:36.039444,Pending
702,85,1,35,65,2023-11-09 10:23:36.038447,2024-06-18 10:23:36.039444,Pending
703,167,49,41,40,2024-04-18 10:23:36.038447,2024-06-07 10:23:36.039444,Delivered
704,154,83,67,93,2023-06-21 10:23:36.038447,2024-06-17 10:23:36.039444,Shipped
705,48,51,99,5,2024-05-21 10:23:36.038447,2024-05-30 10:23:36.039444,Delivered
706,61,22,91,17,2024-02-02 10:23:36.038447,2024-06-08 10:23:36.039444,Delivered
707,183,34,57,28,2023-06-15 10:23:36.038447,2024-06-16 10:23:36.039444,Pending
708,101,66,44,19,2023-08-04 10:23:36.038447,2024-06-07 10:23:36.039444,Delivered
709,99,74,3,41,2023-07-21 10:23:36.038447,2024-06-11 10:23:36.039444,Shipped
710,79,51,81,52,2023-11-27 10:23:36.038447,2024-06-03 10:23:36.039444,Shipped
711,36,54,79,97,2024-03-17 10:23:36.038447,2024-05-23 10:23:36.039444,Pending
712,86,89,41,11,2023-06-01 10:23:36.038447,2024-05-22 10:23:36.039444,Shipped
713,9,100,77,22,2023-07-28 10:23:36.038447,2024-06-15 10:23:36.039444,Delivered
714,182,62,55,3,2023-09-10 10:23:36.038447,2024-06-19 10:23:36.039444,Delivered
715,196,62,15,61,2024-05-13 10:23:36.038447,2024-06-08 10:23:36.039444,Shipped
716,154,44,67,77,2024-04-02 10:23:36.038447,2024-05-22 10:23:36.039444,Pending
717,122,95,10,4,2024-01-25 10:23:36.038447,2024-05-25 10:23:36.039444,Pending
718,56,81,56,26,2023-10-02 10:23:36.038447,2024-06-06 10:23:36.039444,Shipped
719,13,46,58,87,2024-03-22 10:23:36.038447,2024-06-09 10:23:36.039444,Shipped
720,242,72,35,80,2024-03-10 10:23:36.038447,2024-06-07 10:23:36.039444,Pending
721,223,55,64,94,2024-01-01 10:23:36.038447,2024-06-03 10:23:36.039444,Pending
722,263,54,93,91,2024-02-14 10:23:36.038447,2024-06-06 10:23:36.039444,Pending
723,61,76,22,92,2023-10-17 10:23:36.038447,2024-06-13 10:23:36.039444,Shipped
724,172,5,57,69,2023-11-20 10:23:36.038447,2024-06-06 10:23:36.039444,Shipped
725,225,34,81,1,2023-08-14 10:23:36.038447,2024-06-08 10:23:36.039444,Delivered
726,250,41,10,82,2023-12-06 10:23:36.038447,2024-05-26 10:23:36.039444,Delivered
727,203,63,84,51,2023-08-19 10:23:36.038447,2024-05-28 10:23:36.039444,Pending
728,266,80,89,37,2023-11-16 10:23:36.038447,2024-06-18 10:23:36.039444,Delivered
729,246,48,77,30,2023-11-05 10:23:36.038447,2024-05-24 10:23:36.039444,Pending
730,109,88,81,7,2023-12-16 10:23:36.038447,2024-05-27 10:23:36.039444,Shipped
731,17,93,32,24,2024-03-16 10:23:36.038447,2024-06-09 10:23:36.039444,Delivered
732,188,92,34,22,2024-02-03 10:23:36.038447,2024-06-10 10:23:36.039444,Shipped
733,171,61,93,35,2024-05-08 10:23:36.038447,2024-06-19 10:23:36.039444,Delivered
734,266,24,13,94,2024-01-10 10:23:36.038447,2024-06-02 10:23:36.039444,Pending
735,76,32,85,75,2024-04-13 10:23:36.038447,2024-06-05 10:23:36.039444,Pending
736,154,60,78,90,2024-03-03 10:23:36.038447,2024-06-20 10:23:36.039444,Delivered
737,93,45,40,69,2024-05-08 10:23:36.038447,2024-06-16 10:23:36.039444,Shipped
738,65,31,15,46,2024-03-10 10:23:36.038447,2024-06-19 10:23:36.039444,Delivered
739,55,66,59,86,2023-09-18 10:23:36.038447,2024-05-22 10:23:36.039444,Shipped
740,101,4,78,56,2024-04-24 10:23:36.038447,2024-06-20 10:23:36.039444,Shipped
741,150,23,85,51,2023-10-18 10:23:36.038447,2024-06-16 10:23:36.039444,Shipped
742,216,91,28,4,2024-03-19 10:23:36.038447,2024-05-30 10:23:36.039444,Pending
743,216,26,90,87,2023-11-18 10:23:36.038447,2024-06-05 10:23:36.039444,Delivered
744,138,27,86,13,2023-07-12 10:23:36.038447,2024-05-26 10:23:36.039444,Pending
745,118,54,84,29,2024-02-29 10:23:36.038447,2024-06-13 10:23:36.039444,Shipped
746,227,5,17,29,2023-09-19 10:23:36.038447,2024-06-04 10:23:36.039444,Delivered
747,277,96,76,2,2024-01-24 10:23:36.038447,2024-06-16 10:23:36.039444,Shipped
748,145,45,1,36,2023-08-10 10:23:36.038447,2024-05-30 10:23:36.039444,Delivered
749,180,40,67,98,2023-09-11 10:23:36.038447,2024-06-18 10:23:36.039444,Delivered
750,239,44,52,15,2023-12-31 10:23:36.038447,2024-05-27 10:23:36.039444,Pending
751,201,96,61,66,2024-04-21 10:23:36.038447,2024-06-11 10:23:36.039444,Delivered
752,282,81,91,63,2024-02-26 10:23:36.038447,2024-06-16 10:23:36.039444,Pending
753,24,28,39,46,2023-07-20 10:23:36.038447,2024-06-04 10:23:36.039444,Delivered
754,33,82,100,97,2023-07-09 10:23:36.038447,2024-05-24 10:23:36.039444,Pending
755,1,55,12,24,2024-04-20 10:23:36.038447,2024-05-26 10:23:36.039444,Delivered
756,10,42,98,73,2023-10-08 10:23:36.038447,2024-06-14 10:23:36.039444,Shipped
757,16,51,39,72,2024-04-08 10:23:36.038447,2024-05-25 10:23:36.039444,Shipped
758,4,96,21,23,2023-10-14 10:23:36.038447,2024-06-20 10:23:36.039444,Delivered
759,83,80,9,35,2023-10-16 10:23:36.038447,2024-05-27 10:23:36.039444,Delivered
760,1,65,20,25,2023-07-24 10:23:36.038447,2024-05-23 10:23:36.039444,Shipped
761,134,31,62,13,2024-05-10 10:23:36.038447,2024-05-28 10:23:36.039444,Pending
762,219,61,83,16,2023-10-23 10:23:36.038447,2024-06-07 10:23:36.039444,Pending
763,289,6,83,69,2024-01-26 10:23:36.038447,2024-05-30 10:23:36.039444,Pending
764,30,99,3,13,2024-03-16 10:23:36.038447,2024-05-29 10:23:36.039444,Shipped
765,111,22,95,64,2024-03-18 10:23:36.038447,2024-06-14 10:23:36.039444,Shipped
766,194,67,38,37,2023-12-29 10:23:36.038447,2024-06-15 10:23:36.039444,Shipped
767,292,29,6,88,2023-08-24 10:23:36.038447,2024-06-19 10:23:36.039444,Shipped
768,223,12,65,3,2023-06-24 10:23:36.038447,2024-06-06 10:23:36.039444,Pending
769,112,24,9,16,2024-03-28 10:23:36.038447,2024-06-01 10:23:36.039444,Shipped
770,84,99,63,8,2023-11-28 10:23:36.038447,2024-05-29 10:23:36.039444,Shipped
771,197,57,8,64,2023-12-10 10:23:36.038447,2024-06-04 10:23:36.039444,Pending
772,90,33,74,58,2024-01-09 10:23:36.038447,2024-06-02 10:23:36.039444,Pending
773,11,55,6,34,2024-03-01 10:23:36.038447,2024-06-13 10:23:36.039444,Pending
774,37,21,41,48,2023-06-06 10:23:36.038447,2024-06-09 10:23:36.039444,Delivered
775,43,69,18,94,2023-07-03 10:23:36.038447,2024-06-14 10:23:36.039444,Shipped
776,138,8,63,93,2023-06-28 10:23:36.038447,2024-06-03 10:23:36.039444,Pending
777,280,65,20,89,2024-05-18 10:23:36.038447,2024-06-18 10:23:36.039444,Pending
778,295,95,59,63,2024-01-29 10:23:36.038447,2024-06-15 10:23:36.039444,Shipped
779,275,3,45,94,2023-05-28 10:23:36.038447,2024-06-08 10:23:36.039444,Pending
780,37,13,42,94,2023-05-24 10:23:36.038447,2024-05-23 10:23:36.039444,Shipped
781,192,75,15,29,2023-12-27 10:23:36.038447,2024-06-05 10:23:36.039444,Shipped
782,286,26,73,50,2024-05-05 10:23:36.038447,2024-06-08 10:23:36.039444,Shipped
783,238,66,23,95,2024-01-15 10:23:36.038447,2024-06-02 10:23:36.039444,Pending
784,265,68,28,79,2024-04-21 10:23:36.038447,2024-06-17 10:23:36.039444,Shipped
785,280,42,2,17,2024-03-19 10:23:36.038447,2024-06-11 10:23:36.039444,Pending
786,53,91,50,95,2024-05-13 10:23:36.038447,2024-05-27 10:23:36.039444,Shipped
787,34,21,45,67,2023-07-11 10:23:36.038447,2024-06-02 10:23:36.039444,Pending
788,218,17,29,49,2023-11-18 10:23:36.038447,2024-05-30 10:23:36.039444,Shipped
789,137,10,17,88,2023-10-27 10:23:36.038447,2024-06-07 10:23:36.039444,Delivered
790,266,94,72,14,2023-09-10 10:23:36.038447,2024-05-27 10:23:36.039444,Shipped
791,209,31,45,96,2023-08-07 10:23:36.038447,2024-05-31 10:23:36.039444,Pending
792,82,55,14,76,2023-06-29 10:23:36.038447,2024-05-26 10:23:36.039444,Delivered
793,7,55,41,97,2023-10-03 10:23:36.038447,2024-05-25 10:23:36.039444,Pending
794,169,7,87,92,2023-11-15 10:23:36.038447,2024-06-12 10:23:36.039444,Delivered
795,19,99,68,47,2023-10-18 10:23:36.038447,2024-06-08 10:23:36.039444,Pending
796,208,88,60,56,2023-12-16 10:23:36.038447,2024-06-13 10:23:36.039444,Delivered
797,65,86,35,52,2023-07-08 10:23:36.038447,2024-06-15 10:23:36.039444,Delivered
798,120,1,56,17,2024-04-18 10:23:36.038447,2024-05-29 10:23:36.039444,Delivered
799,114,24,10,53,2023-11-14 10:23:36.038447,2024-06-07 10:23:36.039444,Pending
800,12,78,88,81,2023-10-08 10:23:36.038447,2024-06-01 10:23:36.039444,Pending
1,159,69,58,25,2023-09-11 10:23:36.038447,2024-06-10 10:23:36.039444,Delivered
2,13,85,66,43,2023-07-14 10:23:36.038447,2024-06-08 10:23:36.039444,Delivered
3,285,23,72,48,2023-08-23 10:23:36.038447,2024-06-14 10:23:36.039444,Pending
4,93,45,83,78,2023-09-12 10:23:36.038447,2024-05-31 10:23:36.039444,Delivered
5,177,71,2,60,2023-11-07 10:23:36.038447,2024-05-25 10:23:36.039444,Delivered
6,271,92,11,31,2023-08-18 10:23:36.038447,2024-06-04 10:23:36.039444,Pending
7,163,11,21,87,2024-03-06 10:23:36.038447,2024-06-20 10:23:36.039444,Shipped
8,193,14,15,8,2023-07-07 10:23:36.038447,2024-06-03 10:23:36.039444,Shipped
9,222,75,73,50,2023-08-01 10:23:36.038447,2024-05-25 10:23:36.039444,Shipped
10,161,95,79,93,2023-10-11 10:23:36.038447,2024-05-26 10:23:36.039444,Delivered
11,15,57,87,89,2023-09-06 10:23:36.038447,2024-05-28 10:23:36.039444,Delivered
12,91,44,33,63,2023-09-10 10:23:36.038447,2024-06-06 10:23:36.039444,Pending
13,57,37,42,72,2024-03-04 10:23:36.038447,2024-05-31 10:23:36.039444,Shipped
14,290,70,66,11,2024-03-16 10:23:36.038447,2024-05-23 10:23:36.039444,Pending
15,16,3,69,17,2023-12-10 10:23:36.038447,2024-06-06 10:23:36.039444,Shipped
16,248,53,45,18,2023-08-31 10:23:36.038447,2024-06-06 10:23:36.039444,Shipped
17,263,70,21,56,2023-07-31 10:23:36.038447,2024-06-09 10:23:36.039444,Delivered
18,222,64,64,11,2024-02-11 10:23:36.038447,2024-05-30 10:23:36.039444,Pending
19,158,11,21,71,2023-09-12 10:23:36.038447,2024-05-29 10:23:36.039444,Shipped
20,54,48,36,93,2024-05-02 10:23:36.038447,2024-05-29 10:23:36.039444,Shipped
21,112,28,87,86,2023-06-27 10:23:36.038447,2024-06-17 10:23:36.039444,Pending
22,210,56,86,80,2023-08-23 10:23:36.038447,2024-05-27 10:23:36.039444,Pending
23,274,43,67,21,2023-12-11 10:23:36.038447,2024-06-15 10:23:36.039444,Pending
24,30,7,49,80,2023-06-08 10:23:36.038447,2024-06-01 10:23:36.039444,Delivered
25,285,27,95,49,2023-08-27 10:23:36.038447,2024-06-04 10:23:36.039444,Delivered
26,268,95,44,63,2024-05-21 10:23:36.038447,2024-05-27 10:23:36.039444,Delivered
27,214,36,26,12,2023-10-30 10:23:36.038447,2024-05-28 10:23:36.039444,Delivered
28,22,41,44,25,2023-06-27 10:23:36.038447,2024-06-14 10:23:36.039444,Shipped
29,62,92,16,39,2024-02-16 10:23:36.038447,2024-06-13 10:23:36.039444,Delivered
30,63,91,79,84,2023-06-07 10:23:36.038447,2024-06-07 10:23:36.039444,Shipped
31,193,88,84,33,2023-07-06 10:23:36.038447,2024-06-12 10:23:36.039444,Pending
32,5,13,75,94,2024-01-21 10:23:36.038447,2024-06-09 10:23:36.039444,Shipped
33,277,17,53,26,2023-11-15 10:23:36.038447,2024-06-10 10:23:36.039444,Pending
34,62,58,21,97,2024-04-25 10:23:36.038447,2024-05-31 10:23:36.039444,Pending
35,207,67,12,20,2023-05-31 10:23:36.038447,2024-06-09 10:23:36.039444,Delivered
36,278,45,29,34,2024-01-05 10:23:36.038447,2024-06-09 10:23:36.039444,Delivered
37,2,100,29,96,2024-05-06 10:23:36.038447,2024-06-20 10:23:36.039444,Pending
38,73,38,18,59,2023-06-17 10:23:36.038447,2024-05-25 10:23:36.039444,Delivered
39,245,27,77,90,2023-11-19 10:23:36.038447,2024-06-10 10:23:36.039444,Shipped
40,250,7,48,81,2023-11-04 10:23:36.038447,2024-06-05 10:23:36.039444,Pending
41,296,79,77,65,2023-11-08 10:23:36.038447,2024-06-16 10:23:36.039444,Delivered
42,297,19,7,95,2023-07-09 10:23:36.038447,2024-05-22 10:23:36.039444,Pending
43,248,42,46,54,2023-12-04 10:23:36.038447,2024-05-24 10:23:36.039444,Pending
44,112,56,31,23,2023-06-05 10:23:36.038447,2024-06-13 10:23:36.039444,Delivered
45,252,24,23,26,2023-10-01 10:23:36.038447,2024-06-17 10:23:36.039444,Pending
46,14,15,21,6,2023-08-04 10:23:36.038447,2024-06-20 10:23:36.039444,Pending
47,43,14,87,55,2024-05-02 10:23:36.038447,2024-05-30 10:23:36.039444,Pending
48,74,71,84,30,2024-05-06 10:23:36.038447,2024-05-27 10:23:36.039444,Delivered
49,201,2,97,83,2023-06-12 10:23:36.038447,2024-06-19 10:23:36.039444,Delivered
50,265,6,27,92,2024-03-19 10:23:36.038447,2024-06-04 10:23:36.039444,Delivered
51,127,79,49,71,2024-02-26 10:23:36.038447,2024-06-18 10:23:36.039444,Shipped
52,172,12,44,19,2023-12-30 10:23:36.038447,2024-06-12 10:23:36.039444,Pending
53,260,67,14,84,2023-08-18 10:23:36.038447,2024-05-26 10:23:36.039444,Shipped
54,188,59,79,41,2024-02-21 10:23:36.038447,2024-05-22 10:23:36.039444,Pending
55,62,1,65,48,2023-11-28 10:23:36.038447,2024-05-28 10:23:36.039444,Delivered
56,264,89,39,73,2023-11-12 10:23:36.038447,2024-06-05 10:23:36.039444,Pending
57,221,14,99,17,2024-01-05 10:23:36.038447,2024-05-23 10:23:36.039444,Pending
58,82,93,56,10,2024-01-14 10:23:36.038447,2024-06-07 10:23:36.039444,Delivered
59,208,87,65,75,2024-02-18 10:23:36.038447,2024-06-05 10:23:36.039444,Delivered
60,125,81,15,85,2023-08-27 10:23:36.038447,2024-06-17 10:23:36.039444,Pending
61,125,19,27,65,2023-11-02 10:23:36.038447,2024-06-19 10:23:36.039444,Delivered
62,84,48,38,22,2023-09-29 10:23:36.038447,2024-06-08 10:23:36.039444,Delivered
63,271,48,26,73,2023-07-23 10:23:36.038447,2024-06-18 10:23:36.039444,Delivered
64,246,10,10,91,2023-11-02 10:23:36.038447,2024-05-27 10:23:36.039444,Pending
65,147,39,87,37,2024-02-11 10:23:36.038447,2024-05-25 10:23:36.039444,Pending
66,181,64,52,84,2024-03-11 10:23:36.038447,2024-05-24 10:23:36.039444,Pending
67,188,55,32,40,2023-11-23 10:23:36.038447,2024-06-04 10:23:36.039444,Pending
68,119,81,41,73,2023-07-13 10:23:36.038447,2024-05-23 10:23:36.039444,Pending
69,209,15,7,38,2023-12-23 10:23:36.038447,2024-06-17 10:23:36.039444,Pending
70,135,13,96,66,2024-02-16 10:23:36.038447,2024-05-27 10:23:36.039444,Pending
71,199,51,11,76,2023-06-30 10:23:36.038447,2024-06-12 10:23:36.039444,Pending
72,67,87,90,96,2024-01-16 10:23:36.038447,2024-06-12 10:23:36.039444,Pending
73,192,7,26,20,2023-07-02 10:23:36.038447,2024-06-12 10:23:36.039444,Pending
74,35,52,25,44,2024-03-14 10:23:36.038447,2024-05-22 10:23:36.039444,Pending
75,271,99,96,22,2023-06-07 10:23:36.038447,2024-06-11 10:23:36.039444,Pending
76,147,57,94,92,2023-08-23 10:23:36.038447,2024-06-16 10:23:36.039444,Pending
77,56,25,86,50,2023-08-01 10:23:36.038447,2024-06-12 10:23:36.039444,Delivered
78,99,76,58,5,2024-01-05 10:23:36.038447,2024-06-11 10:23:36.039444,Delivered
79,284,84,93,14,2023-11-03 10:23:36.038447,2024-05-30 10:23:36.039444,Shipped
80,77,37,93,79,2024-01-29 10:23:36.038447,2024-05-25 10:23:36.039444,Shipped
81,205,23,63,52,2024-02-12 10:23:36.038447,2024-06-18 10:23:36.039444,Shipped
82,280,27,98,81,2023-08-16 10:23:36.038447,2024-06-20 10:23:36.039444,Shipped
83,120,6,1,6,2023-08-02 10:23:36.038447,2024-06-19 10:23:36.039444,Pending
84,161,44,96,42,2024-03-30 10:23:36.038447,2024-06-20 10:23:36.039444,Pending
85,86,88,33,12,2023-11-29 10:23:36.038447,2024-06-08 10:23:36.039444,Pending
86,172,79,69,98,2023-10-27 10:23:36.038447,2024-06-16 10:23:36.039444,Delivered
87,33,3,56,81,2024-02-27 10:23:36.038447,2024-05-24 10:23:36.039444,Delivered
88,36,68,57,98,2024-01-09 10:23:36.038447,2024-05-29 10:23:36.039444,Delivered
89,247,94,1,14,2024-04-11 10:23:36.038447,2024-06-02 10:23:36.039444,Delivered
90,266,40,20,38,2023-06-06 10:23:36.038447,2024-06-12 10:23:36.039444,Delivered
91,286,61,11,19,2023-06-08 10:23:36.038447,2024-06-13 10:23:36.039444,Delivered
92,167,87,31,71,2023-12-06 10:23:36.038447,2024-06-15 10:23:36.039444,Shipped
93,150,75,77,62,2024-02-16 10:23:36.038447,2024-06-10 10:23:36.039444,Delivered
94,39,13,26,33,2023-08-23 10:23:36.038447,2024-06-09 10:23:36.039444,Shipped
95,299,62,81,20,2023-12-01 10:23:36.038447,2024-06-07 10:23:36.039444,Pending
96,141,80,59,75,2023-09-17 10:23:36.038447,2024-06-10 10:23:36.039444,Pending
97,33,89,63,68,2024-02-20 10:23:36.038447,2024-06-07 10:23:36.039444,Delivered
98,69,65,67,19,2023-11-28 10:23:36.038447,2024-06-19 10:23:36.039444,Pending
99,250,76,97,24,2023-11-04 10:23:36.038447,2024-06-15 10:23:36.039444,Shipped
100,56,16,57,71,2024-02-26 10:23:36.038447,2024-06-09 10:23:36.039444,Pending
401,15,37,31,18,2024-03-10 10:23:36.038447,2024-06-10 10:23:36.039444,Pending
402,24,30,78,58,2023-07-10 10:23:36.038447,2024-05-25 10:23:36.039444,Delivered
403,97,61,9,1,2024-04-05 10:23:36.038447,2024-06-04 10:23:36.039444,Pending
404,159,42,88,63,2023-09-03 10:23:36.038447,2024-06-01 10:23:36.039444,Shipped
405,143,38,83,56,2023-06-14 10:23:36.038447,2024-06-11 10:23:36.039444,Pending
406,60,38,30,70,2023-10-02 10:23:36.038447,2024-05-23 10:23:36.039444,Delivered
407,297,32,99,97,2023-11-08 10:23:36.038447,2024-06-18 10:23:36.039444,Pending
408,182,20,39,20,2023-06-20 10:23:36.038447,2024-05-28 10:23:36.039444,Shipped
409,56,2,36,15,2023-08-12 10:23:36.038447,2024-06-13 10:23:36.039444,Pending
410,87,44,76,52,2024-01-19 10:23:36.038447,2024-05-31 10:23:36.039444,Shipped
411,203,64,76,58,2024-03-30 10:23:36.038447,2024-05-30 10:23:36.039444,Pending
412,260,15,87,61,2023-11-03 10:23:36.038447,2024-05-22 10:23:36.039444,Delivered
413,19,87,5,97,2024-04-24 10:23:36.038447,2024-06-16 10:23:36.039444,Pending
414,56,80,41,63,2023-08-14 10:23:36.038447,2024-06-09 10:23:36.039444,Delivered
415,2,75,23,53,2024-02-18 10:23:36.038447,2024-06-04 10:23:36.039444,Shipped
416,53,65,68,20,2023-10-09 10:23:36.038447,2024-06-03 10:23:36.039444,Pending
417,60,31,34,62,2024-03-21 10:23:36.038447,2024-06-18 10:23:36.039444,Shipped
418,44,25,69,81,2023-06-26 10:23:36.038447,2024-05-24 10:23:36.039444,Pending
419,163,2,30,78,2023-09-24 10:23:36.038447,2024-06-06 10:23:36.039444,Delivered
420,292,23,96,81,2024-02-22 10:23:36.038447,2024-06-15 10:23:36.039444,Pending
421,210,44,92,71,2024-04-19 10:23:36.038447,2024-06-14 10:23:36.039444,Pending
422,211,49,3,12,2023-09-30 10:23:36.038447,2024-06-06 10:23:36.039444,Pending
423,23,47,9,96,2023-06-05 10:23:36.038447,2024-06-19 10:23:36.039444,Pending
424,57,47,38,87,2024-02-01 10:23:36.038447,2024-06-20 10:23:36.039444,Shipped
425,97,89,42,89,2024-02-10 10:23:36.038447,2024-06-20 10:23:36.039444,Pending
426,298,47,28,56,2023-10-08 10:23:36.038447,2024-06-14 10:23:36.039444,Shipped
427,49,42,30,31,2024-01-31 10:23:36.038447,2024-05-24 10:23:36.039444,Delivered
428,191,6,58,21,2023-08-06 10:23:36.038447,2024-06-15 10:23:36.039444,Shipped
429,178,95,82,53,2023-06-21 10:23:36.038447,2024-06-07 10:23:36.039444,Delivered
430,181,90,51,98,2023-07-28 10:23:36.038447,2024-05-26 10:23:36.039444,Pending
431,152,93,92,33,2024-02-16 10:23:36.038447,2024-06-13 10:23:36.039444,Pending
432,86,30,78,68,2024-05-07 10:23:36.038447,2024-05-30 10:23:36.039444,Shipped
433,128,6,74,63,2023-12-07 10:23:36.038447,2024-06-10 10:23:36.039444,Shipped
434,248,47,37,92,2024-02-18 10:23:36.038447,2024-06-08 10:23:36.039444,Delivered
435,221,39,56,89,2024-02-23 10:23:36.038447,2024-06-09 10:23:36.039444,Delivered
436,160,66,51,81,2024-03-03 10:23:36.038447,2024-06-15 10:23:36.039444,Pending
437,197,44,18,24,2023-07-31 10:23:36.038447,2024-06-08 10:23:36.039444,Delivered
438,291,60,99,3,2023-08-05 10:23:36.038447,2024-06-11 10:23:36.039444,Delivered
439,76,36,34,73,2023-07-12 10:23:36.038447,2024-05-23 10:23:36.039444,Shipped
440,227,52,98,80,2024-02-02 10:23:36.038447,2024-06-08 10:23:36.039444,Delivered
441,20,48,47,48,2023-10-24 10:23:36.038447,2024-06-08 10:23:36.039444,Delivered
442,19,94,84,13,2024-02-24 10:23:36.038447,2024-06-20 10:23:36.039444,Shipped
443,104,87,7,64,2024-03-31 10:23:36.038447,2024-06-14 10:23:36.039444,Delivered
444,220,48,69,56,2023-10-16 10:23:36.038447,2024-05-22 10:23:36.039444,Shipped
445,186,36,4,69,2023-12-06 10:23:36.038447,2024-06-18 10:23:36.039444,Pending
446,246,20,69,89,2023-06-20 10:23:36.038447,2024-06-03 10:23:36.039444,Delivered
447,24,93,6,45,2023-07-27 10:23:36.038447,2024-06-05 10:23:36.039444,Pending
448,230,17,86,64,2024-04-13 10:23:36.038447,2024-06-17 10:23:36.039444,Delivered
449,215,100,24,62,2023-06-29 10:23:36.038447,2024-06-08 10:23:36.039444,Delivered
450,4,15,92,26,2023-12-18 10:23:36.038447,2024-05-26 10:23:36.039444,Shipped
451,224,72,21,19,2024-01-22 10:23:36.038447,2024-05-25 10:23:36.039444,Shipped
452,27,27,77,47,2023-08-12 10:23:36.038447,2024-05-30 10:23:36.039444,Delivered
453,177,3,36,4,2023-08-14 10:23:36.038447,2024-05-24 10:23:36.039444,Delivered
454,275,22,83,15,2024-03-09 10:23:36.038447,2024-06-05 10:23:36.039444,Delivered
455,109,53,26,33,2024-01-21 10:23:36.038447,2024-05-30 10:23:36.039444,Pending
456,205,3,32,12,2024-02-26 10:23:36.038447,2024-06-04 10:23:36.039444,Shipped
457,204,41,71,28,2023-12-07 10:23:36.038447,2024-06-07 10:23:36.039444,Shipped
458,20,80,40,70,2023-06-22 10:23:36.038447,2024-06-18 10:23:36.039444,Pending
459,79,47,23,58,2023-11-17 10:23:36.038447,2024-05-25 10:23:36.039444,Delivered
460,252,63,15,71,2023-05-28 10:23:36.038447,2024-06-16 10:23:36.039444,Shipped
461,136,29,11,69,2024-01-17 10:23:36.038447,2024-05-29 10:23:36.039444,Shipped
462,223,6,10,70,2023-07-31 10:23:36.038447,2024-06-17 10:23:36.039444,Shipped
463,145,52,60,49,2023-08-19 10:23:36.038447,2024-06-01 10:23:36.039444,Pending
464,150,13,53,74,2024-02-07 10:23:36.038447,2024-06-10 10:23:36.039444,Shipped
465,230,44,73,52,2023-12-10 10:23:36.038447,2024-05-27 10:23:36.039444,Delivered
466,95,49,79,37,2023-08-11 10:23:36.038447,2024-06-20 10:23:36.039444,Pending
467,300,77,55,49,2023-12-16 10:23:36.038447,2024-06-03 10:23:36.039444,Delivered
468,58,4,61,82,2024-01-06 10:23:36.038447,2024-06-11 10:23:36.039444,Delivered
469,177,78,20,49,2023-10-21 10:23:36.038447,2024-06-03 10:23:36.039444,Delivered
470,13,73,60,54,2024-03-20 10:23:36.038447,2024-05-30 10:23:36.039444,Pending
471,106,57,64,44,2023-09-14 10:23:36.038447,2024-06-08 10:23:36.039444,Shipped
472,140,7,20,72,2023-06-26 10:23:36.038447,2024-06-04 10:23:36.039444,Pending
473,139,97,22,83,2023-09-27 10:23:36.038447,2024-06-10 10:23:36.039444,Shipped
474,278,94,41,55,2023-09-12 10:23:36.038447,2024-06-12 10:23:36.039444,Delivered
475,254,38,33,15,2024-01-30 10:23:36.038447,2024-06-08 10:23:36.039444,Pending
476,292,67,23,45,2024-02-29 10:23:36.038447,2024-06-10 10:23:36.039444,Pending
477,140,44,89,51,2023-11-02 10:23:36.038447,2024-06-16 10:23:36.039444,Delivered
478,270,73,86,87,2023-12-25 10:23:36.038447,2024-06-20 10:23:36.039444,Pending
479,136,27,73,77,2024-01-16 10:23:36.038447,2024-05-29 10:23:36.039444,Pending
480,43,15,96,97,2024-05-11 10:23:36.038447,2024-06-13 10:23:36.039444,Shipped
481,226,92,92,67,2023-08-03 10:23:36.038447,2024-06-09 10:23:36.039444,Shipped
482,126,10,62,43,2023-12-03 10:23:36.038447,2024-06-03 10:23:36.039444,Pending
483,8,39,51,92,2024-01-09 10:23:36.038447,2024-06-13 10:23:36.039444,Pending
484,42,40,76,98,2024-01-13 10:23:36.038447,2024-06-10 10:23:36.039444,Shipped
485,96,5,33,18,2023-07-31 10:23:36.038447,2024-06-08 10:23:36.039444,Delivered
486,297,31,39,39,2023-09-09 10:23:36.038447,2024-06-05 10:23:36.039444,Delivered
487,190,96,47,85,2023-07-14 10:23:36.038447,2024-05-31 10:23:36.039444,Delivered
488,120,20,51,51,2024-03-23 10:23:36.038447,2024-06-20 10:23:36.039444,Shipped
489,5,57,41,8,2024-02-19 10:23:36.038447,2024-06-07 10:23:36.039444,Pending
490,238,42,56,8,2023-10-06 10:23:36.038447,2024-06-03 10:23:36.039444,Delivered
491,199,83,87,14,2023-07-17 10:23:36.038447,2024-06-09 10:23:36.039444,Pending
492,52,16,90,97,2023-07-28 10:23:36.038447,2024-05-31 10:23:36.039444,Pending
493,178,55,2,88,2023-10-10 10:23:36.038447,2024-06-13 10:23:36.039444,Shipped
494,56,26,19,32,2024-05-20 10:23:36.038447,2024-06-19 10:23:36.039444,Shipped
495,29,92,83,47,2024-02-16 10:23:36.038447,2024-06-18 10:23:36.039444,Pending
496,118,1,100,92,2023-08-03 10:23:36.038447,2024-05-24 10:23:36.039444,Delivered
497,45,7,3,87,2024-02-22 10:23:36.038447,2024-06-01 10:23:36.039444,Shipped
498,102,86,11,85,2023-10-09 10:23:36.038447,2024-06-01 10:23:36.039444,Shipped
499,7,27,78,24,2024-04-16 10:23:36.038447,2024-06-09 10:23:36.039444,Shipped
500,118,49,12,71,2024-02-29 10:23:36.038447,2024-05-30 10:23:36.039444,Delivered
801,130,80,73,8,2023-07-24 10:23:36.038447,2024-06-19 10:23:36.039444,Pending
802,140,95,83,57,2023-06-10 10:23:36.038447,2024-05-30 10:23:36.039444,Shipped
803,53,97,93,60,2023-11-25 10:23:36.038447,2024-06-02 10:23:36.039444,Shipped
804,4,12,93,88,2023-11-13 10:23:36.038447,2024-06-16 10:23:36.039444,Pending
805,270,46,99,37,2023-12-28 10:23:36.038447,2024-06-15 10:23:36.039444,Pending
806,197,13,57,29,2023-10-17 10:23:36.038447,2024-05-30 10:23:36.039444,Pending
807,288,77,94,27,2024-02-23 10:23:36.038447,2024-05-23 10:23:36.039444,Delivered
808,263,78,7,77,2024-01-16 10:23:36.038447,2024-05-23 10:23:36.039444,Pending
809,213,47,78,45,2024-01-14 10:23:36.038447,2024-06-12 10:23:36.039444,Delivered
810,216,13,3,86,2023-09-19 10:23:36.038447,2024-06-04 10:23:36.039444,Pending
811,61,67,94,59,2024-03-28 10:23:36.038447,2024-05-30 10:23:36.039444,Delivered
812,81,28,68,89,2024-03-12 10:23:36.038447,2024-05-31 10:23:36.039444,Shipped
813,202,9,27,61,2024-01-14 10:23:36.038447,2024-06-11 10:23:36.039444,Delivered
814,289,79,98,60,2023-09-28 10:23:36.038447,2024-06-02 10:23:36.039444,Pending
815,57,36,20,46,2023-10-12 10:23:36.038447,2024-05-31 10:23:36.039444,Shipped
816,207,39,46,97,2024-05-20 10:23:36.038447,2024-06-11 10:23:36.039444,Pending
817,244,19,9,47,2024-03-26 10:23:36.038447,2024-06-05 10:23:36.039444,Pending
818,299,95,14,56,2024-04-29 10:23:36.038447,2024-06-01 10:23:36.039444,Delivered
819,14,73,94,42,2023-08-11 10:23:36.038447,2024-06-14 10:23:36.039444,Delivered
820,169,92,36,78,2024-04-21 10:23:36.038447,2024-05-26 10:23:36.039444,Delivered
821,258,63,94,67,2024-03-22 10:23:36.038447,2024-06-18 10:23:36.039444,Shipped
822,168,97,21,43,2023-09-01 10:23:36.038447,2024-05-28 10:23:36.039444,Delivered
823,211,77,92,51,2024-03-20 10:23:36.038447,2024-06-18 10:23:36.039444,Shipped
824,238,100,41,22,2024-05-02 10:23:36.038447,2024-06-19 10:23:36.039444,Pending
825,215,17,47,76,2024-02-05 10:23:36.038447,2024-05-24 10:23:36.039444,Pending
826,223,35,93,3,2024-05-08 10:23:36.038447,2024-05-25 10:23:36.039444,Pending
827,86,53,47,92,2023-10-23 10:23:36.038447,2024-05-26 10:23:36.039444,Pending
828,27,69,21,58,2023-08-12 10:23:36.038447,2024-05-28 10:23:36.039444,Pending
829,111,20,100,90,2024-01-25 10:23:36.038447,2024-05-26 10:23:36.039444,Shipped
830,247,100,91,10,2024-03-31 10:23:36.038447,2024-06-20 10:23:36.039444,Shipped
831,164,76,68,80,2023-10-04 10:23:36.038447,2024-06-13 10:23:36.039444,Shipped
832,112,36,8,22,2023-10-30 10:23:36.038447,2024-06-05 10:23:36.039444,Pending
833,271,35,17,70,2024-01-01 10:23:36.038447,2024-05-31 10:23:36.039444,Pending
834,218,39,38,97,2024-04-05 10:23:36.038447,2024-06-15 10:23:36.039444,Delivered
835,163,76,22,44,2023-09-14 10:23:36.038447,2024-06-08 10:23:36.039444,Pending
836,97,11,43,33,2024-02-29 10:23:36.038447,2024-06-10 10:23:36.039444,Shipped
837,192,52,83,39,2023-10-18 10:23:36.038447,2024-06-15 10:23:36.039444,Delivered
838,123,82,98,63,2023-08-31 10:23:36.038447,2024-06-14 10:23:36.039444,Shipped
839,175,22,32,93,2024-04-30 10:23:36.038447,2024-06-14 10:23:36.039444,Shipped
840,112,20,47,61,2023-08-17 10:23:36.038447,2024-06-06 10:23:36.039444,Shipped
841,296,64,55,97,2024-05-15 10:23:36.038447,2024-06-12 10:23:36.039444,Delivered
842,231,78,98,71,2023-08-31 10:23:36.038447,2024-06-10 10:23:36.039444,Delivered
843,45,75,38,56,2024-04-02 10:23:36.038447,2024-06-14 10:23:36.039444,Delivered
844,202,7,20,35,2023-06-13 10:23:36.038447,2024-06-17 10:23:36.039444,Shipped
845,267,100,45,94,2023-11-16 10:23:36.038447,2024-05-24 10:23:36.039444,Shipped
846,203,23,90,28,2023-10-05 10:23:36.038447,2024-06-05 10:23:36.039444,Delivered
847,123,66,55,38,2024-03-28 10:23:36.038447,2024-06-05 10:23:36.039444,Pending
848,289,92,31,76,2024-03-07 10:23:36.038447,2024-06-19 10:23:36.039444,Pending
849,26,50,60,22,2023-07-23 10:23:36.038447,2024-06-15 10:23:36.039444,Pending
850,76,78,73,60,2024-05-06 10:23:36.038447,2024-06-03 10:23:36.039444,Delivered
851,42,39,17,53,2024-03-27 10:23:36.038447,2024-06-15 10:23:36.039444,Delivered
852,278,65,58,58,2023-11-28 10:23:36.038447,2024-05-28 10:23:36.039444,Delivered
853,194,20,5,58,2023-05-27 10:23:36.038447,2024-05-29 10:23:36.039444,Shipped
854,136,5,87,33,2024-04-20 10:23:36.038447,2024-06-12 10:23:36.039444,Shipped
855,162,46,30,12,2023-09-27 10:23:36.038447,2024-05-31 10:23:36.039444,Pending
856,205,1,5,55,2024-04-08 10:23:36.038447,2024-06-11 10:23:36.039444,Shipped
857,267,36,82,83,2024-02-11 10:23:36.038447,2024-06-11 10:23:36.039444,Pending
858,104,99,44,92,2023-09-04 10:23:36.038447,2024-06-12 10:23:36.039444,Pending
859,276,94,29,21,2024-04-30 10:23:36.038447,2024-06-14 10:23:36.039444,Pending
860,295,65,6,32,2023-10-25 10:23:36.038447,2024-05-27 10:23:36.039444,Shipped
861,44,42,46,56,2023-10-03 10:23:36.038447,2024-06-06 10:23:36.039444,Delivered
862,103,84,69,81,2024-03-30 10:23:36.038447,2024-05-27 10:23:36.039444,Pending
863,190,97,84,36,2024-01-16 10:23:36.038447,2024-05-22 10:23:36.039444,Pending
864,224,87,40,67,2024-04-24 10:23:36.038447,2024-05-28 10:23:36.039444,Delivered
865,256,9,54,17,2023-09-28 10:23:36.038447,2024-06-18 10:23:36.039444,Pending
866,173,85,93,53,2023-05-23 10:23:36.038447,2024-06-17 10:23:36.039444,Shipped
867,294,60,91,60,2024-01-25 10:23:36.038447,2024-06-08 10:23:36.039444,Shipped
868,238,57,75,84,2023-12-03 10:23:36.038447,2024-06-08 10:23:36.039444,Shipped
869,248,12,50,80,2024-04-11 10:23:36.038447,2024-06-03 10:23:36.039444,Delivered
870,119,14,52,70,2024-04-27 10:23:36.038447,2024-06-12 10:23:36.039444,Pending
871,248,50,92,5,2023-12-26 10:23:36.038447,2024-05-27 10:23:36.039444,Pending
872,265,100,8,59,2023-11-19 10:23:36.038447,2024-06-17 10:23:36.039444,Shipped
873,298,73,84,17,2023-08-24 10:23:36.038447,2024-05-24 10:23:36.039444,Shipped
874,164,35,64,20,2024-01-01 10:23:36.038447,2024-06-19 10:23:36.039444,Shipped
875,156,63,88,13,2023-09-13 10:23:36.038447,2024-06-06 10:23:36.039444,Pending
876,173,4,90,34,2023-12-20 10:23:36.038447,2024-06-02 10:23:36.039444,Delivered
877,77,84,59,82,2024-02-09 10:23:36.038447,2024-06-13 10:23:36.039444,Delivered
878,166,32,83,13,2023-10-29 10:23:36.038447,2024-05-22 10:23:36.039444,Pending
879,283,32,11,50,2024-02-22 10:23:36.038447,2024-06-11 10:23:36.039444,Pending
880,222,83,20,60,2024-03-24 10:23:36.038447,2024-06-08 10:23:36.039444,Shipped
881,206,30,52,33,2023-05-27 10:23:36.038447,2024-05-23 10:23:36.039444,Pending
882,237,86,98,27,2024-02-11 10:23:36.038447,2024-06-16 10:23:36.039444,Pending
883,147,6,18,51,2024-05-09 10:23:36.038447,2024-06-18 10:23:36.039444,Shipped
884,98,31,55,28,2024-05-13 10:23:36.038447,2024-05-24 10:23:36.039444,Pending
885,251,97,74,43,2023-08-06 10:23:36.038447,2024-06-10 10:23:36.039444,Pending
886,112,14,50,52,2023-10-12 10:23:36.038447,2024-06-16 10:23:36.039444,Delivered
887,282,26,74,85,2024-02-18 10:23:36.038447,2024-06-03 10:23:36.039444,Delivered
888,157,38,61,22,2023-11-25 10:23:36.038447,2024-05-29 10:23:36.039444,Pending
889,246,16,24,76,2023-08-23 10:23:36.038447,2024-06-17 10:23:36.039444,Pending
890,66,34,43,56,2023-08-25 10:23:36.038447,2024-05-23 10:23:36.039444,Pending
891,106,42,83,54,2023-06-10 10:23:36.038447,2024-05-30 10:23:36.039444,Shipped
892,123,8,88,62,2023-11-22 10:23:36.038447,2024-06-01 10:23:36.039444,Delivered
893,226,54,54,5,2023-10-06 10:23:36.038447,2024-06-13 10:23:36.039444,Pending
894,32,8,88,4,2023-10-16 10:23:36.038447,2024-06-11 10:23:36.039444,Pending
895,193,31,85,41,2023-05-27 10:23:36.038447,2024-05-28 10:23:36.039444,Delivered
896,137,30,18,36,2023-10-15 10:23:36.038447,2024-05-23 10:23:36.039444,Delivered
897,251,3,69,47,2023-07-21 10:23:36.039444,2024-06-03 10:23:36.039444,Delivered
898,269,99,32,49,2024-01-13 10:23:36.039444,2024-06-10 10:23:36.039444,Delivered
899,57,33,3,95,2023-09-10 10:23:36.039444,2024-06-16 10:23:36.039444,Pending
900,1,72,23,4,2024-05-06 10:23:36.039444,2024-05-29 10:23:36.039444,Pending
201,62,12,44,43,2024-02-21 10:23:36.038447,2024-06-15 10:23:36.039444,Delivered
202,66,19,70,44,2023-10-01 10:23:36.038447,2024-06-03 10:23:36.039444,Delivered
203,58,37,17,42,2023-11-07 10:23:36.038447,2024-06-09 10:23:36.039444,Shipped
204,59,81,72,1,2023-07-11 10:23:36.038447,2024-06-12 10:23:36.039444,Pending
205,263,6,72,97,2023-08-25 10:23:36.038447,2024-06-20 10:23:36.039444,Shipped
206,198,85,89,63,2024-03-20 10:23:36.038447,2024-06-18 10:23:36.039444,Delivered
207,186,28,54,54,2023-05-31 10:23:36.038447,2024-06-06 10:23:36.039444,Shipped
208,271,55,91,53,2023-07-24 10:23:36.038447,2024-06-12 10:23:36.039444,Pending
209,165,27,60,78,2023-08-27 10:23:36.038447,2024-06-11 10:23:36.039444,Delivered
210,230,79,97,47,2023-09-22 10:23:36.038447,2024-05-23 10:23:36.039444,Pending
211,123,93,59,46,2023-08-08 10:23:36.038447,2024-05-30 10:23:36.039444,Delivered
212,194,69,34,6,2024-04-21 10:23:36.038447,2024-05-23 10:23:36.039444,Shipped
213,65,21,46,47,2023-07-17 10:23:36.038447,2024-06-09 10:23:36.039444,Delivered
214,43,90,83,35,2024-03-15 10:23:36.038447,2024-06-02 10:23:36.039444,Delivered
215,33,57,60,28,2023-09-20 10:23:36.038447,2024-05-29 10:23:36.039444,Delivered
216,196,1,67,36,2024-05-18 10:23:36.038447,2024-06-13 10:23:36.039444,Delivered
217,91,34,22,20,2024-01-03 10:23:36.038447,2024-05-25 10:23:36.039444,Delivered
218,250,63,45,2,2023-11-19 10:23:36.038447,2024-05-30 10:23:36.039444,Pending
219,233,28,18,12,2024-03-16 10:23:36.038447,2024-06-19 10:23:36.039444,Shipped
220,188,43,84,65,2024-01-22 10:23:36.038447,2024-06-16 10:23:36.039444,Delivered
221,16,24,45,7,2023-09-01 10:23:36.038447,2024-05-24 10:23:36.039444,Delivered
222,66,62,32,31,2023-08-26 10:23:36.038447,2024-06-16 10:23:36.039444,Delivered
223,166,58,61,36,2023-08-10 10:23:36.038447,2024-06-09 10:23:36.039444,Delivered
224,48,27,93,45,2023-11-25 10:23:36.038447,2024-06-04 10:23:36.039444,Shipped
225,116,56,80,30,2023-10-29 10:23:36.038447,2024-05-25 10:23:36.039444,Delivered
226,156,85,84,91,2024-02-28 10:23:36.038447,2024-06-02 10:23:36.039444,Pending
227,55,16,20,20,2024-03-12 10:23:36.038447,2024-06-04 10:23:36.039444,Shipped
228,133,56,30,20,2023-12-04 10:23:36.038447,2024-05-23 10:23:36.039444,Pending
229,209,32,78,77,2023-08-10 10:23:36.038447,2024-06-06 10:23:36.039444,Shipped
230,116,22,47,68,2023-10-15 10:23:36.038447,2024-06-19 10:23:36.039444,Delivered
231,201,81,10,12,2023-10-21 10:23:36.038447,2024-06-08 10:23:36.039444,Shipped
232,82,83,59,10,2024-04-22 10:23:36.038447,2024-06-11 10:23:36.039444,Pending
233,224,21,80,44,2023-12-07 10:23:36.038447,2024-05-29 10:23:36.039444,Shipped
234,170,62,13,31,2023-07-28 10:23:36.038447,2024-05-27 10:23:36.039444,Shipped
235,47,96,6,2,2023-09-05 10:23:36.038447,2024-06-06 10:23:36.039444,Pending
236,121,10,74,84,2023-10-22 10:23:36.038447,2024-05-31 10:23:36.039444,Delivered
237,235,75,54,7,2023-10-04 10:23:36.038447,2024-06-12 10:23:36.039444,Shipped
238,60,98,86,14,2023-08-20 10:23:36.038447,2024-06-19 10:23:36.039444,Shipped
239,124,27,57,30,2023-10-08 10:23:36.038447,2024-06-16 10:23:36.039444,Pending
240,141,49,40,39,2023-12-30 10:23:36.038447,2024-06-13 10:23:36.039444,Delivered
241,261,10,65,8,2023-12-21 10:23:36.038447,2024-06-08 10:23:36.039444,Delivered
242,40,85,72,99,2024-02-26 10:23:36.038447,2024-06-08 10:23:36.039444,Pending
243,280,23,82,37,2024-03-12 10:23:36.038447,2024-05-29 10:23:36.039444,Pending
244,95,46,6,78,2023-09-12 10:23:36.038447,2024-06-01 10:23:36.039444,Pending
245,280,17,18,98,2023-05-26 10:23:36.038447,2024-06-14 10:23:36.039444,Pending
246,184,18,88,59,2023-12-01 10:23:36.038447,2024-06-03 10:23:36.039444,Pending
247,221,23,80,76,2023-09-03 10:23:36.038447,2024-06-02 10:23:36.039444,Shipped
248,263,11,25,97,2023-12-01 10:23:36.038447,2024-05-25 10:23:36.039444,Delivered
249,203,24,6,97,2023-06-14 10:23:36.038447,2024-06-15 10:23:36.039444,Shipped
250,237,31,86,48,2023-12-30 10:23:36.038447,2024-06-20 10:23:36.039444,Shipped
251,26,58,55,64,2023-08-18 10:23:36.038447,2024-06-05 10:23:36.039444,Delivered
252,3,60,8,81,2023-07-03 10:23:36.038447,2024-06-09 10:23:36.039444,Delivered
253,259,39,54,93,2023-11-30 10:23:36.038447,2024-06-16 10:23:36.039444,Delivered
254,16,22,9,22,2023-07-25 10:23:36.038447,2024-06-18 10:23:36.039444,Delivered
255,256,11,53,72,2023-10-18 10:23:36.038447,2024-06-16 10:23:36.039444,Pending
256,94,9,10,73,2023-11-17 10:23:36.038447,2024-06-12 10:23:36.039444,Shipped
257,271,72,27,29,2023-12-11 10:23:36.038447,2024-06-12 10:23:36.039444,Pending
258,61,45,55,49,2023-05-23 10:23:36.038447,2024-06-11 10:23:36.039444,Shipped
259,46,74,83,7,2023-07-12 10:23:36.038447,2024-06-03 10:23:36.039444,Pending
260,64,39,5,71,2023-12-26 10:23:36.038447,2024-05-27 10:23:36.039444,Delivered
261,253,62,50,18,2024-02-20 10:23:36.038447,2024-05-31 10:23:36.039444,Pending
262,109,39,84,74,2023-09-07 10:23:36.038447,2024-06-11 10:23:36.039444,Delivered
263,273,55,14,54,2024-03-17 10:23:36.038447,2024-05-23 10:23:36.039444,Shipped
264,176,28,80,99,2023-12-18 10:23:36.038447,2024-06-19 10:23:36.039444,Pending
265,249,89,70,11,2023-07-12 10:23:36.038447,2024-06-10 10:23:36.039444,Pending
266,143,50,9,27,2024-03-22 10:23:36.038447,2024-06-20 10:23:36.039444,Shipped
267,212,79,15,37,2024-04-09 10:23:36.038447,2024-06-04 10:23:36.039444,Shipped
268,87,53,45,22,2023-06-02 10:23:36.038447,2024-06-13 10:23:36.039444,Shipped
269,31,33,43,72,2023-10-15 10:23:36.038447,2024-06-11 10:23:36.039444,Delivered
270,169,50,64,57,2023-12-03 10:23:36.038447,2024-05-31 10:23:36.039444,Shipped
271,271,62,9,73,2024-05-08 10:23:36.038447,2024-06-17 10:23:36.039444,Pending
272,46,84,77,26,2024-03-13 10:23:36.038447,2024-06-10 10:23:36.039444,Shipped
273,125,61,47,14,2024-05-18 10:23:36.038447,2024-06-03 10:23:36.039444,Shipped
274,160,38,69,75,2024-05-01 10:23:36.038447,2024-06-03 10:23:36.039444,Shipped
275,186,71,100,44,2024-04-30 10:23:36.038447,2024-06-08 10:23:36.039444,Shipped
276,48,61,34,1,2024-03-03 10:23:36.038447,2024-05-29 10:23:36.039444,Delivered
277,166,70,4,73,2023-12-16 10:23:36.038447,2024-06-14 10:23:36.039444,Pending
278,141,38,2,15,2023-11-13 10:23:36.038447,2024-05-30 10:23:36.039444,Delivered
279,295,79,3,8,2023-06-29 10:23:36.038447,2024-06-20 10:23:36.039444,Delivered
280,207,21,67,65,2024-01-25 10:23:36.038447,2024-06-10 10:23:36.039444,Pending
281,272,32,3,99,2023-07-26 10:23:36.038447,2024-06-04 10:23:36.039444,Shipped
282,293,41,81,31,2023-06-25 10:23:36.038447,2024-05-22 10:23:36.039444,Shipped
283,200,25,4,94,2024-01-24 10:23:36.038447,2024-05-30 10:23:36.039444,Shipped
284,44,30,33,74,2024-04-14 10:23:36.038447,2024-06-05 10:23:36.039444,Delivered
285,134,24,76,77,2024-01-21 10:23:36.038447,2024-06-07 10:23:36.039444,Pending
286,227,61,81,22,2024-03-15 10:23:36.038447,2024-05-31 10:23:36.039444,Pending
287,41,47,59,61,2023-06-27 10:23:36.038447,2024-05-26 10:23:36.039444,Pending
288,115,3,9,97,2024-03-23 10:23:36.038447,2024-05-24 10:23:36.039444,Delivered
289,114,94,20,50,2023-12-07 10:23:36.038447,2024-06-05 10:23:36.039444,Delivered
290,52,25,96,25,2023-12-11 10:23:36.038447,2024-05-22 10:23:36.039444,Delivered
291,6,70,10,10,2024-04-16 10:23:36.038447,2024-05-26 10:23:36.039444,Delivered
292,207,46,79,53,2024-02-05 10:23:36.038447,2024-06-08 10:23:36.039444,Pending
293,246,81,54,78,2024-05-19 10:23:36.038447,2024-06-01 10:23:36.039444,Shipped
294,280,39,38,48,2023-12-08 10:23:36.038447,2024-05-25 10:23:36.039444,Pending
295,176,35,79,73,2023-11-29 10:23:36.038447,2024-06-03 10:23:36.039444,Delivered
296,55,39,75,21,2023-09-18 10:23:36.038447,2024-05-26 10:23:36.039444,Delivered
297,269,50,61,45,2024-05-04 10:23:36.038447,2024-05-27 10:23:36.039444,Delivered
298,292,73,72,91,2023-08-28 10:23:36.038447,2024-06-20 10:23:36.039444,Shipped
299,284,91,99,25,2024-02-07 10:23:36.038447,2024-06-02 10:23:36.039444,Pending
300,171,9,32,75,2023-07-02 10:23:36.038447,2024-06-09 10:23:36.039444,Shipped
601,246,4,56,20,2023-10-22 10:23:36.038447,2024-05-22 10:23:36.039444,Shipped
602,4,59,80,90,2023-09-24 10:23:36.038447,2024-06-17 10:23:36.039444,Delivered
603,79,99,99,53,2024-04-09 10:23:36.038447,2024-06-16 10:23:36.039444,Delivered
604,44,62,79,23,2024-02-04 10:23:36.038447,2024-06-20 10:23:36.039444,Shipped
605,8,83,35,45,2023-06-05 10:23:36.038447,2024-05-31 10:23:36.039444,Pending
606,196,20,24,28,2023-07-23 10:23:36.038447,2024-06-01 10:23:36.039444,Shipped
607,229,17,87,28,2023-09-09 10:23:36.038447,2024-06-04 10:23:36.039444,Shipped
608,24,40,92,44,2024-04-04 10:23:36.038447,2024-06-18 10:23:36.039444,Delivered
609,140,100,74,53,2023-07-15 10:23:36.038447,2024-06-02 10:23:36.039444,Pending
610,273,11,53,6,2024-03-24 10:23:36.038447,2024-06-06 10:23:36.039444,Delivered
611,45,60,41,65,2024-03-08 10:23:36.038447,2024-06-15 10:23:36.039444,Pending
612,188,62,22,50,2023-10-31 10:23:36.038447,2024-06-05 10:23:36.039444,Pending
613,167,53,65,58,2024-04-27 10:23:36.038447,2024-06-01 10:23:36.039444,Pending
614,179,84,62,64,2023-07-02 10:23:36.038447,2024-06-08 10:23:36.039444,Delivered
615,228,29,13,48,2024-03-05 10:23:36.038447,2024-06-19 10:23:36.039444,Pending
616,33,7,11,31,2024-03-05 10:23:36.038447,2024-05-22 10:23:36.039444,Pending
617,83,61,38,39,2024-03-23 10:23:36.038447,2024-06-09 10:23:36.039444,Shipped
618,83,26,70,40,2024-02-05 10:23:36.038447,2024-06-05 10:23:36.039444,Shipped
619,212,65,2,80,2024-03-02 10:23:36.038447,2024-06-16 10:23:36.039444,Delivered
620,137,70,83,33,2024-03-22 10:23:36.038447,2024-05-31 10:23:36.039444,Shipped
621,49,10,51,88,2023-06-05 10:23:36.038447,2024-06-15 10:23:36.039444,Pending
622,39,61,100,62,2023-05-29 10:23:36.038447,2024-06-01 10:23:36.039444,Pending
623,287,69,59,50,2023-09-29 10:23:36.038447,2024-05-29 10:23:36.039444,Pending
624,38,4,7,36,2023-10-25 10:23:36.038447,2024-05-28 10:23:36.039444,Shipped
625,261,86,29,40,2023-09-26 10:23:36.038447,2024-06-16 10:23:36.039444,Delivered
626,166,67,58,49,2023-06-18 10:23:36.038447,2024-06-07 10:23:36.039444,Pending
627,111,70,94,27,2024-03-11 10:23:36.038447,2024-06-16 10:23:36.039444,Pending
628,95,82,72,30,2024-04-24 10:23:36.038447,2024-06-10 10:23:36.039444,Shipped
629,217,36,46,12,2024-03-24 10:23:36.038447,2024-05-22 10:23:36.039444,Pending
630,166,51,26,86,2023-07-16 10:23:36.038447,2024-06-04 10:23:36.039444,Shipped
631,189,30,81,72,2023-06-12 10:23:36.038447,2024-05-26 10:23:36.039444,Pending
632,194,71,41,53,2024-04-06 10:23:36.038447,2024-05-29 10:23:36.039444,Delivered
633,119,41,60,54,2024-03-23 10:23:36.038447,2024-06-18 10:23:36.039444,Pending
634,98,81,58,77,2024-03-25 10:23:36.038447,2024-06-16 10:23:36.039444,Shipped
635,251,24,95,26,2023-11-08 10:23:36.038447,2024-06-02 10:23:36.039444,Delivered
636,11,99,43,51,2023-10-28 10:23:36.038447,2024-05-30 10:23:36.039444,Delivered
637,85,31,63,1,2024-03-29 10:23:36.038447,2024-06-16 10:23:36.039444,Delivered
638,170,33,81,39,2024-03-16 10:23:36.038447,2024-06-03 10:23:36.039444,Delivered
639,171,25,87,51,2024-02-19 10:23:36.038447,2024-06-19 10:23:36.039444,Shipped
640,265,15,66,47,2024-04-30 10:23:36.038447,2024-06-03 10:23:36.039444,Shipped
641,17,16,84,89,2024-03-21 10:23:36.038447,2024-06-16 10:23:36.039444,Delivered
642,216,8,65,47,2023-07-10 10:23:36.038447,2024-05-26 10:23:36.039444,Delivered
643,40,59,76,99,2024-05-05 10:23:36.038447,2024-06-18 10:23:36.039444,Shipped
644,20,12,75,86,2023-10-06 10:23:36.038447,2024-06-11 10:23:36.039444,Pending
645,21,11,68,13,2024-03-13 10:23:36.038447,2024-05-27 10:23:36.039444,Shipped
646,46,45,77,6,2023-11-28 10:23:36.038447,2024-06-15 10:23:36.039444,Shipped
647,157,15,86,55,2023-06-18 10:23:36.038447,2024-06-04 10:23:36.039444,Pending
648,283,8,9,36,2023-08-25 10:23:36.038447,2024-06-01 10:23:36.039444,Shipped
649,71,78,53,92,2023-10-10 10:23:36.038447,2024-06-13 10:23:36.039444,Pending
650,227,69,15,77,2024-01-15 10:23:36.038447,2024-05-31 10:23:36.039444,Shipped
651,292,58,79,49,2024-02-10 10:23:36.038447,2024-05-23 10:23:36.039444,Delivered
652,102,72,58,50,2023-07-08 10:23:36.038447,2024-05-25 10:23:36.039444,Pending
653,124,44,64,6,2024-02-02 10:23:36.038447,2024-06-03 10:23:36.039444,Pending
654,226,13,57,81,2024-05-03 10:23:36.038447,2024-06-11 10:23:36.039444,Shipped
655,148,65,15,48,2023-12-23 10:23:36.038447,2024-06-01 10:23:36.039444,Delivered
656,164,95,57,94,2023-08-03 10:23:36.038447,2024-06-10 10:23:36.039444,Delivered
657,158,56,30,65,2024-02-13 10:23:36.038447,2024-06-10 10:23:36.039444,Pending
658,193,59,78,17,2023-10-14 10:23:36.038447,2024-06-02 10:23:36.039444,Shipped
659,119,94,89,4,2023-11-09 10:23:36.038447,2024-05-29 10:23:36.039444,Delivered
660,47,21,57,19,2023-12-01 10:23:36.038447,2024-06-20 10:23:36.039444,Delivered
661,247,48,80,43,2024-02-05 10:23:36.038447,2024-05-23 10:23:36.039444,Delivered
662,245,4,86,17,2023-08-21 10:23:36.038447,2024-05-22 10:23:36.039444,Delivered
663,135,16,96,91,2024-05-15 10:23:36.038447,2024-06-13 10:23:36.039444,Shipped
664,35,20,90,7,2023-06-18 10:23:36.038447,2024-06-20 10:23:36.039444,Delivered
665,274,7,11,10,2024-02-20 10:23:36.038447,2024-06-12 10:23:36.039444,Pending
666,79,4,84,41,2023-10-01 10:23:36.038447,2024-06-04 10:23:36.039444,Pending
667,72,86,81,40,2023-06-23 10:23:36.038447,2024-05-27 10:23:36.039444,Delivered
668,194,26,23,16,2023-06-16 10:23:36.038447,2024-06-18 10:23:36.039444,Pending
669,168,19,79,44,2023-12-19 10:23:36.038447,2024-05-27 10:23:36.039444,Pending
670,16,50,78,75,2023-08-29 10:23:36.038447,2024-05-25 10:23:36.039444,Pending
671,253,66,43,49,2024-03-29 10:23:36.038447,2024-05-27 10:23:36.039444,Shipped
672,68,40,57,29,2024-03-06 10:23:36.038447,2024-05-26 10:23:36.039444,Shipped
673,13,71,97,46,2023-12-29 10:23:36.038447,2024-05-31 10:23:36.039444,Delivered
674,66,33,6,35,2024-02-21 10:23:36.038447,2024-05-27 10:23:36.039444,Delivered
675,70,14,63,28,2024-03-31 10:23:36.038447,2024-06-15 10:23:36.039444,Pending
676,46,33,3,18,2024-04-05 10:23:36.038447,2024-06-16 10:23:36.039444,Shipped
677,262,97,56,15,2023-12-28 10:23:36.038447,2024-06-05 10:23:36.039444,Delivered
678,151,43,16,84,2024-05-10 10:23:36.038447,2024-06-04 10:23:36.039444,Pending
679,97,32,65,8,2023-08-10 10:23:36.038447,2024-06-19 10:23:36.039444,Pending
680,227,92,46,92,2023-06-07 10:23:36.038447,2024-06-06 10:23:36.039444,Delivered
681,202,57,42,39,2023-11-01 10:23:36.038447,2024-06-13 10:23:36.039444,Delivered
682,6,70,90,38,2023-07-06 10:23:36.038447,2024-06-12 10:23:36.039444,Pending
683,230,1,65,79,2023-08-27 10:23:36.038447,2024-06-06 10:23:36.039444,Pending
684,148,79,18,75,2024-03-11 10:23:36.038447,2024-05-31 10:23:36.039444,Shipped
685,201,96,22,24,2023-12-01 10:23:36.038447,2024-06-03 10:23:36.039444,Shipped
686,210,42,57,8,2024-05-17 10:23:36.038447,2024-05-26 10:23:36.039444,Pending
687,166,49,100,63,2023-07-31 10:23:36.038447,2024-06-15 10:23:36.039444,Pending
688,13,99,23,13,2023-06-16 10:23:36.038447,2024-06-01 10:23:36.039444,Pending
689,177,15,61,13,2023-12-06 10:23:36.038447,2024-06-10 10:23:36.039444,Shipped
690,63,89,33,67,2024-03-14 10:23:36.038447,2024-05-24 10:23:36.039444,Pending
691,175,25,67,64,2024-03-06 10:23:36.038447,2024-06-03 10:23:36.039444,Delivered
692,3,61,91,81,2023-07-21 10:23:36.038447,2024-05-22 10:23:36.039444,Delivered
693,211,96,66,96,2023-12-27 10:23:36.038447,2024-05-25 10:23:36.039444,Delivered
694,175,91,90,11,2023-11-11 10:23:36.038447,2024-05-24 10:23:36.039444,Shipped
695,111,73,53,81,2024-03-17 10:23:36.038447,2024-05-27 10:23:36.039444,Pending
696,270,42,66,87,2024-05-13 10:23:36.038447,2024-05-30 10:23:36.039444,Pending
697,50,78,57,88,2023-07-24 10:23:36.038447,2024-06-13 10:23:36.039444,Delivered
698,64,64,2,31,2024-02-12 10:23:36.038447,2024-05-25 10:23:36.039444,Shipped
699,161,72,82,26,2023-05-29 10:23:36.038447,2024-05-24 10:23:36.039444,Delivered
700,275,81,29,65,2023-11-16 10:23:36.038447,2024-06-02 10:23:36.039444,Delivered
101,229,60,36,56,2023-08-01 10:23:36.038447,2024-06-05 10:23:36.039444,Shipped
102,242,29,38,25,2024-02-24 10:23:36.038447,2024-06-19 10:23:36.039444,Shipped
103,73,78,63,91,2023-10-28 10:23:36.038447,2024-05-26 10:23:36.039444,Pending
104,185,44,90,28,2023-07-25 10:23:36.038447,2024-06-19 10:23:36.039444,Shipped
105,132,4,33,47,2024-01-29 10:23:36.038447,2024-05-25 10:23:36.039444,Pending
106,43,7,86,62,2023-06-01 10:23:36.038447,2024-05-24 10:23:36.039444,Delivered
107,180,9,36,47,2024-01-29 10:23:36.038447,2024-06-05 10:23:36.039444,Pending
108,13,90,76,19,2023-11-28 10:23:36.038447,2024-05-22 10:23:36.039444,Delivered
109,281,15,54,36,2023-08-24 10:23:36.038447,2024-06-14 10:23:36.039444,Shipped
110,231,65,50,4,2023-07-15 10:23:36.038447,2024-06-17 10:23:36.039444,Shipped
111,57,37,44,51,2023-06-05 10:23:36.038447,2024-06-08 10:23:36.039444,Delivered
112,64,40,57,28,2023-11-14 10:23:36.038447,2024-06-07 10:23:36.039444,Pending
113,96,47,69,4,2024-03-30 10:23:36.038447,2024-06-11 10:23:36.039444,Delivered
114,171,81,11,14,2024-01-28 10:23:36.038447,2024-06-09 10:23:36.039444,Pending
115,285,92,90,25,2023-09-06 10:23:36.038447,2024-05-31 10:23:36.039444,Delivered
116,103,31,24,29,2024-03-28 10:23:36.038447,2024-06-20 10:23:36.039444,Delivered
117,286,54,87,39,2023-08-09 10:23:36.038447,2024-06-12 10:23:36.039444,Pending
118,277,33,21,68,2023-05-24 10:23:36.038447,2024-06-07 10:23:36.039444,Shipped
119,106,31,42,82,2023-11-03 10:23:36.038447,2024-05-22 10:23:36.039444,Shipped
120,61,95,100,41,2023-11-14 10:23:36.038447,2024-06-17 10:23:36.039444,Shipped
121,194,52,8,34,2023-11-16 10:23:36.038447,2024-06-17 10:23:36.039444,Delivered
122,118,39,69,19,2024-05-08 10:23:36.038447,2024-06-18 10:23:36.039444,Delivered
123,46,88,98,37,2023-06-26 10:23:36.038447,2024-05-24 10:23:36.039444,Pending
124,88,69,45,21,2023-09-14 10:23:36.038447,2024-06-08 10:23:36.039444,Pending
125,20,70,14,73,2023-08-30 10:23:36.038447,2024-06-20 10:23:36.039444,Shipped
126,56,93,74,5,2024-01-08 10:23:36.038447,2024-06-03 10:23:36.039444,Shipped
127,59,61,22,10,2023-11-06 10:23:36.038447,2024-06-19 10:23:36.039444,Shipped
128,198,67,10,27,2023-08-09 10:23:36.038447,2024-05-30 10:23:36.039444,Delivered
129,132,58,26,45,2023-12-07 10:23:36.038447,2024-05-31 10:23:36.039444,Shipped
130,262,47,92,33,2024-05-13 10:23:36.038447,2024-06-08 10:23:36.039444,Delivered
131,21,10,41,22,2023-07-14 10:23:36.038447,2024-05-26 10:23:36.039444,Pending
132,74,49,100,70,2023-12-09 10:23:36.038447,2024-05-27 10:23:36.039444,Pending
133,159,35,65,98,2023-09-15 10:23:36.038447,2024-06-15 10:23:36.039444,Pending
134,168,52,89,11,2023-06-08 10:23:36.038447,2024-05-25 10:23:36.039444,Pending
135,44,64,90,31,2023-12-26 10:23:36.038447,2024-06-05 10:23:36.039444,Delivered
136,290,26,10,55,2024-01-09 10:23:36.038447,2024-06-19 10:23:36.039444,Pending
137,18,27,93,63,2024-01-28 10:23:36.038447,2024-06-19 10:23:36.039444,Shipped
138,206,28,62,73,2024-05-18 10:23:36.038447,2024-06-02 10:23:36.039444,Shipped
139,123,29,10,66,2024-02-12 10:23:36.038447,2024-06-07 10:23:36.039444,Pending
140,161,52,26,84,2023-12-17 10:23:36.038447,2024-06-07 10:23:36.039444,Pending
141,186,32,60,27,2023-07-05 10:23:36.038447,2024-06-14 10:23:36.039444,Shipped
142,51,91,75,87,2023-07-07 10:23:36.038447,2024-06-20 10:23:36.039444,Shipped
143,280,91,94,66,2024-03-21 10:23:36.038447,2024-05-29 10:23:36.039444,Shipped
144,112,57,25,11,2023-06-11 10:23:36.038447,2024-06-09 10:23:36.039444,Delivered
145,44,35,48,65,2023-09-02 10:23:36.038447,2024-06-05 10:23:36.039444,Delivered
146,32,31,28,98,2023-07-31 10:23:36.038447,2024-06-07 10:23:36.039444,Shipped
147,71,83,17,25,2024-04-13 10:23:36.038447,2024-06-02 10:23:36.039444,Shipped
148,115,52,76,6,2024-03-25 10:23:36.038447,2024-06-05 10:23:36.039444,Pending
149,169,42,73,52,2023-09-18 10:23:36.038447,2024-06-20 10:23:36.039444,Shipped
150,245,27,93,42,2023-07-20 10:23:36.038447,2024-05-22 10:23:36.039444,Pending
151,231,43,49,77,2023-09-17 10:23:36.038447,2024-06-08 10:23:36.039444,Delivered
152,36,66,100,76,2024-02-27 10:23:36.038447,2024-05-27 10:23:36.039444,Pending
153,68,77,80,21,2024-04-27 10:23:36.038447,2024-05-23 10:23:36.039444,Shipped
154,189,90,89,16,2024-02-10 10:23:36.038447,2024-06-16 10:23:36.039444,Shipped
155,170,14,11,59,2023-08-28 10:23:36.038447,2024-05-22 10:23:36.039444,Delivered
156,23,77,51,10,2023-05-27 10:23:36.038447,2024-05-30 10:23:36.039444,Shipped
157,195,30,23,22,2023-12-03 10:23:36.038447,2024-06-08 10:23:36.039444,Shipped
158,274,69,58,36,2023-07-29 10:23:36.038447,2024-05-23 10:23:36.039444,Shipped
159,282,37,1,59,2024-01-22 10:23:36.038447,2024-06-04 10:23:36.039444,Pending
160,194,55,70,10,2024-01-05 10:23:36.038447,2024-06-06 10:23:36.039444,Pending
161,85,33,94,30,2024-05-02 10:23:36.038447,2024-06-01 10:23:36.039444,Pending
162,185,80,76,2,2024-04-07 10:23:36.038447,2024-06-06 10:23:36.039444,Delivered
163,135,59,56,93,2023-11-17 10:23:36.038447,2024-06-12 10:23:36.039444,Shipped
164,225,18,17,66,2024-02-04 10:23:36.038447,2024-05-24 10:23:36.039444,Shipped
165,205,73,74,35,2023-11-02 10:23:36.038447,2024-06-17 10:23:36.039444,Shipped
166,184,88,99,14,2023-12-16 10:23:36.038447,2024-06-17 10:23:36.039444,Pending
167,104,64,58,35,2024-04-06 10:23:36.038447,2024-05-27 10:23:36.039444,Delivered
168,297,21,67,11,2023-12-07 10:23:36.038447,2024-06-17 10:23:36.039444,Pending
169,137,79,20,63,2023-12-23 10:23:36.038447,2024-05-28 10:23:36.039444,Delivered
170,276,84,83,97,2023-10-02 10:23:36.038447,2024-06-03 10:23:36.039444,Pending
171,46,19,24,49,2024-03-27 10:23:36.038447,2024-06-09 10:23:36.039444,Shipped
172,161,65,5,32,2023-12-06 10:23:36.038447,2024-05-24 10:23:36.039444,Pending
173,109,50,18,62,2023-12-06 10:23:36.038447,2024-05-31 10:23:36.039444,Shipped
174,44,25,83,25,2024-02-08 10:23:36.038447,2024-06-10 10:23:36.039444,Delivered
175,192,49,20,76,2024-03-28 10:23:36.038447,2024-06-03 10:23:36.039444,Shipped
176,53,28,30,75,2024-02-01 10:23:36.038447,2024-05-24 10:23:36.039444,Pending
177,291,57,7,19,2024-02-23 10:23:36.038447,2024-06-15 10:23:36.039444,Shipped
178,300,54,45,35,2023-11-16 10:23:36.038447,2024-06-11 10:23:36.039444,Delivered
179,265,15,62,92,2023-07-09 10:23:36.038447,2024-06-12 10:23:36.039444,Delivered
180,111,61,4,86,2024-02-02 10:23:36.038447,2024-05-24 10:23:36.039444,Shipped
181,7,26,73,62,2023-10-20 10:23:36.038447,2024-06-20 10:23:36.039444,Delivered
182,242,97,73,63,2023-09-21 10:23:36.038447,2024-05-27 10:23:36.039444,Shipped
183,44,82,37,1,2023-08-27 10:23:36.038447,2024-06-07 10:23:36.039444,Pending
184,138,99,76,73,2024-04-02 10:23:36.038447,2024-06-19 10:23:36.039444,Delivered
185,214,1,77,52,2024-01-21 10:23:36.038447,2024-06-06 10:23:36.039444,Delivered
186,163,19,84,64,2023-10-16 10:23:36.038447,2024-06-12 10:23:36.039444,Pending
187,69,94,44,30,2023-10-05 10:23:36.038447,2024-06-17 10:23:36.039444,Shipped
188,121,93,69,90,2023-12-11 10:23:36.038447,2024-06-09 10:23:36.039444,Delivered
189,253,46,84,81,2024-04-28 10:23:36.038447,2024-05-30 10:23:36.039444,Pending
190,106,100,16,51,2024-05-13 10:23:36.038447,2024-06-16 10:23:36.039444,Shipped
191,283,59,38,3,2023-07-09 10:23:36.038447,2024-05-27 10:23:36.039444,Shipped
192,127,28,18,1,2024-01-06 10:23:36.038447,2024-06-10 10:23:36.039444,Delivered
193,126,57,4,42,2024-03-06 10:23:36.038447,2024-06-12 10:23:36.039444,Pending
194,221,20,18,1,2023-05-31 10:23:36.038447,2024-06-04 10:23:36.039444,Shipped
195,134,6,85,80,2023-06-27 10:23:36.038447,2024-06-08 10:23:36.039444,Delivered
196,117,43,43,30,2024-03-27 10:23:36.038447,2024-06-19 10:23:36.039444,Pending
197,110,99,9,76,2023-12-28 10:23:36.038447,2024-06-07 10:23:36.039444,Shipped
198,98,60,16,26,2024-04-07 10:23:36.038447,2024-05-26 10:23:36.039444,Delivered
199,120,48,8,11,2024-05-03 10:23:36.038447,2024-06-05 10:23:36.039444,Delivered
200,217,39,42,64,2023-11-22 10:23:36.038447,2024-06-14 10:23:36.039444,Delivered
501,92,7,13,96,2024-04-23 10:23:36.038447,2024-06-01 10:23:36.039444,Pending
502,287,47,60,53,2023-12-04 10:23:36.038447,2024-06-16 10:23:36.039444,Shipped
503,165,99,93,95,2024-01-16 10:23:36.038447,2024-06-12 10:23:36.039444,Pending
504,69,93,25,63,2023-06-15 10:23:36.038447,2024-05-23 10:23:36.039444,Shipped
505,146,50,38,7,2023-07-21 10:23:36.038447,2024-05-25 10:23:36.039444,Delivered
506,218,8,48,48,2023-09-25 10:23:36.038447,2024-05-25 10:23:36.039444,Pending
507,130,46,71,71,2023-08-26 10:23:36.038447,2024-06-10 10:23:36.039444,Shipped
508,285,90,27,86,2023-09-10 10:23:36.038447,2024-05-26 10:23:36.039444,Shipped
509,48,62,29,24,2024-03-25 10:23:36.038447,2024-06-14 10:23:36.039444,Delivered
510,291,98,98,34,2024-02-02 10:23:36.038447,2024-06-10 10:23:36.039444,Shipped
511,18,86,12,72,2023-09-13 10:23:36.038447,2024-06-12 10:23:36.039444,Pending
512,289,96,73,8,2023-05-25 10:23:36.038447,2024-05-27 10:23:36.039444,Delivered
513,21,26,42,48,2023-12-06 10:23:36.038447,2024-05-23 10:23:36.039444,Shipped
514,97,56,1,95,2024-03-12 10:23:36.038447,2024-06-18 10:23:36.039444,Shipped
515,144,89,63,77,2023-07-30 10:23:36.038447,2024-06-12 10:23:36.039444,Pending
516,87,82,22,69,2023-08-10 10:23:36.038447,2024-06-15 10:23:36.039444,Delivered
517,71,34,37,57,2023-08-30 10:23:36.038447,2024-06-06 10:23:36.039444,Delivered
518,284,67,80,23,2024-01-18 10:23:36.038447,2024-06-02 10:23:36.039444,Pending
519,242,53,14,19,2024-03-16 10:23:36.038447,2024-05-29 10:23:36.039444,Delivered
520,125,67,6,14,2024-03-06 10:23:36.038447,2024-06-13 10:23:36.039444,Shipped
521,4,84,32,61,2024-05-07 10:23:36.038447,2024-06-20 10:23:36.039444,Shipped
522,93,59,8,74,2023-06-11 10:23:36.038447,2024-06-03 10:23:36.039444,Delivered
523,48,69,13,61,2024-04-01 10:23:36.038447,2024-06-19 10:23:36.039444,Delivered
524,190,81,53,89,2024-03-14 10:23:36.038447,2024-06-13 10:23:36.039444,Pending
525,206,78,78,1,2023-11-17 10:23:36.038447,2024-05-23 10:23:36.039444,Delivered
526,129,25,29,65,2023-10-31 10:23:36.038447,2024-06-02 10:23:36.039444,Shipped
527,37,82,54,10,2024-04-24 10:23:36.038447,2024-05-25 10:23:36.039444,Pending
528,39,44,23,54,2023-08-15 10:23:36.038447,2024-05-24 10:23:36.039444,Shipped
529,85,28,40,50,2024-02-15 10:23:36.038447,2024-06-06 10:23:36.039444,Pending
530,218,94,48,85,2024-02-23 10:23:36.038447,2024-05-24 10:23:36.039444,Shipped
531,243,31,84,94,2024-05-02 10:23:36.038447,2024-06-04 10:23:36.039444,Delivered
532,260,98,59,49,2024-04-29 10:23:36.038447,2024-06-12 10:23:36.039444,Shipped
533,111,100,76,76,2024-01-07 10:23:36.038447,2024-06-14 10:23:36.039444,Shipped
534,292,6,41,22,2023-08-12 10:23:36.038447,2024-05-23 10:23:36.039444,Pending
535,19,60,18,39,2023-09-14 10:23:36.038447,2024-05-29 10:23:36.039444,Delivered
536,135,81,73,78,2023-07-16 10:23:36.038447,2024-06-17 10:23:36.039444,Pending
537,126,26,95,65,2023-06-05 10:23:36.038447,2024-06-10 10:23:36.039444,Shipped
538,63,83,61,83,2023-09-26 10:23:36.038447,2024-06-08 10:23:36.039444,Shipped
539,98,56,51,19,2023-08-30 10:23:36.038447,2024-06-15 10:23:36.039444,Pending
540,71,85,8,71,2023-09-07 10:23:36.038447,2024-06-15 10:23:36.039444,Shipped
541,262,22,46,21,2023-09-05 10:23:36.038447,2024-06-08 10:23:36.039444,Shipped
542,94,96,34,45,2023-08-04 10:23:36.038447,2024-06-16 10:23:36.039444,Shipped
543,275,47,42,63,2023-10-10 10:23:36.038447,2024-06-03 10:23:36.039444,Delivered
544,292,16,10,55,2023-11-25 10:23:36.038447,2024-05-28 10:23:36.039444,Pending
545,237,10,94,53,2023-06-06 10:23:36.038447,2024-06-04 10:23:36.039444,Shipped
546,167,55,70,42,2024-02-04 10:23:36.038447,2024-06-01 10:23:36.039444,Shipped
547,174,37,86,70,2023-06-02 10:23:36.038447,2024-05-29 10:23:36.039444,Shipped
548,100,75,30,49,2023-05-27 10:23:36.038447,2024-06-04 10:23:36.039444,Delivered
549,59,42,52,14,2023-11-13 10:23:36.038447,2024-06-13 10:23:36.039444,Shipped
550,39,34,41,14,2023-06-15 10:23:36.038447,2024-06-11 10:23:36.039444,Shipped
551,97,9,75,93,2023-09-01 10:23:36.038447,2024-05-26 10:23:36.039444,Pending
552,190,17,83,72,2023-11-21 10:23:36.038447,2024-05-25 10:23:36.039444,Shipped
553,292,49,64,3,2024-02-17 10:23:36.038447,2024-06-07 10:23:36.039444,Shipped
554,69,93,78,86,2024-01-21 10:23:36.038447,2024-06-09 10:23:36.039444,Pending
555,178,7,34,38,2023-06-30 10:23:36.038447,2024-05-30 10:23:36.039444,Pending
556,72,32,50,3,2023-08-22 10:23:36.038447,2024-06-01 10:23:36.039444,Delivered
557,246,89,40,46,2023-11-02 10:23:36.038447,2024-06-02 10:23:36.039444,Pending
558,147,44,44,63,2024-04-20 10:23:36.038447,2024-06-10 10:23:36.039444,Delivered
559,141,82,80,45,2024-05-01 10:23:36.038447,2024-05-23 10:23:36.039444,Pending
560,6,16,5,25,2024-02-08 10:23:36.038447,2024-06-03 10:23:36.039444,Delivered
561,154,48,70,16,2024-05-13 10:23:36.038447,2024-06-06 10:23:36.039444,Pending
562,29,4,12,54,2023-12-31 10:23:36.038447,2024-05-22 10:23:36.039444,Delivered
563,226,94,13,40,2023-12-19 10:23:36.038447,2024-05-23 10:23:36.039444,Shipped
564,188,12,79,85,2024-01-22 10:23:36.038447,2024-05-22 10:23:36.039444,Shipped
565,25,24,2,30,2023-11-05 10:23:36.038447,2024-06-10 10:23:36.039444,Pending
566,148,88,5,8,2023-06-26 10:23:36.038447,2024-06-11 10:23:36.039444,Pending
567,181,50,20,45,2024-04-10 10:23:36.038447,2024-06-11 10:23:36.039444,Shipped
568,268,96,100,56,2023-08-02 10:23:36.038447,2024-06-09 10:23:36.039444,Delivered
569,288,59,53,34,2023-08-02 10:23:36.038447,2024-05-31 10:23:36.039444,Delivered
570,80,41,21,44,2023-12-09 10:23:36.038447,2024-06-16 10:23:36.039444,Shipped
571,135,85,40,2,2024-03-26 10:23:36.038447,2024-05-26 10:23:36.039444,Delivered
572,234,29,89,45,2023-09-29 10:23:36.038447,2024-05-31 10:23:36.039444,Pending
573,238,62,9,38,2024-04-17 10:23:36.038447,2024-06-07 10:23:36.039444,Delivered
574,83,17,88,8,2023-11-26 10:23:36.038447,2024-06-09 10:23:36.039444,Delivered
575,43,16,3,56,2024-02-28 10:23:36.038447,2024-05-30 10:23:36.039444,Pending
576,255,33,16,91,2024-02-04 10:23:36.038447,2024-05-27 10:23:36.039444,Pending
577,18,38,46,88,2023-08-03 10:23:36.038447,2024-05-23 10:23:36.039444,Pending
578,74,9,33,45,2024-04-04 10:23:36.038447,2024-05-31 10:23:36.039444,Pending
579,190,9,75,83,2024-05-10 10:23:36.038447,2024-06-20 10:23:36.039444,Pending
580,99,80,10,80,2024-03-06 10:23:36.038447,2024-06-03 10:23:36.039444,Shipped
581,248,1,18,52,2023-06-27 10:23:36.038447,2024-06-03 10:23:36.039444,Delivered
582,145,55,22,38,2023-07-31 10:23:36.038447,2024-06-12 10:23:36.039444,Shipped
583,44,50,90,37,2024-02-26 10:23:36.038447,2024-06-18 10:23:36.039444,Pending
584,82,10,36,47,2023-07-26 10:23:36.038447,2024-05-30 10:23:36.039444,Delivered
585,97,98,82,6,2023-11-25 10:23:36.038447,2024-06-16 10:23:36.039444,Delivered
586,296,81,51,2,2023-06-17 10:23:36.038447,2024-06-19 10:23:36.039444,Pending
587,182,65,19,86,2024-05-09 10:23:36.038447,2024-06-14 10:23:36.039444,Pending
588,161,100,58,8,2024-04-04 10:23:36.038447,2024-06-18 10:23:36.039444,Shipped
589,248,1,49,81,2023-12-18 10:23:36.038447,2024-06-08 10:23:36.039444,Shipped
590,194,18,85,63,2024-02-10 10:23:36.038447,2024-06-10 10:23:36.039444,Delivered
591,288,14,43,77,2023-09-20 10:23:36.038447,2024-06-04 10:23:36.039444,Shipped
592,180,99,57,34,2024-01-01 10:23:36.038447,2024-06-04 10:23:36.039444,Delivered
593,37,37,91,84,2023-06-22 10:23:36.038447,2024-06-06 10:23:36.039444,Shipped
594,221,69,63,7,2023-09-03 10:23:36.038447,2024-06-04 10:23:36.039444,Pending
595,221,83,99,6,2024-02-13 10:23:36.038447,2024-05-23 10:23:36.039444,Delivered
596,59,36,84,64,2024-04-22 10:23:36.038447,2024-06-01 10:23:36.039444,Delivered
597,240,58,30,77,2023-07-13 10:23:36.038447,2024-06-16 10:23:36.039444,Pending
598,85,5,97,99,2024-02-11 10:23:36.038447,2024-06-04 10:23:36.039444,Pending
599,238,90,12,88,2024-05-19 10:23:36.038447,2024-05-30 10:23:36.039444,Delivered
600,127,34,31,45,2023-07-31 10:23:36.038447,2024-05-27 10:23:36.039444,Pending
901,239,87,76,58,2024-02-07 10:23:36.039444,2024-06-01 10:23:36.039444,Shipped
902,152,94,96,64,2024-03-21 10:23:36.039444,2024-06-14 10:23:36.039444,Delivered
903,33,61,3,59,2023-08-08 10:23:36.039444,2024-06-08 10:23:36.039444,Pending
904,44,86,79,88,2024-05-19 10:23:36.039444,2024-06-07 10:23:36.039444,Delivered
905,22,37,59,3,2023-12-03 10:23:36.039444,2024-06-17 10:23:36.039444,Delivered
906,286,10,72,29,2024-02-10 10:23:36.039444,2024-05-26 10:23:36.039444,Shipped
907,73,27,43,5,2023-06-13 10:23:36.039444,2024-05-30 10:23:36.039444,Delivered
908,122,34,69,81,2024-02-09 10:23:36.039444,2024-06-10 10:23:36.039444,Pending
909,248,89,100,45,2023-07-16 10:23:36.039444,2024-06-19 10:23:36.039444,Delivered
910,163,19,46,46,2023-10-28 10:23:36.039444,2024-05-29 10:23:36.039444,Shipped
911,29,22,71,70,2024-03-02 10:23:36.039444,2024-06-01 10:23:36.039444,Delivered
912,245,81,41,45,2023-10-09 10:23:36.039444,2024-06-18 10:23:36.039444,Pending
913,8,24,94,18,2024-01-12 10:23:36.039444,2024-05-29 10:23:36.039444,Shipped
914,10,28,24,33,2023-10-11 10:23:36.039444,2024-06-19 10:23:36.039444,Pending
915,37,85,41,21,2023-11-02 10:23:36.039444,2024-05-31 10:23:36.039444,Pending
916,56,56,78,69,2023-10-11 10:23:36.039444,2024-05-22 10:23:36.039444,Delivered
917,233,55,15,98,2024-03-06 10:23:36.039444,2024-05-23 10:23:36.039444,Shipped
918,22,86,80,52,2024-04-11 10:23:36.039444,2024-06-18 10:23:36.039444,Pending
919,77,82,37,68,2023-11-23 10:23:36.039444,2024-06-20 10:23:36.039444,Delivered
920,286,55,1,56,2023-07-27 10:23:36.039444,2024-06-18 10:23:36.039444,Shipped
921,127,58,55,9,2024-04-19 10:23:36.039444,2024-06-13 10:23:36.039444,Shipped
922,108,70,9,92,2023-08-27 10:23:36.039444,2024-06-16 10:23:36.039444,Delivered
923,121,30,85,36,2024-01-19 10:23:36.039444,2024-06-11 10:23:36.039444,Delivered
924,210,56,19,31,2024-03-12 10:23:36.039444,2024-06-14 10:23:36.039444,Pending
925,91,30,63,26,2023-05-29 10:23:36.039444,2024-05-25 10:23:36.039444,Delivered
926,117,90,33,31,2023-09-21 10:23:36.039444,2024-06-07 10:23:36.039444,Delivered
927,63,76,16,20,2024-05-12 10:23:36.039444,2024-05-24 10:23:36.039444,Shipped
928,129,5,100,96,2024-05-05 10:23:36.039444,2024-06-13 10:23:36.039444,Delivered
929,177,92,68,60,2024-04-22 10:23:36.039444,2024-06-18 10:23:36.039444,Delivered
930,144,43,66,72,2024-01-06 10:23:36.039444,2024-06-03 10:23:36.039444,Shipped
931,185,66,2,22,2023-10-28 10:23:36.039444,2024-06-05 10:23:36.039444,Delivered
932,13,27,34,53,2023-10-22 10:23:36.039444,2024-06-06 10:23:36.039444,Shipped
933,148,6,99,31,2023-10-17 10:23:36.039444,2024-06-07 10:23:36.039444,Pending
934,10,7,94,44,2024-03-31 10:23:36.039444,2024-05-31 10:23:36.039444,Delivered
935,96,95,69,56,2023-12-14 10:23:36.039444,2024-06-07 10:23:36.039444,Delivered
936,10,59,41,97,2023-12-04 10:23:36.039444,2024-06-19 10:23:36.039444,Pending
937,211,11,16,69,2023-07-06 10:23:36.039444,2024-05-24 10:23:36.039444,Shipped
938,259,48,8,23,2023-07-25 10:23:36.039444,2024-06-17 10:23:36.039444,Delivered
939,116,47,66,52,2024-05-09 10:23:36.039444,2024-06-04 10:23:36.039444,Delivered
940,162,37,94,24,2024-04-17 10:23:36.039444,2024-06-02 10:23:36.039444,Pending
941,30,55,8,38,2024-03-23 10:23:36.039444,2024-05-27 10:23:36.039444,Delivered
942,207,27,58,62,2024-04-26 10:23:36.039444,2024-05-30 10:23:36.039444,Pending
943,187,60,33,9,2023-10-06 10:23:36.039444,2024-05-30 10:23:36.039444,Shipped
944,106,57,40,59,2023-07-25 10:23:36.039444,2024-05-30 10:23:36.039444,Pending
945,292,80,46,56,2023-09-16 10:23:36.039444,2024-06-20 10:23:36.039444,Shipped
946,148,9,60,27,2023-06-15 10:23:36.039444,2024-06-12 10:23:36.039444,Delivered
947,9,17,4,43,2023-09-25 10:23:36.039444,2024-06-02 10:23:36.039444,Delivered
948,12,65,60,79,2024-03-19 10:23:36.039444,2024-05-30 10:23:36.039444,Delivered
949,147,57,78,45,2024-01-13 10:23:36.039444,2024-05-30 10:23:36.039444,Pending
950,272,87,27,72,2024-05-02 10:23:36.039444,2024-06-04 10:23:36.039444,Pending
951,143,64,43,29,2024-05-11 10:23:36.039444,2024-05-23 10:23:36.039444,Delivered
952,164,2,61,54,2023-06-21 10:23:36.039444,2024-06-17 10:23:36.039444,Shipped
953,25,22,29,16,2024-01-08 10:23:36.039444,2024-06-08 10:23:36.039444,Delivered
954,218,71,55,92,2023-07-27 10:23:36.039444,2024-05-28 10:23:36.039444,Pending
955,215,17,2,28,2024-01-22 10:23:36.039444,2024-06-17 10:23:36.039444,Delivered
956,277,96,16,13,2023-08-17 10:23:36.039444,2024-06-08 10:23:36.039444,Delivered
957,137,87,90,7,2023-08-13 10:23:36.039444,2024-06-19 10:23:36.039444,Shipped
958,225,51,4,54,2024-04-17 10:23:36.039444,2024-06-02 10:23:36.039444,Pending
959,73,99,34,69,2023-08-07 10:23:36.039444,2024-06-13 10:23:36.039444,Delivered
960,296,1,4,53,2023-05-29 10:23:36.039444,2024-05-24 10:23:36.039444,Shipped
961,11,53,61,23,2023-05-25 10:23:36.039444,2024-06-06 10:23:36.039444,Shipped
962,93,28,73,8,2023-07-03 10:23:36.039444,2024-06-10 10:23:36.039444,Shipped
963,234,80,67,89,2023-05-31 10:23:36.039444,2024-06-10 10:23:36.039444,Pending
964,257,78,55,78,2024-01-04 10:23:36.039444,2024-05-28 10:23:36.039444,Delivered
965,65,19,98,8,2023-08-02 10:23:36.039444,2024-06-05 10:23:36.039444,Pending
966,124,55,60,45,2024-05-20 10:23:36.039444,2024-06-13 10:23:36.039444,Delivered
967,4,6,70,42,2023-12-12 10:23:36.039444,2024-06-16 10:23:36.039444,Pending
968,39,22,51,2,2024-01-15 10:23:36.039444,2024-06-08 10:23:36.039444,Pending
969,259,67,30,42,2023-06-15 10:23:36.039444,2024-05-25 10:23:36.039444,Delivered
970,235,20,13,84,2023-05-25 10:23:36.039444,2024-05-22 10:23:36.039444,Shipped
971,281,53,89,43,2024-04-18 10:23:36.039444,2024-06-11 10:23:36.039444,Pending
972,134,35,34,84,2023-12-11 10:23:36.039444,2024-06-12 10:23:36.039444,Pending
973,151,41,74,30,2024-02-23 10:23:36.039444,2024-06-11 10:23:36.039444,Pending
974,139,60,52,22,2024-04-30 10:23:36.039444,2024-06-15 10:23:36.039444,Pending
975,210,92,63,90,2024-01-12 10:23:36.039444,2024-06-20 10:23:36.039444,Delivered
976,117,29,65,38,2023-07-14 10:23:36.039444,2024-06-16 10:23:36.039444,Pending
977,278,25,29,17,2023-07-15 10:23:36.039444,2024-06-14 10:23:36.039444,Delivered
978,197,86,46,81,2023-09-08 10:23:36.039444,2024-06-12 10:23:36.039444,Shipped
979,15,13,55,92,2024-05-02 10:23:36.039444,2024-06-01 10:23:36.039444,Delivered
980,176,43,46,51,2023-07-25 10:23:36.039444,2024-05-29 10:23:36.039444,Pending
981,210,65,82,63,2023-12-21 10:23:36.039444,2024-06-11 10:23:36.039444,Delivered
982,148,50,92,82,2023-06-25 10:23:36.039444,2024-06-10 10:23:36.039444,Pending
983,271,98,70,73,2023-07-20 10:23:36.039444,2024-05-25 10:23:36.039444,Pending
984,89,41,45,18,2023-09-10 10:23:36.039444,2024-05-26 10:23:36.039444,Delivered
985,49,20,36,47,2023-11-01 10:23:36.039444,2024-06-08 10:23:36.039444,Pending
986,88,26,18,1,2023-07-16 10:23:36.039444,2024-06-05 10:23:36.039444,Pending
987,100,13,90,6,2023-08-25 10:23:36.039444,2024-06-07 10:23:36.039444,Shipped
988,33,19,41,62,2023-09-12 10:23:36.039444,2024-06-07 10:23:36.039444,Pending
989,47,65,40,25,2023-06-29 10:23:36.039444,2024-06-12 10:23:36.039444,Shipped
990,252,12,20,29,2024-01-28 10:23:36.039444,2024-05-30 10:23:36.039444,Shipped
991,60,68,77,93,2023-06-25 10:23:36.039444,2024-06-18 10:23:36.039444,Shipped
992,146,14,66,39,2024-04-18 10:23:36.039444,2024-06-08 10:23:36.039444,Shipped
993,2,5,3,43,2024-02-10 10:23:36.039444,2024-06-14 10:23:36.039444,Delivered
994,233,100,62,73,2023-09-27 10:23:36.039444,2024-06-03 10:23:36.039444,Pending
995,243,75,28,47,2023-07-24 10:23:36.039444,2024-06-16 10:23:36.039444,Delivered
996,272,74,79,71,2023-10-10 10:23:36.039444,2024-06-10 10:23:36.039444,Pending
997,232,69,97,94,2023-06-06 10:23:36.039444,2024-06-09 10:23:36.039444,Delivered
998,14,14,7,47,2024-03-21 10:23:36.039444,2024-06-09 10:23:36.039444,Delivered
999,55,22,63,6,2023-10-22 10:23:36.039444,2024-06-04 10:23:36.039444,Delivered
1000,103,96,98,22,2023-11-08 10:23:36.039444,2024-06-09 10:23:36.039444,Pending
