log_id,user_id,internet_gateway_id,access_time
1,47,3,2025-02-10 21:47:07
2,168,1,2025-02-05 21:47:07
3,110,5,2025-02-03 21:47:07
4,122,10,2024-12-26 21:47:07
5,156,8,2025-03-02 21:47:07
6,108,9,2025-02-09 21:47:07
7,8,8,2024-12-23 21:47:07
8,90,6,2025-01-10 21:47:07
9,120,6,2025-03-04 21:47:07
10,32,7,2025-03-08 21:47:07
11,158,9,2025-02-04 21:47:07
12,17,1,2025-01-26 21:47:07
13,163,8,2025-01-13 21:47:07
14,17,5,2025-01-14 21:47:07
15,61,6,2025-02-18 21:47:07
16,199,7,2025-02-21 21:47:07
17,56,3,2025-01-27 21:47:07
18,78,9,2025-02-13 21:47:07
19,105,3,2024-12-27 21:47:07
20,65,3,2025-03-02 21:47:07
21,5,2,2024-12-19 21:47:07
22,65,5,2024-12-25 21:47:07
23,180,9,2024-12-15 21:47:07
24,5,5,2024-12-16 21:47:07
25,192,7,2025-02-16 21:47:07
26,145,8,2025-02-08 21:47:07
27,62,6,2025-01-20 21:47:07
28,94,10,2025-01-27 21:47:07
29,131,1,2025-02-19 21:47:07
30,106,7,2025-01-01 21:47:07
31,32,2,2024-12-24 21:47:07
32,159,3,2025-01-03 21:47:07
33,8,2,2025-02-25 21:47:07
34,40,5,2025-01-21 21:47:07
35,19,9,2025-01-25 21:47:07
36,68,9,2024-12-23 21:47:07
37,64,4,2025-01-21 21:47:07
38,25,7,2025-02-28 21:47:07
39,97,10,2025-01-15 21:47:07
40,194,7,2025-02-03 21:47:07
41,158,4,2025-03-07 21:47:07
42,50,7,2025-03-11 21:47:07
43,77,7,2024-12-26 21:47:07
44,21,4,2025-02-20 21:47:07
45,28,7,2025-03-08 21:47:07
46,2,6,2025-02-01 21:47:07
47,100,2,2024-12-13 21:47:07
48,138,8,2024-12-29 21:47:07
49,70,3,2024-12-19 21:47:07
50,150,5,2025-01-25 21:47:07
51,100,4,2025-01-03 21:47:07
52,151,3,2025-01-04 21:47:07
53,141,2,2025-01-30 21:47:07
54,172,3,2025-02-14 21:47:07
55,61,7,2025-01-05 21:47:07
56,52,9,2024-12-16 21:47:07
57,174,9,2024-12-15 21:47:07
58,24,3,2025-03-03 21:47:07
59,48,8,2025-01-27 21:47:07
60,109,10,2025-03-06 21:47:07
61,165,5,2025-03-06 21:47:07
62,7,9,2025-03-12 21:47:07
63,145,4,2024-12-18 21:47:07
64,99,10,2024-12-28 21:47:07
65,88,4,2025-02-25 21:47:07
66,160,8,2025-01-05 21:47:07
67,183,3,2025-02-04 21:47:07
68,186,3,2025-02-07 21:47:07
69,71,2,2024-12-14 21:47:07
70,149,7,2025-03-03 21:47:07
71,114,3,2025-03-10 21:47:07
72,24,4,2025-02-12 21:47:07
73,44,4,2025-02-13 21:47:07
74,11,2,2025-02-04 21:47:07
75,148,7,2025-01-02 21:47:07
76,46,5,2025-02-11 21:47:07
77,192,6,2025-01-26 21:47:07
78,149,3,2025-02-06 21:47:07
79,20,8,2025-02-22 21:47:07
80,129,3,2025-02-23 21:47:07
81,166,1,2025-02-28 21:47:07
82,189,9,2024-12-25 21:47:07
83,116,1,2025-03-03 21:47:07
84,142,7,2025-02-21 21:47:07
85,21,6,2025-02-10 21:47:07
86,136,7,2025-03-07 21:47:07
87,174,2,2025-01-04 21:47:07
88,63,7,2025-02-02 21:47:07
89,90,9,2025-01-07 21:47:07
90,167,10,2025-02-04 21:47:07
91,22,8,2025-01-17 21:47:07
92,103,2,2025-03-08 21:47:07
93,30,2,2025-02-11 21:47:07
94,59,6,2024-12-15 21:47:07
95,82,3,2025-02-04 21:47:07
96,176,9,2025-02-03 21:47:07
97,78,4,2025-02-04 21:47:07
98,104,1,2025-01-24 21:47:07
99,43,6,2025-01-28 21:47:07
100,197,1,2025-02-16 21:47:07
101,60,4,2025-02-02 21:47:07
102,115,9,2025-01-13 21:47:07
103,14,10,2024-12-13 21:47:07
104,47,10,2025-02-01 21:47:07
105,43,6,2025-02-21 21:47:07
106,28,7,2024-12-13 21:47:07
107,145,10,2024-12-14 21:47:07
108,80,4,2025-01-31 21:47:07
109,37,1,2025-02-21 21:47:07
110,98,3,2025-03-06 21:47:07
111,135,2,2024-12-31 21:47:07
112,126,3,2025-03-08 21:47:07
113,120,1,2025-01-20 21:47:07
114,123,4,2025-02-18 21:47:07
115,184,7,2025-03-08 21:47:07
116,9,7,2025-03-10 21:47:07
117,90,8,2025-01-19 21:47:07
118,166,4,2025-03-12 21:47:07
119,36,3,2025-01-04 21:47:07
120,12,5,2025-02-15 21:47:07
121,97,1,2025-01-16 21:47:07
122,12,2,2025-02-24 21:47:07
123,87,7,2025-02-06 21:47:07
124,47,2,2025-02-17 21:47:07
125,95,4,2025-02-06 21:47:07
126,84,7,2025-01-10 21:47:07
127,148,8,2025-01-10 21:47:07
128,170,7,2025-02-01 21:47:07
129,98,2,2025-03-12 21:47:07
130,91,3,2025-02-25 21:47:07
131,157,7,2025-02-28 21:47:07
132,54,6,2025-03-10 21:47:07
133,145,2,2025-01-26 21:47:07
134,40,9,2025-01-20 21:47:07
135,61,8,2024-12-26 21:47:07
136,55,4,2025-01-23 21:47:07
137,187,1,2025-03-08 21:47:07
138,145,9,2025-01-06 21:47:07
139,65,4,2025-02-10 21:47:07
140,141,10,2025-02-05 21:47:07
141,50,7,2025-01-30 21:47:07
142,173,7,2025-01-11 21:47:07
143,67,8,2025-01-10 21:47:07
144,23,2,2024-12-15 21:47:07
145,200,3,2024-12-21 21:47:07
146,24,1,2024-12-24 21:47:07
147,196,3,2024-12-30 21:47:07
148,76,3,2025-02-23 21:47:07
149,111,7,2025-01-25 21:47:07
150,35,2,2025-01-24 21:47:07
151,161,3,2024-12-31 21:47:07
152,158,7,2024-12-20 21:47:07
153,173,1,2025-01-18 21:47:07
154,45,10,2024-12-31 21:47:07
155,5,7,2025-02-17 21:47:07
156,34,10,2025-01-02 21:47:07
157,53,10,2024-12-29 21:47:07
158,88,2,2025-02-11 21:47:07
159,27,4,2025-03-02 21:47:07
160,138,2,2025-02-25 21:47:07
161,150,1,2025-02-23 21:47:07
162,171,1,2025-02-26 21:47:07
163,66,6,2025-01-01 21:47:07
164,145,2,2025-03-05 21:47:07
165,187,7,2024-12-22 21:47:07
166,169,6,2025-03-09 21:47:07
167,43,1,2025-01-15 21:47:07
168,59,6,2025-03-08 21:47:07
169,6,1,2025-02-22 21:47:07
170,101,5,2025-02-11 21:47:07
171,63,4,2024-12-16 21:47:07
172,23,8,2024-12-31 21:47:07
173,86,7,2025-01-21 21:47:07
174,176,10,2025-03-06 21:47:07
175,101,10,2025-01-23 21:47:07
176,155,6,2025-03-03 21:47:07
177,8,2,2025-02-25 21:47:07
178,172,10,2025-01-27 21:47:07
179,145,6,2025-01-14 21:47:07
180,155,6,2024-12-17 21:47:07
181,49,9,2025-01-02 21:47:07
182,146,1,2025-02-20 21:47:07
183,123,5,2025-03-01 21:47:07
184,38,5,2025-01-11 21:47:07
185,120,3,2024-12-13 21:47:07
186,154,9,2025-03-05 21:47:07
187,103,10,2025-01-29 21:47:07
188,46,6,2025-03-04 21:47:07
189,35,3,2024-12-12 21:47:07
190,95,1,2025-02-16 21:47:07
191,82,6,2024-12-26 21:47:07
192,82,9,2025-02-06 21:47:07
193,62,8,2025-01-16 21:47:07
194,170,3,2025-02-17 21:47:07
195,183,8,2025-02-16 21:47:07
196,178,9,2025-01-21 21:47:07
197,26,2,2024-12-23 21:47:07
198,4,1,2025-01-01 21:47:07
199,172,8,2025-01-01 21:47:07
200,135,4,2025-02-02 21:47:07
201,191,7,2025-02-22 21:47:07
202,91,7,2024-12-23 21:47:07
203,2,1,2025-01-27 21:47:07
204,194,5,2025-01-14 21:47:07
205,139,3,2025-03-12 21:47:07
206,47,1,2025-02-14 21:47:07
207,162,10,2024-12-12 21:47:07
208,21,6,2025-02-18 21:47:07
209,134,7,2024-12-26 21:47:07
210,182,3,2024-12-21 21:47:07
211,15,10,2024-12-12 21:47:07
212,101,4,2025-03-09 21:47:07
213,34,5,2024-12-24 21:47:07
214,53,9,2025-01-27 21:47:07
215,179,10,2025-02-19 21:47:07
216,10,4,2025-01-01 21:47:07
217,151,3,2025-02-14 21:47:07
218,168,9,2025-01-06 21:47:07
219,27,9,2024-12-31 21:47:07
220,181,5,2025-02-02 21:47:07
221,99,1,2025-02-26 21:47:07
222,178,3,2025-02-09 21:47:07
223,115,7,2025-01-18 21:47:07
224,25,10,2025-02-20 21:47:07
225,17,8,2025-03-03 21:47:07
226,170,7,2025-01-24 21:47:07
227,125,5,2025-02-16 21:47:07
228,35,2,2024-12-12 21:47:07
229,152,7,2024-12-29 21:47:07
230,121,3,2024-12-15 21:47:07
231,76,5,2025-01-15 21:47:07
232,193,2,2025-03-04 21:47:07
233,25,1,2025-01-04 21:47:07
234,142,4,2025-02-10 21:47:07
235,177,6,2025-02-13 21:47:07
236,182,10,2025-02-05 21:47:07
237,5,9,2025-02-24 21:47:07
238,181,4,2025-01-08 21:47:07
239,166,1,2025-01-23 21:47:07
240,60,7,2025-01-30 21:47:07
241,60,3,2025-02-22 21:47:07
242,34,4,2025-01-30 21:47:07
243,4,6,2025-02-14 21:47:07
244,94,1,2025-03-05 21:47:07
245,27,2,2025-02-16 21:47:07
246,94,1,2025-02-24 21:47:07
247,119,3,2025-01-04 21:47:07
248,73,1,2025-02-01 21:47:07
249,190,10,2025-02-23 21:47:07
250,68,10,2025-02-19 21:47:07
251,143,6,2025-01-06 21:47:07
252,20,6,2025-02-10 21:47:07
253,111,7,2024-12-26 21:47:07
254,129,3,2025-02-27 21:47:07
255,73,3,2025-01-11 21:47:07
256,29,9,2025-02-12 21:47:07
257,11,10,2025-02-11 21:47:07
258,117,9,2024-12-24 21:47:07
259,1,10,2025-01-16 21:47:07
260,30,8,2024-12-29 21:47:07
261,58,2,2025-02-21 21:47:07
262,16,1,2024-12-18 21:47:07
263,49,9,2025-02-21 21:47:07
264,115,5,2025-01-30 21:47:07
265,137,8,2025-03-03 21:47:07
266,135,7,2025-02-24 21:47:07
267,56,8,2025-03-10 21:47:07
268,17,9,2024-12-26 21:47:07
269,49,5,2025-02-06 21:47:07
270,129,6,2025-01-04 21:47:07
271,29,6,2025-01-10 21:47:07
272,116,9,2025-01-19 21:47:07
273,138,8,2024-12-14 21:47:07
274,163,10,2025-01-16 21:47:07
275,166,2,2025-02-25 21:47:07
276,86,10,2025-01-05 21:47:07
277,7,2,2025-01-08 21:47:07
278,27,3,2025-01-22 21:47:07
279,166,5,2025-02-02 21:47:07
280,97,8,2025-03-12 21:47:07
281,126,1,2025-02-25 21:47:07
282,191,8,2024-12-18 21:47:07
283,146,7,2025-01-20 21:47:07
284,6,9,2025-02-18 21:47:07
285,109,8,2025-03-01 21:47:07
286,127,7,2024-12-15 21:47:07
287,35,5,2025-01-07 21:47:07
288,151,3,2024-12-17 21:47:07
289,128,8,2025-01-12 21:47:07
290,49,7,2025-01-29 21:47:07
291,20,2,2025-02-22 21:47:07
292,25,7,2025-01-31 21:47:07
293,62,8,2025-01-11 21:47:07
294,173,1,2024-12-17 21:47:07
295,78,1,2025-01-24 21:47:07
296,27,6,2025-02-12 21:47:07
297,176,6,2025-02-08 21:47:07
298,187,7,2025-01-18 21:47:07
299,66,7,2025-01-28 21:47:07
300,142,8,2025-02-27 21:47:07
301,179,7,2025-02-23 21:47:07
302,91,2,2025-01-17 21:47:07
303,26,1,2025-02-20 21:47:07
304,193,3,2025-01-29 21:47:07
305,68,8,2025-03-01 21:47:07
306,64,1,2025-03-10 21:47:07
307,154,4,2025-01-21 21:47:07
308,133,4,2024-12-26 21:47:07
309,31,7,2024-12-20 21:47:07
310,43,3,2024-12-26 21:47:07
311,136,6,2025-03-10 21:47:07
312,32,9,2024-12-17 21:47:07
313,50,4,2024-12-12 21:47:07
314,111,4,2025-01-16 21:47:07
315,165,3,2025-02-14 21:47:07
316,133,10,2024-12-27 21:47:07
317,112,10,2025-03-08 21:47:07
318,70,10,2024-12-31 21:47:07
319,131,10,2024-12-14 21:47:07
320,36,6,2025-01-22 21:47:07
321,43,6,2025-02-14 21:47:07
322,139,3,2024-12-13 21:47:07
323,52,7,2025-03-06 21:47:07
324,160,3,2025-02-10 21:47:07
325,61,1,2025-01-01 21:47:07
326,179,8,2025-02-13 21:47:07
327,50,9,2025-01-09 21:47:07
328,21,1,2024-12-26 21:47:07
329,50,3,2025-01-08 21:47:07
330,44,6,2024-12-14 21:47:07
331,79,1,2025-02-12 21:47:07
332,22,3,2025-01-17 21:47:07
333,61,8,2025-03-01 21:47:07
334,55,2,2024-12-15 21:47:07
335,56,1,2025-02-19 21:47:07
336,11,5,2025-01-23 21:47:07
337,141,6,2025-01-06 21:47:07
338,16,3,2025-01-24 21:47:07
339,61,5,2025-01-25 21:47:07
340,110,4,2025-02-03 21:47:07
341,23,3,2025-02-03 21:47:07
342,78,8,2025-03-01 21:47:07
343,85,4,2025-03-05 21:47:07
344,104,3,2025-01-29 21:47:07
345,2,1,2025-03-07 21:47:07
346,59,6,2025-01-09 21:47:07
347,121,10,2025-02-25 21:47:07
348,120,6,2024-12-28 21:47:07
349,124,5,2025-01-20 21:47:07
350,89,7,2025-01-11 21:47:07
351,85,6,2025-02-18 21:47:07
352,12,8,2025-02-20 21:47:07
353,34,5,2025-01-10 21:47:07
354,8,3,2025-01-30 21:47:07
355,181,9,2024-12-12 21:47:07
356,78,8,2025-01-30 21:47:07
357,173,6,2025-02-10 21:47:07
358,146,3,2025-02-13 21:47:07
359,55,8,2025-01-23 21:47:07
360,2,3,2025-01-25 21:47:07
361,178,5,2025-02-25 21:47:07
362,158,6,2024-12-25 21:47:07
363,9,5,2025-02-21 21:47:07
364,111,10,2025-03-10 21:47:07
365,157,2,2025-03-12 21:47:07
366,74,6,2025-01-28 21:47:07
367,179,10,2025-01-01 21:47:07
368,38,5,2025-01-30 21:47:07
369,125,8,2025-02-14 21:47:07
370,30,4,2025-02-27 21:47:07
371,151,7,2025-01-15 21:47:07
372,77,6,2024-12-27 21:47:07
373,23,9,2025-03-08 21:47:07
374,25,2,2025-02-08 21:47:07
375,147,1,2025-02-03 21:47:07
376,135,3,2025-01-25 21:47:07
377,14,5,2025-01-10 21:47:07
378,17,2,2025-02-27 21:47:07
379,10,2,2025-01-18 21:47:07
380,34,10,2024-12-28 21:47:07
381,99,6,2025-01-23 21:47:07
382,167,1,2025-01-04 21:47:07
383,118,2,2024-12-25 21:47:07
384,7,1,2024-12-31 21:47:07
385,130,5,2025-02-20 21:47:07
386,19,3,2024-12-18 21:47:07
387,23,7,2024-12-12 21:47:07
388,80,5,2025-01-08 21:47:07
389,49,2,2024-12-28 21:47:07
390,10,5,2025-02-20 21:47:07
391,87,2,2025-01-09 21:47:07
392,5,2,2025-02-06 21:47:07
393,171,7,2025-02-15 21:47:07
394,48,2,2025-01-09 21:47:07
395,58,7,2025-01-08 21:47:07
396,79,6,2025-02-10 21:47:07
397,112,6,2025-01-31 21:47:07
398,134,6,2025-03-01 21:47:07
399,18,3,2025-01-21 21:47:07
400,41,5,2025-01-20 21:47:07
401,194,8,2025-02-21 21:47:07
402,70,4,2025-01-06 21:47:07
403,90,5,2025-02-05 21:47:07
404,111,2,2025-01-01 21:47:07
405,166,10,2025-03-08 21:47:07
406,39,7,2024-12-18 21:47:07
407,73,3,2025-02-13 21:47:07
408,144,9,2025-02-28 21:47:07
409,96,8,2025-02-22 21:47:07
410,155,8,2025-02-11 21:47:07
411,195,8,2025-01-02 21:47:07
412,185,5,2025-01-31 21:47:07
413,94,2,2024-12-14 21:47:07
414,198,5,2024-12-17 21:47:07
415,77,3,2025-03-04 21:47:07
416,77,3,2025-01-24 21:47:07
417,96,7,2024-12-29 21:47:07
418,170,3,2025-01-27 21:47:07
419,106,2,2025-01-15 21:47:07
420,159,1,2025-01-30 21:47:07
421,66,3,2025-03-01 21:47:07
422,108,9,2024-12-18 21:47:07
423,64,7,2025-01-08 21:47:07
424,176,8,2025-01-12 21:47:07
425,21,9,2025-01-03 21:47:07
426,48,8,2024-12-17 21:47:07
427,106,3,2025-03-10 21:47:07
428,174,1,2025-02-14 21:47:07
429,166,4,2025-02-03 21:47:07
430,23,1,2024-12-27 21:47:07
431,34,9,2025-03-01 21:47:07
432,116,2,2025-01-23 21:47:07
433,112,1,2024-12-13 21:47:07
434,142,6,2025-02-28 21:47:07
435,158,1,2024-12-23 21:47:07
436,104,7,2025-02-07 21:47:07
437,66,9,2025-01-17 21:47:07
438,31,8,2025-02-02 21:47:07
439,10,3,2025-02-07 21:47:07
440,151,5,2025-03-02 21:47:07
441,128,8,2025-03-04 21:47:07
442,7,6,2025-02-05 21:47:07
443,82,5,2025-03-08 21:47:07
444,156,6,2025-02-09 21:47:07
445,72,7,2024-12-20 21:47:07
446,200,10,2024-12-27 21:47:07
447,152,3,2025-03-09 21:47:07
448,144,10,2025-01-07 21:47:07
449,141,4,2025-01-21 21:47:07
450,115,5,2024-12-23 21:47:07
451,65,5,2024-12-12 21:47:07
452,184,1,2025-01-05 21:47:07
453,54,7,2025-02-14 21:47:07
454,147,4,2025-01-10 21:47:07
455,123,6,2024-12-13 21:47:07
456,94,7,2025-02-19 21:47:07
457,131,4,2024-12-21 21:47:07
458,68,1,2024-12-14 21:47:07
459,9,1,2025-01-24 21:47:07
460,168,2,2025-01-19 21:47:07
461,20,4,2025-01-11 21:47:07
462,142,2,2024-12-25 21:47:07
463,178,4,2025-03-05 21:47:07
464,155,6,2025-01-10 21:47:07
465,90,9,2025-01-12 21:47:07
466,104,10,2024-12-28 21:47:07
467,14,8,2024-12-20 21:47:07
468,87,7,2025-02-09 21:47:07
469,104,3,2025-01-15 21:47:07
470,4,2,2025-03-08 21:47:07
471,139,7,2025-02-05 21:47:07
472,46,5,2025-01-24 21:47:07
473,171,10,2025-01-18 21:47:07
474,151,8,2024-12-12 21:47:07
475,157,10,2024-12-18 21:47:07
476,43,3,2025-02-07 21:47:07
477,196,6,2025-03-12 21:47:07
478,94,7,2025-01-18 21:47:07
479,18,5,2025-03-03 21:47:07
480,109,6,2025-01-20 21:47:07
481,13,1,2025-01-22 21:47:07
482,164,2,2025-02-04 21:47:07
483,126,9,2024-12-26 21:47:07
484,163,5,2025-02-05 21:47:07
485,47,1,2025-02-13 21:47:07
486,148,9,2024-12-25 21:47:07
487,45,4,2025-01-30 21:47:07
488,73,5,2025-01-22 21:47:07
489,176,5,2025-02-05 21:47:07
490,71,7,2025-01-14 21:47:07
491,188,4,2025-01-13 21:47:07
492,20,1,2024-12-13 21:47:07
493,80,3,2025-01-21 21:47:07
494,131,7,2025-02-01 21:47:07
495,47,3,2025-02-12 21:47:07
496,148,2,2025-02-11 21:47:07
497,139,1,2025-01-15 21:47:07
498,71,7,2025-01-01 21:47:07
499,197,10,2025-03-09 21:47:07
500,17,8,2025-02-12 21:47:07
501,142,9,2024-12-26 21:47:07
502,68,3,2024-12-19 21:47:07
503,117,4,2025-02-04 21:47:07
504,98,3,2025-02-25 21:47:07
505,160,8,2025-01-12 21:47:07
506,193,1,2025-01-24 21:47:07
507,127,5,2025-02-25 21:47:07
508,63,8,2025-02-06 21:47:07
509,60,8,2025-02-21 21:47:07
510,51,3,2025-03-09 21:47:07
511,151,7,2025-02-27 21:47:07
512,128,2,2025-03-10 21:47:07
513,8,7,2025-02-09 21:47:07
514,69,8,2025-03-07 21:47:07
515,79,5,2025-02-21 21:47:07
516,98,5,2025-01-10 21:47:07
517,83,10,2025-03-01 21:47:07
518,9,5,2025-01-28 21:47:07
519,82,9,2024-12-28 21:47:07
520,29,8,2024-12-17 21:47:07
521,64,4,2025-01-23 21:47:07
522,51,1,2024-12-25 21:47:07
523,97,10,2025-01-29 21:47:07
524,175,7,2025-01-21 21:47:07
525,131,10,2024-12-24 21:47:07
526,123,8,2025-01-01 21:47:07
527,79,9,2025-01-26 21:47:07
528,87,3,2025-02-28 21:47:07
529,84,7,2025-02-08 21:47:07
530,146,6,2025-02-10 21:47:07
531,127,10,2025-03-03 21:47:07
532,67,6,2025-02-23 21:47:07
533,69,9,2025-01-11 21:47:07
534,122,8,2024-12-16 21:47:07
535,148,6,2025-02-05 21:47:07
536,30,3,2025-01-21 21:47:07
537,83,3,2024-12-26 21:47:07
538,60,6,2024-12-15 21:47:07
539,60,2,2025-02-26 21:47:07
540,147,3,2025-01-05 21:47:07
541,9,9,2025-02-03 21:47:07
542,128,7,2025-03-07 21:47:07
543,175,2,2025-01-26 21:47:07
544,148,5,2025-03-11 21:47:07
545,101,8,2025-02-27 21:47:07
546,43,6,2025-02-23 21:47:07
547,95,6,2025-01-25 21:47:07
548,18,6,2025-01-18 21:47:07
549,190,6,2025-01-28 21:47:07
550,93,7,2025-02-11 21:47:07
551,192,1,2025-01-14 21:47:07
552,29,6,2025-02-03 21:47:07
553,59,6,2025-01-11 21:47:07
554,112,2,2025-01-28 21:47:07
555,112,3,2024-12-18 21:47:07
556,3,4,2024-12-26 21:47:07
557,184,1,2025-01-07 21:47:07
558,19,4,2025-01-11 21:47:07
559,12,5,2025-01-27 21:47:07
560,2,3,2024-12-28 21:47:07
561,108,1,2024-12-14 21:47:07
562,48,3,2025-03-07 21:47:07
563,190,5,2024-12-18 21:47:07
564,161,9,2025-03-06 21:47:07
565,154,4,2025-01-23 21:47:07
566,111,3,2025-01-05 21:47:07
567,30,6,2024-12-16 21:47:07
568,192,4,2025-01-12 21:47:07
569,185,10,2025-02-06 21:47:07
570,52,8,2025-01-29 21:47:07
571,2,6,2025-01-16 21:47:07
572,148,8,2024-12-26 21:47:07
573,47,4,2025-01-30 21:47:07
574,171,8,2025-01-26 21:47:07
575,137,8,2024-12-15 21:47:07
576,169,8,2025-02-13 21:47:07
577,176,9,2025-01-12 21:47:07
578,2,4,2025-01-13 21:47:07
579,83,9,2025-02-25 21:47:07
580,134,9,2025-02-03 21:47:07
581,22,8,2025-01-24 21:47:07
582,94,4,2025-03-12 21:47:07
583,154,7,2025-01-20 21:47:07
584,59,8,2024-12-30 21:47:07
585,179,1,2025-01-27 21:47:07
586,178,3,2024-12-28 21:47:07
587,173,10,2025-01-04 21:47:07
588,79,9,2025-01-24 21:47:07
589,115,9,2025-01-18 21:47:07
590,101,6,2025-01-05 21:47:07
591,106,1,2025-01-05 21:47:07
592,92,2,2025-02-01 21:47:07
593,122,2,2025-01-16 21:47:07
594,102,10,2025-02-16 21:47:07
595,47,6,2025-03-06 21:47:07
596,116,1,2024-12-29 21:47:07
597,166,10,2025-01-10 21:47:07
598,132,10,2025-01-15 21:47:07
599,162,1,2025-02-12 21:47:07
600,79,7,2024-12-29 21:47:07
