id,name,version,type,cpu_usage,mem_usage,network_bandwidth
1,Component 1,v2.0,database,0.7984597108950046,0.9680189677088029,245.35617860017496
2,Component 2,v1.0,cache,0.968403997696673,0.8314742977335099,777.678901432039
3,Component 3,v5.0,database,0.8898414429821104,0.48470889514595283,391.82317680521146
4,Component 4,v4.0,cache,0.623798945518232,0.7467117308538528,324.4962509393546
5,Component 5,v4.0,cache,0.749430269275787,0.907069375497234,32.300227713931704
6,Component 6,v3.0,cache,0.49000077713300705,0.15877558189201701,64.10645796078626
7,Component 7,v2.0,database,0.08079807745771617,0.10810497914251682,709.185997494778
8,Component 8,v9.0,service,0.5914776278670559,0.24288673573399855,824.268798216953
9,Component 9,v2.0,database,0.5521230085046301,0.22747857960532114,746.0292958677659
10,Component 10,v10.0,cache,0.512707452561829,0.17219113892940419,223.5848315628175
11,Component 11,v7.0,database,0.600135988474659,0.5112059700184145,179.7908880540297
12,Component 12,v1.0,database,0.4729607139248654,0.10354249622593314,738.6561457215921
13,Component 13,v1.0,database,0.7149106065838148,0.8274207060024378,836.7644649872021
14,Component 14,v2.0,cache,0.2071453104482207,0.9221984897812934,56.54552439613327
15,Component 15,v4.0,cache,0.8747128872906419,0.33327883869445185,541.0017717906878
16,Component 16,v4.0,database,0.3793176629027083,0.8591828547872924,654.564926938937
17,Component 17,v9.0,database,0.06404312929607847,0.7172414828359609,342.185367787764
18,Component 18,v10.0,database,0.9337597710173687,0.09301446125172042,842.8392887227591
19,Component 19,v1.0,service,0.774482448218913,0.6205552167335242,529.337547953266
20,Component 20,v9.0,cache,0.8589131478351972,0.16510522581546094,412.5776395522561
21,Component 21,v4.0,service,0.10341317015977336,0.8596580637713762,717.4579245444587
22,Component 22,v9.0,cache,0.020013721455183098,0.13122338540157785,741.8139612719932
23,Component 23,v7.0,database,0.8079230472261848,0.6455731097949299,716.8554665045123
24,Component 24,v4.0,service,0.23340301028122934,0.40574894147482243,873.5653905374102
25,Component 25,v8.0,database,0.3045711247671288,0.2465637675441651,985.7462380265372
26,Component 26,v10.0,service,0.9835008769300062,0.4793272346160975,465.7155344905128
27,Component 27,v5.0,database,0.02548767820333675,0.1054571754377055,211.5185014254819
28,Component 28,v1.0,cache,0.37511619465029555,0.11455546731733057,932.9223810197778
29,Component 29,v3.0,database,0.6466883020597342,0.21935614443860274,212.48951668056978
30,Component 30,v7.0,cache,0.9761621511975281,0.06458430664603887,366.85194321165613
31,Component 31,v6.0,database,0.2716268084229303,0.822438093630775,74.55941121869317
32,Component 32,v5.0,database,0.15450200608654396,0.1359554575387646,493.9727901758283
33,Component 33,v3.0,cache,0.14652031336748894,0.3732202457738356,516.2951665761013
34,Component 34,v4.0,cache,0.13727033014766055,0.4932679253464608,988.3414777726418
35,Component 35,v6.0,service,0.6945113619823512,0.5251890661009014,354.42324542917316
36,Component 36,v2.0,database,0.5354641790117587,0.08686441493891706,25.51475852907425
37,Component 37,v2.0,service,0.6469456471930687,0.6531698277360053,337.1559252719486
38,Component 38,v7.0,service,0.7472386850359024,0.7310259603741208,262.409192656673
39,Component 39,v2.0,cache,0.03402647972179784,0.24548528681138204,954.1348123898205
40,Component 40,v6.0,cache,0.05650657104691603,0.3527976474083352,53.998495020563674
41,Component 41,v6.0,database,0.14988543744492433,0.8845926300237643,613.3926314005549
42,Component 42,v10.0,service,0.1311856750331244,0.441347906503633,726.2396167351001
43,Component 43,v5.0,database,0.6717187335373728,0.7721694388943653,180.88313750758016
44,Component 44,v1.0,service,0.5955174443841225,0.8055937528596024,563.0519828207028
45,Component 45,v8.0,cache,0.14208747592115822,0.1571268879911093,252.88649520429587
46,Component 46,v9.0,database,0.5501717981032225,0.48419359565893616,569.5119474305314
47,Component 47,v2.0,service,0.4158064313117228,0.4678039923583557,131.58206445603872
48,Component 48,v7.0,cache,0.5440800438016906,0.4028315999565394,353.1558884583371
49,Component 49,v2.0,service,0.29998704341894433,0.29853635047220217,15.930574890511124
50,Component 50,v9.0,database,0.7387166564296962,0.1076928567643759,47.19072024814444
51,Component 51,v5.0,cache,0.5378990152489108,0.6716908321056092,615.779459309106
52,Component 52,v10.0,service,0.6180032348004507,0.9157856682391531,466.0447061662934
53,Component 53,v6.0,service,0.46731428067714864,0.8733513586967143,200.9227027887314
54,Component 54,v10.0,database,0.8525974963241597,0.38110484068840256,689.7896879766355
55,Component 55,v4.0,database,0.42064963356632445,0.3839305023843146,555.8394431094391
56,Component 56,v2.0,database,0.769806889051167,0.914703597047051,447.4558528062378
57,Component 57,v1.0,cache,0.023636216597353155,0.9651920516213767,372.61237869413884
58,Component 58,v4.0,cache,0.0034133298617626817,0.6578496759395505,433.3875688252864
59,Component 59,v5.0,database,0.11803086525640138,0.16298248803027027,140.98599459799618
60,Component 60,v2.0,cache,0.6358784070535712,0.43670075456816204,185.98342475807277
61,Component 61,v4.0,service,0.6044866899042154,0.3574603088281826,93.41559754130115
62,Component 62,v2.0,database,0.14632533339085974,0.8584859275864964,421.9493712393673
63,Component 63,v7.0,cache,0.6618621008698481,0.22737869733140526,678.5059429959382
64,Component 64,v5.0,cache,0.5099075736683156,0.2757204232977182,78.5491622334919
65,Component 65,v8.0,database,0.005898566559974339,0.795192054575156,14.912246080897814
66,Component 66,v6.0,database,0.4401283506350665,0.7295066051069538,797.9284117270691
67,Component 67,v3.0,cache,0.3906585913677595,0.441917837576548,913.9649436778625
68,Component 68,v6.0,cache,0.08893883196009855,0.27951299801447305,765.3786091188055
69,Component 69,v6.0,database,0.917409363138629,0.4002538563110789,478.21270407231157
70,Component 70,v4.0,cache,0.5674232091903322,0.8686518276656489,307.1201709294395
71,Component 71,v5.0,service,0.8508327814256479,0.8750659435426533,277.90142084974525
72,Component 72,v2.0,cache,0.022378101252869542,0.1888423558887089,902.7746018128472
73,Component 73,v10.0,service,0.1466226127617003,0.3321957767915934,879.1768296595294
74,Component 74,v3.0,service,0.1134440624894919,0.757490664066853,494.77702982275156
75,Component 75,v9.0,cache,0.991794994965326,0.6428949557705151,716.3961694448644
76,Component 76,v4.0,cache,0.8463984579437008,0.42870126683041077,192.6126558082974
77,Component 77,v3.0,database,0.10537225139770945,0.48388811833108136,601.2255781788423
78,Component 78,v8.0,service,0.8619043163158044,0.3619619837976903,554.4886484385863
79,Component 79,v7.0,cache,0.1795518451663053,0.06861817916977897,725.7692860249804
80,Component 80,v5.0,service,0.8305327800567546,0.08308858361403315,606.6189019637324
81,Component 81,v9.0,database,0.06322128079105749,0.4747656850122113,712.2851756557706
82,Component 82,v4.0,service,0.18963589033496553,0.1186062016286884,502.55149197736534
83,Component 83,v6.0,cache,0.6336963326819889,0.9778962048253247,845.9216329170652
84,Component 84,v1.0,cache,0.7860520897454064,0.10432746976609164,919.2076487932094
85,Component 85,v4.0,service,0.9913560708345842,0.9419331703812627,827.9573453238878
86,Component 86,v1.0,database,0.06514419419058481,0.40350382616373226,922.3183541078313
87,Component 87,v6.0,service,0.9060847392586482,0.09086417776233702,451.48727229681975
88,Component 88,v7.0,cache,0.10738903128263344,0.25994750384180487,956.9545119124651
89,Component 89,v5.0,database,0.3812330576148387,0.6347804801953161,460.42299996927875
90,Component 90,v2.0,service,0.8676268335916432,0.9146588497018551,454.8995970741983
91,Component 91,v4.0,service,0.636855661966236,0.41591354675011716,785.0038674706506
92,Component 92,v10.0,database,0.857024351242093,0.8212623643374624,688.1365113471426
93,Component 93,v6.0,service,0.14772088933510108,0.04159933758426493,350.40983134030614
94,Component 94,v4.0,database,0.6610500023913818,0.23836427066363852,593.037869753387
95,Component 95,v8.0,database,0.2734096162521845,0.10449140632056741,610.1274695869685
96,Component 96,v7.0,database,0.5925412772895012,0.5312419198384234,165.20739899059978
97,Component 97,v8.0,database,0.14039422640016397,0.2785096421733334,24.721516541098083
98,Component 98,v3.0,service,0.7395777622940276,0.8339537736517297,777.7204743475608
99,Component 99,v5.0,service,0.08675337757844093,0.45909026832852806,39.4295051589085
100,Component 100,v3.0,cache,0.8330567899465604,0.8131529956175393,824.3982319445904
101,Component 101,v4.0,database,0.4506901367142093,0.9969538721044728,12.394527861893602
102,Component 102,v9.0,cache,0.24498052133694992,0.801364116274386,236.76623769255153
103,Component 103,v9.0,cache,0.12108480447487469,0.7806266918688672,630.8966078676242
104,Component 104,v5.0,service,0.32830156041511793,0.047008266476476046,731.3558926212756
105,Component 105,v10.0,service,0.9902869092393503,0.42036688826318136,891.1238039712503
106,Component 106,v7.0,service,0.9935028736890689,0.6918775144407899,386.9964234292538
107,Component 107,v10.0,service,0.6107560010110331,0.6945167433488383,592.4471406145223
108,Component 108,v7.0,cache,0.5248315805717549,0.8120898591880278,522.9188413520561
109,Component 109,v6.0,database,0.2597785657027243,0.4542448643068797,923.092833150892
110,Component 110,v4.0,cache,0.7882318473347916,0.3613224578755342,292.1032587320974
111,Component 111,v3.0,cache,0.8596421938639361,0.6405831297398256,729.2016197619472
112,Component 112,v9.0,service,0.12209092830087065,0.02480381604994175,991.9478593748297
113,Component 113,v8.0,database,0.996052401493493,0.72204164102992,438.1466165289241
114,Component 114,v2.0,cache,0.4781125394477599,0.10202766512639028,234.3600827139111
115,Component 115,v1.0,service,0.7827066436188698,0.8264827007669298,792.8100368355244
116,Component 116,v2.0,service,0.28996849876842967,0.1218929089994013,470.93542218092506
117,Component 117,v3.0,database,0.46623172795722934,0.8210193080153204,596.3379166412088
118,Component 118,v3.0,cache,0.31623700334335736,0.173965400908068,697.857511648119
119,Component 119,v7.0,database,0.6824944989766266,0.04086041541848018,586.8071554641012
120,Component 120,v10.0,database,0.9402447791425154,0.1688504956777802,89.02365989033989
121,Component 121,v2.0,database,0.9950431479648189,0.22061036277091695,640.313551876658
122,Component 122,v7.0,cache,0.43019669144541584,0.7213857325972901,838.7096334963618
123,Component 123,v7.0,service,0.0023090562566245865,0.2981125592420023,286.6551169122963
124,Component 124,v10.0,database,0.9965122796411644,0.5148932850534532,823.5508146930123
125,Component 125,v8.0,database,0.747623014156253,0.10671259601398353,258.0445547758238
126,Component 126,v9.0,cache,0.7755927042841653,0.780960553183362,328.80356819344297
127,Component 127,v5.0,cache,0.736421020880621,0.26645300912325987,90.53669747802758
128,Component 128,v9.0,service,0.6821500799134406,0.4988832644044213,107.38621630028805
129,Component 129,v1.0,service,0.8595236813457091,0.5720978132397222,871.213711850674
130,Component 130,v2.0,database,0.04488603362364574,0.23264752388991827,944.9911397194458
131,Component 131,v9.0,database,0.5836283775435054,0.107580286051149,30.896349416706094
132,Component 132,v5.0,cache,0.5513638819529737,0.7863950932360826,311.05043643879446
133,Component 133,v6.0,database,0.5924936449949979,0.5910999930567047,902.9663164548334
134,Component 134,v2.0,cache,0.8667792921033831,0.6020396467975118,647.8426455131653
135,Component 135,v5.0,database,0.6387668432835845,0.4122734140355563,184.74772232350355
136,Component 136,v7.0,cache,0.05792547586593033,0.6167858787005014,239.77446624169406
137,Component 137,v3.0,database,0.7413152574943291,0.28488670734364197,455.8970254465742
138,Component 138,v8.0,database,0.8415527200846682,0.585030628412466,587.6014433771916
139,Component 139,v1.0,database,0.38376599529065847,0.913681858967144,103.67212137759384
140,Component 140,v5.0,service,0.28132993787205207,0.195880556430856,396.15101632377855
141,Component 141,v9.0,database,0.44946020547332866,0.8235720909851353,158.67656712710965
142,Component 142,v3.0,database,0.9341130758806395,0.3436072973434059,215.6509528758542
143,Component 143,v9.0,service,0.772120231877078,0.23334178668346317,654.7042751342747
144,Component 144,v2.0,service,0.776445724926923,0.5505763830285876,17.397257547651975
145,Component 145,v5.0,database,0.2452133199325074,0.21631825506503877,523.4919081563758
146,Component 146,v9.0,cache,0.26664242503095303,0.8892338618060449,871.6778100214486
147,Component 147,v10.0,database,0.9723287504479246,0.5930814825629865,203.79891777660393
148,Component 148,v4.0,cache,0.7898094802533322,0.6848729753911238,966.9757962236331
149,Component 149,v3.0,database,0.05391144764479028,0.4304891876450252,527.0999990178645
150,Component 150,v6.0,cache,0.47593038774957164,0.7379335272938566,966.928256923091
151,Component 151,v3.0,database,0.4536460873628001,0.6814376195593052,500.1825565233441
152,Component 152,v9.0,service,0.7372062893495526,0.9043092624776097,860.6240023038173
153,Component 153,v9.0,cache,0.831063534164392,0.2763036533158737,613.4568611710052
154,Component 154,v1.0,database,0.7405202591648797,0.154436773270328,58.02293294208701
155,Component 155,v10.0,database,0.5571651849079827,0.43516876755508327,628.1137135523409
156,Component 156,v6.0,service,0.9286602077577196,0.5997206382613186,611.5687453348189
157,Component 157,v8.0,cache,0.02398561402751087,0.18370349544339748,433.8424153523202
158,Component 158,v1.0,cache,0.6172146936299975,0.37727409373066834,746.6022876775512
159,Component 159,v2.0,cache,0.27969549233808844,0.05911846780691865,172.96666679361428
160,Component 160,v6.0,service,0.7394843036850199,0.7929203652539931,627.7394318034835
161,Component 161,v5.0,cache,0.22839326454369813,0.4750886743869116,473.69037086392746
162,Component 162,v4.0,cache,0.4232242933292505,0.7370561499005265,704.8402833095975
163,Component 163,v1.0,database,0.2885531771402565,0.1731180431995164,384.1758580580954
164,Component 164,v4.0,database,0.6823984966283011,0.642977434534048,724.8338425705164
165,Component 165,v10.0,service,0.8632327938033042,0.6172869242950874,974.2054425656556
166,Component 166,v2.0,cache,0.2811834141276506,0.9475225838623602,483.45173786900284
167,Component 167,v2.0,database,0.28151730788752605,0.5566606313957858,756.0926561198628
168,Component 168,v8.0,service,0.36121202659108165,0.6773132986151329,701.8519555245927
169,Component 169,v2.0,cache,0.6226620739191622,0.5579105150178103,785.8267822749862
170,Component 170,v9.0,service,0.1722333225522773,0.6909402680720041,743.9865293689876
171,Component 171,v3.0,cache,0.8790064453824538,0.5821681290222551,425.7973439439189
172,Component 172,v3.0,database,0.008411428152217293,0.40206701452932037,914.1127777961594
173,Component 173,v8.0,cache,0.07318633962624543,0.2592174493110634,69.35032896183267
174,Component 174,v9.0,cache,0.3073542925522422,0.0754070218379701,124.85011843931784
175,Component 175,v3.0,cache,0.8053300156768596,0.415879789126238,170.83021189016736
176,Component 176,v5.0,cache,0.015818401653388103,0.3304575103685773,668.7908137789722
177,Component 177,v9.0,service,0.4375734006301175,0.988765035731579,43.34903236903717
178,Component 178,v10.0,cache,0.6767863191543252,0.9926868147992105,82.85802021312777
179,Component 179,v7.0,service,0.2025696375308157,0.5868215427710675,724.7862121508471
180,Component 180,v4.0,cache,0.33039718785812555,0.49400535795382483,19.22096260929989
181,Component 181,v9.0,cache,0.6184767627839907,0.23365889343313706,64.08846702343489
182,Component 182,v4.0,service,0.2870410903120222,0.9847304472879183,691.2551806171584
183,Component 183,v5.0,database,0.01662316926647034,0.2210187026170285,179.94938763017177
184,Component 184,v7.0,database,0.5590166537777219,0.11576534953560791,452.5418956864044
185,Component 185,v6.0,service,0.13944495764012688,0.6239639986540633,666.2797468874157
186,Component 186,v8.0,cache,0.3215896077448337,0.7261583793902701,879.1144136730755
187,Component 187,v9.0,database,0.4804074426243392,0.5189078092445781,46.91633506516439
188,Component 188,v8.0,cache,0.499480115552021,0.1522284719307634,657.9451706644287
189,Component 189,v2.0,service,0.7450927516702835,0.9685545369407906,222.69137303673176
190,Component 190,v4.0,service,0.30339176228716835,0.413206014617051,198.17817111415903
191,Component 191,v4.0,database,0.26201959540590936,0.3539596341549479,440.41295588412595
192,Component 192,v2.0,database,0.022553885486478742,0.4852991855166561,575.6990282363641
193,Component 193,v6.0,cache,0.7950375123972684,0.6423306689391827,398.8357028329777
194,Component 194,v1.0,database,0.6603620828764535,0.16329584904837857,403.19549757005336
195,Component 195,v10.0,service,0.2588443040708497,0.5634221974469273,641.8033447108984
196,Component 196,v9.0,service,0.49659120188482664,0.9347433579603538,881.0654501384877
197,Component 197,v4.0,service,0.7613638483456551,0.30262643190585903,139.30020605759532
198,Component 198,v10.0,cache,0.7731711192126763,0.1877191226378241,57.83590870822196
199,Component 199,v4.0,database,0.07147700445659588,0.679646973388072,380.10965868605103
200,Component 200,v1.0,cache,0.4642350461207867,0.20031007345828267,832.4124088594193
201,Component 201,v2.0,cache,0.23633989205065264,0.7539406239617643,261.82008977023884
202,Component 202,v1.0,database,0.9479479080533807,0.6736362488489954,51.24310343558538
203,Component 203,v4.0,service,0.9279755843937884,0.745825413448429,189.361338599002
204,Component 204,v2.0,database,0.017121039335241006,0.6330311367763843,261.5885425081383
205,Component 205,v1.0,database,0.5687640889006247,0.3093040638154292,286.9576749782562
206,Component 206,v6.0,database,0.15639449762465996,0.0668971418550528,981.9955752744686
207,Component 207,v2.0,cache,0.032276456141859255,0.9091322646414638,124.59225309721924
208,Component 208,v9.0,database,0.6895766084370623,0.9951632456554484,262.27530751038466
209,Component 209,v4.0,service,0.5778285287043143,0.3791029059678487,411.0546114304189
210,Component 210,v5.0,database,0.3558067730527462,0.8315919804826954,505.0421283828282
211,Component 211,v8.0,service,0.7253917754594615,0.34814276009285205,897.7626440872076
212,Component 212,v4.0,service,0.45768382174550293,0.4334153414535774,149.27723347650948
213,Component 213,v9.0,service,0.23413370766433794,0.2599087816460188,265.7398672878354
214,Component 214,v3.0,cache,0.5448590252059088,0.02936646595858916,807.6580605453222
215,Component 215,v10.0,cache,0.8513484165022984,0.3569408426668075,792.58463864946
216,Component 216,v10.0,cache,0.7746367769313142,0.8820580948403217,881.9567749477224
217,Component 217,v8.0,database,0.05939255998949533,0.17428183964069066,693.2907039092077
218,Component 218,v4.0,cache,0.556976259964191,0.6652973387354059,349.4576645330273
219,Component 219,v8.0,database,0.09137948165638698,0.734907776748752,55.38785420963827
220,Component 220,v7.0,service,0.9468421246461207,0.37208413961129094,410.2293209223745
221,Component 221,v4.0,database,0.12350030518524902,0.17722388156202284,44.02630289544206
222,Component 222,v2.0,service,0.05114218252889702,0.8537579854924228,62.41741640635805
223,Component 223,v2.0,database,0.8707822215727393,0.7940129934970543,236.58077415271157
224,Component 224,v7.0,cache,0.5343545255708475,0.1087226288906854,792.516937000709
225,Component 225,v6.0,service,0.3371348306060311,0.2914471079207649,347.5144666440871
226,Component 226,v7.0,database,0.9713455224099388,0.11529114380178995,878.8393905553789
227,Component 227,v7.0,database,0.5198268589158977,0.3909134964075235,833.1914505579522
228,Component 228,v8.0,cache,0.5412116663838251,0.055018745791794,474.23265203070264
229,Component 229,v1.0,cache,0.5671523157787108,0.447641575429111,537.4532372203381
230,Component 230,v2.0,cache,0.25754244109034974,0.601279892340846,548.4578410339126
231,Component 231,v1.0,database,0.8927804649555506,0.3289541912384789,907.9814530471114
232,Component 232,v7.0,cache,0.8835583126671764,0.9138845692663874,663.3584570456736
233,Component 233,v6.0,database,0.9167100162761326,0.3392173329235034,788.4217862324542
234,Component 234,v2.0,cache,0.5323390871480674,0.5639340690523829,38.40233092559174
235,Component 235,v4.0,database,0.2677901067037509,0.8063389709772866,822.6617350812363
236,Component 236,v4.0,service,0.12989710041202007,0.5153768183410884,563.2822489977054
237,Component 237,v4.0,cache,0.0018833816033042572,0.17111534089240055,948.7786885612104
238,Component 238,v9.0,service,0.5379701078037479,0.5896716862791423,557.5934038406824
239,Component 239,v8.0,database,0.5655309030228685,0.8956342119277259,437.2174087526134
240,Component 240,v3.0,service,0.5211934404446464,0.1609491143005699,249.85426914431162
241,Component 241,v7.0,cache,0.3893864204068539,0.3287813926690938,944.5777280932542
242,Component 242,v3.0,cache,0.3537223238152697,0.07664305598896104,47.53922725519809
243,Component 243,v5.0,database,0.8099710232237859,0.48229715988387234,70.40881783090795
244,Component 244,v8.0,cache,0.581808133161236,0.1869166275657248,432.6315801750403
245,Component 245,v4.0,service,0.4591528439606274,0.9842175279785266,121.7019065132655
246,Component 246,v2.0,cache,0.4507530078904889,0.9093691245214869,137.3017486844716
247,Component 247,v8.0,service,0.2587144555603027,0.901774420590562,53.68148651323685
248,Component 248,v9.0,cache,0.6313837046782109,0.492940944116541,361.7097796332726
249,Component 249,v2.0,database,0.669029764301322,0.4607204357088053,627.4815745851984
250,Component 250,v1.0,cache,0.2924305282359835,0.5654318869052429,88.21450725037937
251,Component 251,v9.0,database,0.061251703977732164,0.056037458928286155,57.360816300766295
252,Component 252,v1.0,cache,0.12263583038781145,0.035380922132484116,594.7167233740427
253,Component 253,v2.0,database,0.08150460907640422,0.817144543901214,95.01257700329631
254,Component 254,v4.0,service,0.13742018918753307,0.8727517677385024,187.42699155681814
255,Component 255,v3.0,service,0.34903790099294796,0.9606212260049081,99.87607591051962
256,Component 256,v7.0,service,0.5302376169751724,0.4765444548045672,94.0246217548479
257,Component 257,v8.0,service,0.7815840132373358,0.312963246946803,105.4810821783105
258,Component 258,v8.0,database,0.3346638736032166,0.47590036131574787,524.1519431482427
259,Component 259,v4.0,database,0.2212778732207955,0.954725550605561,933.5622469040651
260,Component 260,v7.0,service,0.588601243474276,0.8612482602976389,256.1534138682856
261,Component 261,v1.0,service,0.5744421847997034,0.5492179674138411,994.218473986106
262,Component 262,v3.0,service,0.6155987934369167,0.875101899242872,24.64362043181283
263,Component 263,v7.0,cache,0.8602687853391888,0.25022354423106863,862.3033140312536
264,Component 264,v1.0,service,0.2048947198579132,0.8553646953808864,542.7649725806207
265,Component 265,v7.0,database,0.9476480151355124,0.5420570839385809,983.470093199092
266,Component 266,v5.0,database,0.14335351168891242,0.18274517341718077,245.58423867208208
267,Component 267,v8.0,database,0.949848708490508,0.38510622038735054,131.65321730059964
268,Component 268,v5.0,cache,0.21881940821097023,0.19200737220665254,756.7600869620308
269,Component 269,v7.0,cache,0.9522930373590465,0.34942797187654584,999.220617047648
270,Component 270,v9.0,cache,0.9613336853126504,0.822731869092662,369.9228244317731
271,Component 271,v8.0,cache,0.3598442284668144,0.07475994946956499,492.36398244089634
272,Component 272,v3.0,database,0.500043232458857,0.5027475182621228,328.975810503357
273,Component 273,v4.0,cache,0.20916874602105273,0.5277120537633639,864.0304666110034
274,Component 274,v5.0,cache,0.5921626111466658,0.8428586401564481,633.8147166789702
275,Component 275,v4.0,cache,0.4000349384783758,0.9269418701357581,937.3893428800463
276,Component 276,v1.0,service,0.34717875713800805,0.13882229876415075,241.6624573118061
277,Component 277,v10.0,database,0.7721880588589213,0.6273586476293499,963.7603318673508
278,Component 278,v9.0,cache,0.7852700435758108,0.1241731272000981,545.2261324267838
279,Component 279,v1.0,service,0.9584416536112584,0.4769377251817144,804.2831001779886
280,Component 280,v6.0,database,0.30407701309631485,0.6565721380801546,673.6494453593288
281,Component 281,v1.0,cache,0.799171492290007,0.9286066484712607,269.2248903916434
282,Component 282,v1.0,database,0.3623555311005152,0.02790844942184545,910.5437099508713
283,Component 283,v10.0,database,0.08566211051025285,0.17035780869203854,573.8260080504314
284,Component 284,v8.0,service,0.1401499531746332,0.4393583699120117,607.3509432763194
285,Component 285,v9.0,cache,0.22930125537587032,0.3573172676565266,62.996215961314086
286,Component 286,v9.0,database,0.529990942119834,0.49082813654589497,21.73983361238167
287,Component 287,v3.0,service,0.4587654980727911,0.7641438151875507,269.64583255774664
288,Component 288,v1.0,database,0.7118667773735299,0.7928643755525712,474.70359989448775
289,Component 289,v9.0,database,0.5570997125451218,0.46947999061973755,234.26996760897256
290,Component 290,v2.0,service,0.891448292340441,0.012215907128698578,256.53229896920107
291,Component 291,v3.0,database,0.8606650198144482,0.28196443169565577,887.4515450461749
292,Component 292,v2.0,service,0.06467936217186054,0.9150218195806655,945.5524399412542
293,Component 293,v10.0,cache,0.6238808361044513,0.08697567327689704,458.1066071817962
294,Component 294,v2.0,database,0.8494482078111347,0.24166656610803638,909.860711850192
295,Component 295,v4.0,cache,0.6988159166253346,0.9447555523512025,619.0907762726182
296,Component 296,v7.0,cache,0.2670605879619776,0.2712720179668213,875.6854643071617
297,Component 297,v2.0,database,0.9339471375710253,0.26492150249954194,134.60216242842816
298,Component 298,v10.0,service,0.47287736081345877,0.9847859795960351,630.8032839092562
299,Component 299,v4.0,database,0.06041361146303004,0.49607885189027445,543.037583251642
300,Component 300,v10.0,database,0.5120676895251544,0.4026621625494713,109.0431396764631
301,Component 301,v10.0,service,0.9679792653373634,0.16112181658826996,600.204915978789
302,Component 302,v1.0,service,0.8342185625003488,0.9719716283499752,256.11039150847444
303,Component 303,v10.0,database,0.16952405967869544,0.1197270519640683,164.57752264915405
304,Component 304,v2.0,service,0.1925613155160779,0.1511584204582379,630.478287292556
305,Component 305,v7.0,cache,0.4307738836512933,0.6743677601557869,43.304905924608626
306,Component 306,v10.0,service,0.30757834719521737,0.6549231317035823,509.287337323468
307,Component 307,v10.0,cache,0.9119951014648217,0.508893289097281,297.4684019354108
308,Component 308,v9.0,cache,0.8269147950538541,0.1507818360587727,944.1722724951001
309,Component 309,v6.0,cache,0.2269680697032571,0.5906153415244156,351.45657685129214
310,Component 310,v5.0,service,0.9089803815572621,0.09470478204265342,263.669043270181
311,Component 311,v4.0,service,0.2662603357968817,0.3392860170100168,262.6960852314707
312,Component 312,v6.0,database,0.08835596575336324,0.48132708580540706,730.5619906047958
313,Component 313,v4.0,service,0.49293493549597356,0.3352291042123037,838.7105665891961
314,Component 314,v5.0,service,0.7823321111829638,0.5134144758643097,507.3193437293202
315,Component 315,v7.0,cache,0.6172782493289343,0.7379833597575072,850.9690201836819
316,Component 316,v3.0,service,0.63169086842737,0.16587226395965537,387.07505951822696
317,Component 317,v5.0,service,0.9128168882994196,0.27903880967328487,801.9868111473646
318,Component 318,v8.0,cache,0.32774704832891977,0.621523159673307,205.63371038120192
319,Component 319,v6.0,service,0.6484693401691951,0.5845825582057239,171.11350173276207
320,Component 320,v2.0,cache,0.5398203397559475,0.4794434013837803,898.475717511859
321,Component 321,v1.0,service,0.5651293261790816,0.12246591613366853,744.441772476344
322,Component 322,v8.0,service,0.3207051305745976,0.41830448295286626,826.7716656917373
323,Component 323,v10.0,database,0.48110096497668164,0.8569974510050752,220.79159899817114
324,Component 324,v10.0,service,0.903043864272077,0.2167851205920721,876.9588449915133
325,Component 325,v2.0,cache,0.23764241991197543,0.9319343647122059,98.50010222356303
326,Component 326,v2.0,service,0.3056174933481759,0.4378634924074336,200.35686115387176
327,Component 327,v9.0,database,0.33176101095496235,0.6991951094902163,88.49978876360504
328,Component 328,v4.0,service,0.9095846348234137,0.0476122903076186,107.63400695812457
329,Component 329,v9.0,service,0.7815145175347702,0.38676607690578246,607.4776432014979
330,Component 330,v5.0,cache,0.2590589006408207,0.9228660586601708,815.2782227554334
331,Component 331,v3.0,database,0.7678161727063331,0.8775998216599286,320.9420564190469
332,Component 332,v6.0,service,0.14187769279414808,0.34132420007726694,317.91205655892753
333,Component 333,v2.0,service,0.8485341410630108,0.12374369470416813,703.1951426575475
334,Component 334,v4.0,cache,0.8797597067639685,0.5280927722930437,618.9799533859155
335,Component 335,v6.0,service,0.13927530239577757,0.9800325559407991,697.1461080692042
336,Component 336,v5.0,service,0.8328091604034262,0.527645048204597,313.01901338774866
337,Component 337,v3.0,service,0.36944053271306954,0.21389264559874588,326.88976364711283
338,Component 338,v8.0,database,0.3585098853555807,0.6823707934793514,605.1809374277271
339,Component 339,v9.0,service,0.17693772073147074,0.4345078212499506,847.237872655641
340,Component 340,v5.0,cache,0.8949471540474956,0.9831179204464532,330.7343850260866
341,Component 341,v10.0,database,0.416259338258849,0.376052205284382,242.8611013499438
342,Component 342,v9.0,service,0.2140024751805084,0.5412404471314417,129.07697977052084
343,Component 343,v1.0,service,0.8325467651929789,0.6118688912035154,547.0556562381264
344,Component 344,v9.0,database,0.5754894086708039,0.1999193989969078,259.18310867356575
345,Component 345,v5.0,service,0.31604111120286926,0.4174642279752363,82.53738311681062
346,Component 346,v2.0,service,0.17381290048948095,0.8564614624481368,149.34588762897823
347,Component 347,v3.0,cache,0.8644108307378755,0.6292695997565748,613.0119783263735
348,Component 348,v5.0,database,0.8070592924896556,0.13205604219591516,558.0639841038516
349,Component 349,v2.0,cache,0.9982031453385994,0.7595629168768235,221.6546775265315
350,Component 350,v2.0,service,0.6735779294015437,0.08520807413855236,984.0415031593873
351,Component 351,v9.0,cache,0.8040539717432336,0.45586379368853114,560.5241013688092
352,Component 352,v3.0,service,0.7683941624771407,0.670246251954082,389.8838363602265
353,Component 353,v5.0,database,0.17927342060734752,0.35098929278610824,366.9986742584708
354,Component 354,v5.0,database,0.719281571524541,0.3451016478077842,992.623856560832
355,Component 355,v10.0,database,0.6232286786395512,0.44747632073836796,275.02753189182266
356,Component 356,v4.0,cache,0.9238395706586167,0.942057093641912,478.91160538259527
357,Component 357,v6.0,cache,0.9101786597414527,0.8224845580390555,299.3251459588654
358,Component 358,v4.0,service,0.3345666669649494,0.28306322157263974,523.8619014200457
359,Component 359,v5.0,database,0.4883757731738486,0.5785127217526352,84.41991631239166
360,Component 360,v9.0,cache,0.397874566565084,0.8118218589194854,323.457454843923
361,Component 361,v8.0,service,0.32042350427624455,0.48739920403549186,903.7239560211316
362,Component 362,v5.0,cache,0.4887756323162473,0.9005223476645877,935.5612382062931
363,Component 363,v1.0,service,0.05977953128855784,0.051272410619274345,554.2246038127468
364,Component 364,v2.0,cache,0.08768706024541306,0.9335291552273641,563.249291875864
365,Component 365,v7.0,cache,0.16092735813536274,0.547816638291621,11.529034952508512
366,Component 366,v5.0,cache,0.993043059235588,0.19132876837241009,144.96251638688042
367,Component 367,v1.0,database,0.7152223078421288,0.9812690985601471,504.193631641018
368,Component 368,v1.0,database,0.15925301120615643,0.4553786468620925,64.01689188246019
369,Component 369,v6.0,cache,0.308124997766814,0.10647907941884838,532.118305764466
370,Component 370,v3.0,service,0.5318324868493827,0.6036525532909048,790.9460650883121
371,Component 371,v5.0,service,0.11904234445074713,0.932103956104149,477.5479508101593
372,Component 372,v3.0,database,0.6010667820539809,0.5156450353684484,286.16571949559665
373,Component 373,v8.0,database,0.36916581393214976,0.38342927760704615,169.84982307902845
374,Component 374,v9.0,database,0.4776509241672614,0.665119248693291,96.84127163894884
375,Component 375,v7.0,cache,0.3728897467103487,0.16747369557841796,735.1163027229821
376,Component 376,v9.0,service,0.04472505193421794,0.35457670422821586,199.30398490777233
377,Component 377,v1.0,database,0.5834338297189474,0.08655856983772825,603.5654968127603
378,Component 378,v2.0,cache,0.4065819058930461,0.5936443034338509,367.48556439877285
379,Component 379,v2.0,database,0.9953613298904127,0.6154333261893473,830.7512899654254
380,Component 380,v3.0,service,0.32965243254117826,0.8174245794394663,241.84738545534188
381,Component 381,v9.0,service,0.4465767656640237,0.5795317591847288,175.88413679305748
382,Component 382,v1.0,database,0.19353309221824366,0.4345347082051979,164.0385940861944
383,Component 383,v6.0,cache,0.9218727901441335,0.6525095191234983,235.00496982114623
384,Component 384,v10.0,service,0.4573482553551693,5.545444309549286E-4,201.1782883167697
385,Component 385,v9.0,service,0.8189334731021538,0.09699883775335472,241.80726211742783
386,Component 386,v3.0,service,0.9639959517090185,0.8581983494985375,422.175714873503
387,Component 387,v7.0,database,0.9282351617375464,0.3159347017172873,887.7426671501202
388,Component 388,v3.0,cache,0.7423004284595653,0.2456688288471598,350.7596290478513
389,Component 389,v1.0,cache,0.3954655124373606,0.7819944422640835,436.8469235907754
390,Component 390,v5.0,cache,0.010080599510821742,0.522485436650167,355.173065392718
391,Component 391,v6.0,cache,0.8842125767784469,0.05353058758752072,40.94701680186398
392,Component 392,v1.0,cache,0.31867619070813424,0.13319820127291182,175.1222310324263
393,Component 393,v6.0,database,0.9211258443285768,0.8573220996850355,532.4585791321227
394,Component 394,v4.0,database,0.7314173342768365,0.8038313297008879,211.94826148451446
395,Component 395,v4.0,cache,0.22586585036677698,0.4015637475631294,826.3676516205163
396,Component 396,v2.0,cache,0.16385879532897174,0.2769279115798069,700.3534312597023
397,Component 397,v6.0,database,0.7865342869100026,0.46355784521647003,418.87315288816427
398,Component 398,v9.0,database,0.8475676622764549,0.5225625237691877,557.1017284141376
399,Component 399,v7.0,cache,0.051096983011967856,0.9131764250241253,728.9790922906407
400,Component 400,v10.0,cache,0.9406638314656138,0.125444211445486,440.43980833615893
401,Component 401,v3.0,database,0.3030443913036054,0.69221062025772,553.6602902900962
402,Component 402,v4.0,service,0.9422539605454618,0.3330680620189017,422.8127035766829
403,Component 403,v3.0,cache,0.4742401556978759,0.8251724346417535,309.34670878319827
404,Component 404,v3.0,service,0.7689844733439334,0.9279030065316985,570.3340711534341
405,Component 405,v7.0,cache,0.1868436758313039,0.18045424780902508,232.21744370921346
406,Component 406,v1.0,cache,0.9141607381392148,0.3719365376349397,715.933749835989
407,Component 407,v3.0,cache,0.5527437390994201,0.8560236967559716,785.3711438151805
408,Component 408,v6.0,cache,0.8531171847577254,0.09590678715923984,381.36600948638335
409,Component 409,v7.0,service,0.909032494292937,0.08050710472360101,274.710553358827
410,Component 410,v4.0,database,0.672926207623404,0.6537298066424369,800.569336170416
411,Component 411,v5.0,database,0.527621182695863,0.9122601329187098,474.58856909241337
412,Component 412,v3.0,service,0.33983362552841057,0.1159023126120452,472.52660133212675
413,Component 413,v2.0,database,0.5901707966454084,0.7498073685895428,641.1707956901923
414,Component 414,v7.0,database,0.14769363224731358,0.5480009034015099,427.0203973378034
415,Component 415,v1.0,database,0.09864609767599575,0.4640549614059237,563.3200261931524
416,Component 416,v8.0,database,0.13888184557837702,0.06798951530197861,942.3347976651866
417,Component 417,v4.0,database,0.7500891041490892,0.602024867868092,779.4554260289227
418,Component 418,v4.0,cache,0.5928941254854115,0.39757320542866903,182.02444598494483
419,Component 419,v8.0,service,0.8403977106724381,0.47191610943605167,492.5233769869675
420,Component 420,v6.0,database,0.2560851269867681,0.29633888913621353,208.67087997597415
421,Component 421,v5.0,database,0.006070657431696658,0.1299076496713798,239.19077691628596
422,Component 422,v4.0,database,0.9603029833111535,0.39516759768120147,138.46977091903346
423,Component 423,v4.0,cache,0.9879581883444029,0.5937494925806509,726.8593002719118
424,Component 424,v1.0,database,0.32131055527005103,0.47674497007157524,876.4305624864643
425,Component 425,v4.0,database,0.39579380301212586,0.9530262425487812,394.6048617077875
426,Component 426,v7.0,service,0.2378771851835404,0.6026079924362533,363.9303664344435
427,Component 427,v6.0,cache,0.968227646288333,0.6694485960095097,236.0851134816407
428,Component 428,v5.0,database,0.9067578099552448,0.38975294064738764,957.9011697903525
429,Component 429,v2.0,service,0.5889307954528483,0.2177147445487435,238.82902004676995
430,Component 430,v5.0,service,0.5977325340311971,0.6184361607482912,930.8269731030732
431,Component 431,v6.0,service,0.42315203895767284,0.8791361720754391,855.415667522952
432,Component 432,v9.0,service,0.042081982582721666,0.12977748027610347,605.8403629684265
433,Component 433,v7.0,database,0.010569041660040468,0.7234274247903618,361.5546141402669
434,Component 434,v9.0,service,0.5908942096459039,0.07149051931165151,446.1153397793858
435,Component 435,v6.0,cache,0.9552811683550961,0.6203664423214442,763.4979849568148
436,Component 436,v1.0,cache,0.6758444395761551,0.5150828274079007,852.5580433705433
437,Component 437,v2.0,database,0.1958054117003738,0.1637902945616866,625.0894576517092
438,Component 438,v5.0,service,0.08004888431340818,0.7234263013667136,743.9561872575208
439,Component 439,v3.0,cache,0.9877264525943547,0.3978233201855583,816.0623339795686
440,Component 440,v10.0,service,0.7893048071449765,0.029413281826484727,308.73900292032147
441,Component 441,v5.0,cache,0.16975076290287527,0.6008974341539904,538.9108510529696
442,Component 442,v1.0,cache,0.6867144213185618,0.3912456287900511,845.110365605865
443,Component 443,v2.0,cache,0.06349937956074247,0.7126346072096057,936.8328806091446
444,Component 444,v10.0,database,0.5538361720361559,0.32948040535585743,221.34168980084016
445,Component 445,v7.0,cache,0.06983519423040141,0.2833031921492398,501.59509586080213
446,Component 446,v6.0,service,0.8051390518263709,0.32065702386307227,862.0359154370069
447,Component 447,v6.0,database,0.943478608268644,0.15185103333478545,659.4098559478407
448,Component 448,v7.0,database,0.7613234620643808,0.13555308915921915,954.9668206541558
449,Component 449,v10.0,cache,0.5674931520477433,0.7498136543888407,561.8827858823815
450,Component 450,v9.0,database,0.7041287402122073,0.1863157221172742,28.443679900690988
451,Component 451,v2.0,cache,0.12316066837441253,0.5956151828099366,570.0461488356808
452,Component 452,v7.0,service,0.4305622744338894,0.2005119999592112,411.46397507651045
453,Component 453,v10.0,database,0.2722673953980098,0.432872423448905,684.222019560971
454,Component 454,v4.0,cache,0.25506703843073963,0.10451625115134089,34.34698296222997
455,Component 455,v5.0,database,0.4259445780480029,0.372478716618988,145.54276561466767
456,Component 456,v1.0,database,0.5174610865371119,0.9226203083707682,262.77131614981977
457,Component 457,v7.0,service,0.20613608341170575,0.45723948750893884,779.2519389704507
458,Component 458,v1.0,cache,0.5600961604833604,0.4830288251258006,572.0087406001514
459,Component 459,v9.0,cache,0.8715814404996219,0.9456849973976146,492.30103252536924
460,Component 460,v9.0,service,0.9012122345287752,0.6111040012190442,676.3636556224948
461,Component 461,v4.0,service,0.4051448221212951,0.7016735035429351,897.8080321941079
462,Component 462,v6.0,cache,0.48135428952987047,0.07222944097936823,236.1515992833445
463,Component 463,v7.0,database,0.9471975008088646,0.6092229077457393,982.8859634652867
464,Component 464,v2.0,service,0.7409200506452137,0.11450740483165878,240.32148762458021
465,Component 465,v6.0,service,0.39957449750548346,0.5450618700335942,959.5324658682774
466,Component 466,v10.0,database,0.2741395840616052,0.1492394393462082,450.42702496423675
467,Component 467,v6.0,cache,0.11410340654285833,0.0011245575870053592,224.99920191572818
468,Component 468,v2.0,database,0.4611049739176857,0.4849942236969249,83.44160340895974
469,Component 469,v5.0,service,0.29838753712186317,0.4984252818324867,327.55425661792793
470,Component 470,v9.0,database,0.14006991482365627,0.43222436395153163,516.4089715728667
471,Component 471,v5.0,cache,0.34414358745887685,0.5709327966773504,10.562938564038973
472,Component 472,v7.0,service,0.5487140967291358,0.4072810602450111,440.7021133646548
473,Component 473,v6.0,database,0.6980435089780269,0.3655868176057201,75.36532258244308
474,Component 474,v7.0,cache,0.6068429719129156,0.3600309129423319,822.534292147277
475,Component 475,v5.0,cache,0.3455136754520013,0.9838215483833583,450.8215974391372
476,Component 476,v9.0,cache,0.21667022513657475,0.12969699141614943,784.7854388262714
477,Component 477,v3.0,cache,0.8214557522138366,0.952491497655744,858.9073948888547
478,Component 478,v4.0,cache,0.21207845849840457,0.5991366164449694,892.3663944793911
479,Component 479,v7.0,cache,0.7418979478898416,0.5649641360286058,283.6405363846675
480,Component 480,v7.0,service,0.7346273589489285,0.732688529358247,951.8547045841023
481,Component 481,v3.0,cache,0.13016748955798974,0.7781886668888982,854.5406454306245
482,Component 482,v10.0,cache,0.39527940482321555,0.45703003290328836,399.12406412988713
483,Component 483,v10.0,cache,0.7292526307940383,0.5024747068306169,185.5358389754694
484,Component 484,v5.0,database,0.34026757029128873,0.2681547098478845,948.7472123986257
485,Component 485,v7.0,service,0.8679180755380974,0.8638562360828462,499.91314983447
486,Component 486,v9.0,service,0.709193596303811,0.7520481550494359,245.55357595278173
487,Component 487,v1.0,database,0.4007733146883843,0.3809586142576762,442.65416174806626
488,Component 488,v5.0,cache,0.9636418882367537,0.9793391830255327,392.08864698542743
489,Component 489,v5.0,database,0.7582900414778738,0.08413174047327265,486.5867764399813
490,Component 490,v4.0,database,0.9001025011968848,0.7283581867482862,316.6987985561746
491,Component 491,v7.0,database,0.24294420072987755,0.2662370237169408,521.9962514263293
492,Component 492,v10.0,service,0.964892284959239,0.29419019468026886,371.8927220909034
493,Component 493,v10.0,service,0.9980759350272622,0.9194238371160496,183.78836540662294
494,Component 494,v6.0,service,0.2542414383077348,0.4347987745887364,874.1932115161226
495,Component 495,v8.0,cache,0.24718764004633542,0.2564181045978944,84.85125722923785
496,Component 496,v8.0,cache,0.7169504971866896,0.46207177100036145,43.33355260107875
497,Component 497,v8.0,database,0.8282336137312942,0.6592940666556527,696.3973759454133
498,Component 498,v4.0,service,0.6302295931405032,0.8918998903075291,639.0712348434317
499,Component 499,v9.0,service,0.08101240338251925,0.4618132657147863,419.2476348341687
500,Component 500,v8.0,cache,0.35153964097428414,0.24742080148540946,549.5119592141091
501,Component 501,v3.0,cache,0.09640496655981456,0.8065613068106303,368.3462374653955
502,Component 502,v2.0,service,0.11900974830351374,0.48569752967919433,29.867461788173646
503,Component 503,v5.0,service,0.5481125053531106,0.7483953519879423,748.2791320860896
504,Component 504,v9.0,cache,0.2749097278602014,0.1456370761783008,877.9787639234033
505,Component 505,v10.0,cache,0.8580675214488119,0.13355504572027554,924.9642249765928
506,Component 506,v6.0,service,0.8301295837603481,0.24245868273462745,255.80413924268814
507,Component 507,v2.0,database,0.29257270343195896,0.9940325176097007,762.7789044598495
508,Component 508,v4.0,database,0.414527490263642,0.3550849557299883,268.2165383543654
509,Component 509,v5.0,database,0.7619060922169826,0.1266733983563082,421.41594345676083
510,Component 510,v4.0,database,0.9216231968774675,0.9715320672133585,750.5916572203625
511,Component 511,v4.0,service,0.05325824995108641,0.5156196524368294,189.89339850713003
512,Component 512,v3.0,database,0.7767177710834121,0.7362566362784536,65.09141267467808
513,Component 513,v1.0,database,0.5676418411714964,0.44203006888004426,544.9831969573978
514,Component 514,v1.0,cache,0.787291088404463,0.9631517241984024,55.73645913660499
515,Component 515,v4.0,database,0.4469407064180623,0.21166946335564307,323.7113193149258
516,Component 516,v8.0,cache,0.6935031715674737,0.01818215408864232,452.6742336016191
517,Component 517,v10.0,cache,0.5718050486542964,0.410327891845061,50.804307097166095
518,Component 518,v2.0,service,0.8489039443301081,0.4197496809663668,922.9062871563854
519,Component 519,v8.0,service,0.5098045912162653,0.4789737694037457,803.1097594158459
520,Component 520,v7.0,service,0.24486758911748563,0.638817394807277,310.9772792995955
521,Component 521,v10.0,service,0.28576686401417906,0.10129207228335013,588.100037111536
522,Component 522,v4.0,cache,0.5335656742111304,0.9654301133456332,190.94449028426854
523,Component 523,v7.0,service,0.9511189899775443,0.8518161512372122,900.5138067396291
524,Component 524,v8.0,cache,0.6125174528860144,0.3244222010780583,366.11449471400783
525,Component 525,v7.0,service,0.4544865619437902,0.9565395296910213,29.04187617586621
526,Component 526,v4.0,database,0.8061710429924908,0.25388849116554946,274.6024381655124
527,Component 527,v3.0,database,0.1840730795095109,0.2672167770165419,411.3911972023683
528,Component 528,v1.0,cache,0.5768535450428275,0.9923386011042995,641.4599180759458
529,Component 529,v2.0,database,0.18288730723120483,0.3722078431684652,371.09858854940137
530,Component 530,v7.0,database,0.07308474388713959,0.21976466581171128,983.0152005234437
531,Component 531,v4.0,cache,0.8503368568381993,0.6427337656075223,509.2921708231867
532,Component 532,v3.0,database,0.8493130245455561,0.008789341747286294,665.9932682804512
533,Component 533,v9.0,database,0.3254216645564071,0.06870643507931629,270.75302185663554
534,Component 534,v8.0,database,0.12712674831423676,0.9024800654025229,863.1333395758041
535,Component 535,v1.0,service,0.8754106136536103,0.6306918594103214,114.7218585444472
536,Component 536,v9.0,cache,0.4805989092509678,0.32097922402480294,442.1932098131746
537,Component 537,v4.0,service,0.2422246492056006,0.9648793106736532,206.52451853300485
538,Component 538,v2.0,database,0.6225802337886739,0.850682280908324,741.9740298632207
539,Component 539,v8.0,database,0.7167412502574708,0.7201956477740934,663.4388681905606
540,Component 540,v3.0,service,0.30042132007183475,0.27710751741686845,131.5939594777986
541,Component 541,v8.0,database,0.11081691564460971,0.02510086604200401,144.66501437444916
542,Component 542,v9.0,cache,0.5612259342639047,0.6488606436997657,501.5462185562117
543,Component 543,v9.0,cache,0.8421275521540906,0.2629614618145908,565.9470395570149
544,Component 544,v10.0,cache,0.2780978309157208,0.4662314373968166,383.75712108256255
545,Component 545,v6.0,database,0.7331349626655302,0.6317906257828153,548.3713498104387
546,Component 546,v8.0,cache,0.11048224885711366,0.5011016028481063,975.0849987780957
547,Component 547,v10.0,cache,0.05127520333577662,0.6177979324266826,590.0584793312328
548,Component 548,v9.0,database,0.6322483401395713,0.12161808152665021,274.8025550637008
549,Component 549,v7.0,service,0.2770167317705715,0.8269595686124322,619.3092497963829
550,Component 550,v9.0,service,0.7665055549361879,0.26231895693973406,713.952799761796
551,Component 551,v8.0,database,0.9670777033274147,0.9075004123882627,318.7122467958685
552,Component 552,v3.0,cache,0.15327540023293473,0.3501410810867376,885.896137902218
553,Component 553,v8.0,service,0.3118029438107599,0.31786376728503507,585.5455228032419
554,Component 554,v8.0,service,0.010566861459391341,0.8870248195633218,973.0932781380292
555,Component 555,v5.0,service,0.8762540300627293,0.38384121924014636,507.2545551912298
556,Component 556,v4.0,database,0.7268540482486365,0.10123628013534092,20.87390468150157
557,Component 557,v5.0,service,0.41560359802852564,0.09325826616135358,250.49414878713802
558,Component 558,v9.0,service,0.7567478803409818,0.8761339530293237,835.5255776629829
559,Component 559,v8.0,database,0.1772801639882179,0.9962089670815061,187.042721758594
560,Component 560,v4.0,database,0.9309228679580848,0.42558280926052894,190.83256747601436
561,Component 561,v5.0,database,0.06965353220740955,0.4125518082841758,299.51927718466186
562,Component 562,v8.0,service,0.8943167721869304,0.1931562783953138,152.5655391300572
563,Component 563,v2.0,service,0.28749399327201997,0.18582136175355324,15.94584578730801
564,Component 564,v5.0,database,0.6665642556311734,0.3371737340369172,783.1080461372059
565,Component 565,v4.0,cache,0.8478578180216082,0.36309566103612734,997.7038407539134
566,Component 566,v5.0,database,0.8114846328962985,0.48534648644565537,167.99363776144278
567,Component 567,v6.0,service,0.21173964735819528,0.5677606202891208,315.9933141685457
568,Component 568,v6.0,service,0.38475627551271396,0.29972405284085946,124.95634999870998
569,Component 569,v9.0,database,0.8300109339349377,0.679258993540892,376.0129309767058
570,Component 570,v2.0,cache,0.3899894297599671,0.09953549086362867,765.4671022944862
571,Component 571,v3.0,cache,0.9060496725504233,0.2267562039396659,585.0762991081272
572,Component 572,v3.0,service,0.03727267798870204,0.9667527242531876,451.1345237116469
573,Component 573,v4.0,cache,0.45597169420725303,0.9328579295827616,501.3107094332847
574,Component 574,v7.0,cache,0.670871088493046,0.8550670768393759,288.22374021853983
575,Component 575,v3.0,cache,0.17533554271419882,0.9471733789586135,335.60071543247955
576,Component 576,v4.0,database,0.7589178216463484,0.9739499586380566,903.2203013583073
577,Component 577,v2.0,service,0.20771922339840565,0.04419942327531212,736.4926266447754
578,Component 578,v7.0,database,0.8101982212398047,0.8204258904061128,913.1830931904692
579,Component 579,v7.0,cache,0.047141766853369904,0.9454834391108652,84.32201096369432
580,Component 580,v6.0,service,0.5406394581403893,0.4942021639761218,562.7476218237285
581,Component 581,v9.0,database,0.15804385248051478,0.7924594562710872,782.6257101848233
582,Component 582,v8.0,service,0.8997341592075617,0.1794503216624167,475.66208373919824
583,Component 583,v7.0,database,0.2832560644797383,0.34374207324517114,421.6670271365434
584,Component 584,v1.0,service,0.2769874330927178,0.6934471612119628,103.7166333618295
585,Component 585,v4.0,database,0.7160584957802215,0.6981458902662894,471.5886308758237
586,Component 586,v7.0,cache,0.6868131010467083,0.5541281075720617,984.3086458945065
587,Component 587,v7.0,database,0.12579872617644305,0.21341229744103807,952.4695660897705
588,Component 588,v10.0,cache,0.9703262608121224,0.9941134315975312,153.37453521963968
589,Component 589,v1.0,database,0.6432870073676406,0.6192812213935123,422.40507734220193
590,Component 590,v10.0,cache,0.970257404581319,0.048478083832214414,525.2773152159626
591,Component 591,v7.0,cache,0.24965464900629897,0.4710376062812044,34.52007070562263
592,Component 592,v8.0,database,0.5792720140500346,0.03760705867800229,940.7710558104873
593,Component 593,v1.0,database,0.48759375396049587,0.10801212281971295,375.16369645928603
594,Component 594,v6.0,service,0.816132605145822,0.8981304786663802,847.8157675481799
595,Component 595,v5.0,database,0.13644116058305833,0.4092934767148828,952.9220783324298
596,Component 596,v7.0,service,0.6757411955111229,0.1378855131274992,921.3011282626725
597,Component 597,v7.0,database,0.015284666290319215,0.050776073561192514,886.8821452340268
598,Component 598,v9.0,service,0.2360257550053424,0.2287935841314509,665.5550295040754
599,Component 599,v9.0,cache,0.32370162641616895,0.07924422603374048,112.41354401204562
600,Component 600,v10.0,database,0.7869504139660465,0.4747773216283856,352.51891148345396
601,Component 601,v4.0,cache,0.9101292927350944,0.10724636144843158,187.2218581520961
602,Component 602,v8.0,database,0.4979673043705475,0.4440394835146535,590.3218204352493
603,Component 603,v4.0,service,0.833297090233139,0.8480218847499976,62.79351140757031
604,Component 604,v5.0,database,0.6547481121524691,0.613312075679922,986.1240577479136
605,Component 605,v7.0,service,0.9653088033800749,0.4527166224973609,881.2821999076973
606,Component 606,v8.0,service,0.35625595515030406,0.9648949585562511,921.8927341191292
607,Component 607,v1.0,database,0.977321517083181,0.4636085989235327,355.1390989838969
608,Component 608,v7.0,cache,0.6095951697213149,0.3816501840862223,473.0097094614638
609,Component 609,v6.0,database,0.25683383700330487,0.03448683840430877,803.6313946770301
610,Component 610,v7.0,cache,0.11126130690117764,0.6765068418632686,263.53399618585894
611,Component 611,v3.0,service,0.5363501392008787,0.20301530894440933,59.800633522443825
612,Component 612,v8.0,database,0.2796094066280034,0.7516438286924542,476.66404126012435
613,Component 613,v3.0,database,0.8149597637514178,0.33654926471627156,264.2462444722206
614,Component 614,v10.0,cache,0.13986504550055945,0.4160039274697295,52.87413039401719
615,Component 615,v9.0,database,0.8207610431884799,0.9372195370570553,879.1226785806543
616,Component 616,v1.0,service,0.7174805074701923,0.24469396002503552,12.776256931726335
617,Component 617,v7.0,database,0.15991624460076537,0.989112247650217,328.4717410933265
618,Component 618,v10.0,service,0.11395820867244166,0.4000207236312986,702.4317915837715
619,Component 619,v10.0,service,0.02285407939984163,0.15982347184135448,945.2269979471608
620,Component 620,v1.0,cache,0.06995104972004995,0.023492456418537366,908.5669034531898
621,Component 621,v2.0,cache,0.15091549083083333,0.6473125704634005,777.1646043440117
622,Component 622,v7.0,service,0.8555983690159426,0.31286702070886585,828.424358838077
623,Component 623,v3.0,cache,0.2153174882275415,0.029304638433885644,613.0130552456276
624,Component 624,v8.0,cache,0.35045283578234887,0.3876757861116221,624.0353655472303
625,Component 625,v3.0,service,0.0829330289964928,0.38336729428913696,83.03531012610412
626,Component 626,v1.0,database,0.06530880618545731,0.9469605830254857,212.66848674517624
627,Component 627,v5.0,database,0.7687004765047095,0.668864410206795,688.895720740605
628,Component 628,v7.0,cache,0.20210983296199758,0.7066544597018841,44.63867403497039
629,Component 629,v6.0,cache,0.6771078669138851,0.23398697398239743,749.4013143211909
630,Component 630,v4.0,service,0.6660255657209917,0.31538841661603567,457.74182910422843
631,Component 631,v8.0,service,0.4093908649549859,0.5074533436805161,514.7058534908817
632,Component 632,v6.0,service,0.7958477216566906,0.856605558617754,731.7303870577967
633,Component 633,v6.0,service,0.7198268727726209,0.5803324569083825,321.19359004743933
634,Component 634,v7.0,database,0.49426332177783394,0.6435134043043778,270.2849639379265
635,Component 635,v5.0,service,0.3262896904818853,0.35354950340134594,78.97179359353827
636,Component 636,v7.0,service,0.36884607991144347,0.3913906550570352,536.9907690894429
637,Component 637,v5.0,cache,0.6785121094253771,0.6460305933329112,388.7865216270146
638,Component 638,v2.0,service,0.7314711136479499,0.23881474648412127,649.3882083912778
639,Component 639,v8.0,cache,0.8852932908216808,0.3644843268066449,225.71528301288453
640,Component 640,v1.0,service,0.18227119248062784,0.6996449927909438,152.37330569686623
641,Component 641,v9.0,service,0.7198521186812938,0.7557707742330759,779.1446907222253
642,Component 642,v1.0,cache,0.053437386465755354,0.5583848058445893,466.48838960886815
643,Component 643,v6.0,database,0.22688150694396425,0.9809597880198276,126.33580434548081
644,Component 644,v4.0,database,0.9159776689812548,0.6294537089680025,737.8314814573831
645,Component 645,v2.0,cache,0.6397640995100354,0.5228325603259417,300.1006073830375
646,Component 646,v1.0,cache,0.464583533720507,0.4448813553878773,624.2326683934185
647,Component 647,v1.0,database,0.19660740581368108,0.803446465891461,491.58247881295887
648,Component 648,v4.0,cache,0.2667466403424915,0.7219003639841042,507.52041769742965
649,Component 649,v4.0,cache,0.4861181188741054,0.55228069664406,484.2136529344216
650,Component 650,v1.0,cache,0.6651934772026038,0.5214720083089731,986.5664616418746
651,Component 651,v10.0,cache,0.5415634593096271,0.8298860321728216,441.6857124063663
652,Component 652,v3.0,cache,0.10141605010126853,0.15143299393989051,344.5312732597796
653,Component 653,v4.0,database,0.12668895802666624,0.17748026858381538,290.3725893537351
654,Component 654,v3.0,cache,0.2270964950294908,0.12376887862158192,115.72189259658761
655,Component 655,v8.0,database,0.4168576870629277,0.3299774836919347,566.2744949580834
656,Component 656,v2.0,service,0.5886900560536616,0.9953090351358898,145.64461265163516
657,Component 657,v10.0,database,0.7529407177537055,0.697196794810714,56.45233848351259
658,Component 658,v4.0,service,0.4501831738337525,0.21904858663568816,256.01108500629607
659,Component 659,v8.0,database,0.2921019632699753,0.8763739298599145,908.5845876610776
660,Component 660,v5.0,database,0.7483788148426066,0.6468925617317368,68.10480921275322
661,Component 661,v6.0,cache,0.5222893524790444,0.14446718682540627,335.340317960817
662,Component 662,v3.0,database,0.6964596763885633,0.07843380062670802,690.612439494128
663,Component 663,v10.0,database,0.18137008359297813,0.9894183340006678,393.4059504621317
664,Component 664,v10.0,cache,0.10939397905534298,0.39359720498458173,319.67486875258606
665,Component 665,v2.0,service,0.20625754755784886,0.03975426768268542,269.69007577368
666,Component 666,v3.0,database,0.07010647701396755,0.7084524721176867,47.223169899306136
667,Component 667,v5.0,cache,0.6198202150879504,0.28939666240203354,960.4538973778256
668,Component 668,v2.0,service,0.7836916891312622,0.21810595422425894,334.4906167528673
669,Component 669,v10.0,database,0.2876225082248137,0.5174949179656504,919.3854445739308
670,Component 670,v1.0,database,0.925404314273801,0.15413824868981119,913.5079748010777
671,Component 671,v5.0,database,0.017005717414629307,0.9434370102984619,558.034976323405
672,Component 672,v10.0,service,0.9155258074630122,0.12468194626200402,230.39006928423586
673,Component 673,v7.0,service,0.5548471133082176,0.5223483617525692,713.9322881240548
674,Component 674,v7.0,database,0.1978274307521829,0.4548014140021157,520.6391065345535
675,Component 675,v4.0,database,0.6010560478207722,0.3258271891416952,417.4002052718854
676,Component 676,v2.0,service,0.13746247842651438,0.9100475388602827,990.4102776949436
677,Component 677,v10.0,cache,0.4654281443414401,0.25780313832452206,264.1177626781558
678,Component 678,v4.0,service,0.7894194834753188,0.33984122687792495,400.99431014908674
679,Component 679,v2.0,cache,0.44634707920956795,0.9886496118096529,953.6097936638366
680,Component 680,v5.0,cache,0.7285458738851801,0.7453252540410854,391.0472077387034
681,Component 681,v10.0,cache,0.08450555032679574,0.8016817322638415,337.0702735834457
682,Component 682,v2.0,database,0.7508363061148661,0.2387749209544885,692.5372224239433
683,Component 683,v10.0,database,0.7357666369878121,0.1651885369846946,423.62362510938146
684,Component 684,v1.0,cache,0.018092739173035333,0.2381785513579342,910.3599121567615
685,Component 685,v6.0,cache,0.3145660250883201,0.8154004639329872,655.3941855143285
686,Component 686,v9.0,cache,0.8867082333875438,0.9201880567701314,458.4191732499286
687,Component 687,v7.0,service,0.8444519684355711,0.5244207777686904,722.2432276307417
688,Component 688,v6.0,database,0.12822581178547054,0.23515008959785488,46.85443857838706
689,Component 689,v2.0,cache,0.5911696454023454,0.51871748816379,758.8362410292665
690,Component 690,v9.0,cache,0.2201270265110986,0.6527782259918182,372.2544250563871
691,Component 691,v6.0,service,0.7911993327170874,0.13929442726473884,139.84353166293226
692,Component 692,v1.0,database,0.47973287474055637,0.18995710442915248,248.55162680249123
693,Component 693,v7.0,cache,0.5979654141162862,0.6556910300843635,64.08500263095826
694,Component 694,v8.0,database,0.39612922873247014,0.4722394132267933,815.7544097999192
695,Component 695,v2.0,cache,0.5200572250171022,0.8602149725286239,494.64483011681716
696,Component 696,v7.0,service,0.9359515766783697,0.4385102156642491,535.1516940060981
697,Component 697,v6.0,service,0.6336570326084476,0.5759936697879727,74.86959545514071
698,Component 698,v8.0,database,0.46986838283394927,0.20405090678595006,310.91539867351213
699,Component 699,v3.0,service,0.26342434442928075,0.5390531673339753,638.8835391797202
700,Component 700,v7.0,database,0.5285815654248461,0.15414978365072662,139.72421189144026
701,Component 701,v3.0,cache,0.9567322811606996,0.8727284694749826,740.5648197579571
702,Component 702,v9.0,service,0.7364183876442469,0.27900674377514034,947.5402334405517
703,Component 703,v5.0,cache,0.1788149431186873,0.0872969923343998,174.226531848745
704,Component 704,v10.0,cache,0.24061300960118148,0.9857737201978568,152.35978341550154
705,Component 705,v9.0,service,0.00237485189005604,0.37580136764284355,280.666504050741
706,Component 706,v8.0,service,0.41942231230452853,0.9347416989095495,157.54597550816646
707,Component 707,v8.0,service,0.5004944306256647,0.1388446167291707,691.3782100018443
708,Component 708,v7.0,cache,0.9426229468513505,0.20756689152951036,296.2104428549218
709,Component 709,v10.0,database,0.557357425626828,0.20472953710900565,777.2168407928282
710,Component 710,v5.0,database,0.04009890176588016,0.9759883084332808,751.0090824406684
711,Component 711,v6.0,cache,0.9388479160917694,0.4663231895600911,744.7496033509184
712,Component 712,v4.0,cache,0.6018927556010796,0.5742191028370517,261.89728706840583
713,Component 713,v2.0,cache,0.8794497509086889,0.35987634144563585,804.1150545950743
714,Component 714,v5.0,service,0.8500405182730245,0.15990240015912505,294.7691302384853
715,Component 715,v8.0,database,0.014453822942010475,0.8776495176766703,482.776944407588
716,Component 716,v4.0,database,0.42173272475585866,0.23239390881010025,534.6949297896558
717,Component 717,v8.0,database,0.9682301593342444,0.0746015698318282,614.8879982575705
718,Component 718,v10.0,database,0.37303280859883203,0.62758017825671,452.47039516933927
719,Component 719,v10.0,database,0.607414283236846,0.5899908340626466,757.2038440888807
720,Component 720,v7.0,database,0.6869090257054647,0.19351167439001893,509.99987126608227
721,Component 721,v6.0,cache,0.7784913957319068,0.6385606919009195,125.37041085247279
722,Component 722,v1.0,cache,0.24956325674922397,0.2272022511094106,971.0140931305258
723,Component 723,v8.0,service,0.22390343979754757,0.8613217391118557,996.4584670177322
724,Component 724,v6.0,cache,0.9382444809022,0.9134968662467599,724.9903911711411
725,Component 725,v3.0,cache,0.5669888154305847,0.6884468803644408,951.6372154561286
726,Component 726,v8.0,database,0.05276868279426361,0.6612105252840733,455.53260434411675
727,Component 727,v4.0,service,0.6599558578641544,0.5015811934732631,993.0256649143861
728,Component 728,v6.0,database,0.048606822572919595,0.45457287354087494,891.9230880432723
729,Component 729,v5.0,service,0.09271175682048882,0.7093121309932326,873.4571978632245
730,Component 730,v6.0,cache,0.8089783646106917,0.6871175236081084,42.90678516029311
731,Component 731,v5.0,cache,0.7377778203023553,0.8800857352748771,348.8522700474352
732,Component 732,v10.0,database,0.8044196668216835,0.3877486009303165,974.4891385124828
733,Component 733,v5.0,database,0.19973438854937697,0.6844915046496088,270.39061924043637
734,Component 734,v9.0,database,0.174880037528635,0.26016685173971754,138.8366084933986
735,Component 735,v1.0,cache,0.6472109128877805,0.31623806088050554,102.08897204717252
736,Component 736,v9.0,cache,0.6263474353558012,0.9467538771131175,101.03727284712548
737,Component 737,v4.0,cache,0.9600526620708032,0.5593341750211237,350.03379667807377
738,Component 738,v2.0,service,0.6709819906917279,0.9968174871966375,552.0395319348944
739,Component 739,v4.0,database,0.9941589549418084,0.8903391998758118,368.2892966680304
740,Component 740,v7.0,service,0.5398676912390613,0.46398485011272306,295.17052643699503
741,Component 741,v8.0,cache,0.9810005455792145,0.7219492095917498,659.0481303722091
742,Component 742,v9.0,cache,0.35308518842250536,0.9695350480743088,619.1719180764852
743,Component 743,v4.0,service,0.03279702816570629,0.5022295073958076,396.09107775866283
744,Component 744,v8.0,database,0.35698921297032915,0.27117657772338255,57.77555901428705
745,Component 745,v8.0,database,0.05385535542065789,0.7340762102030157,911.3224464180918
746,Component 746,v8.0,cache,0.28841307080344236,0.5178173735474035,766.0400324255583
747,Component 747,v1.0,cache,0.6529435665017239,0.42279693491060755,481.79310983715385
748,Component 748,v2.0,cache,0.10730074886850094,0.20056871515210795,277.10260004760886
749,Component 749,v5.0,database,0.319919003568388,0.6204702596707365,932.5244362573678
750,Component 750,v4.0,service,0.29616394549389424,0.3538282152097061,550.3860482076282
751,Component 751,v7.0,cache,0.5644793472273626,0.8039488387949291,773.9559602837122
752,Component 752,v4.0,cache,0.7781512939213157,0.8741130505000182,69.84209325232086
753,Component 753,v5.0,service,0.7112626740867698,0.2715210921779999,54.62086486290624
754,Component 754,v10.0,database,0.6640265816405769,0.9905229606773704,512.9530867673749
755,Component 755,v6.0,cache,0.7149039215691043,0.7243213728744147,465.8916149039179
756,Component 756,v8.0,database,0.1880698660624638,0.6562839766175406,974.4350383869896
757,Component 757,v9.0,cache,0.654084485442052,0.39642966246545364,278.0845661204722
758,Component 758,v9.0,database,0.470102010131621,0.01934777596358761,335.02865075647225
759,Component 759,v6.0,service,0.7384086948645642,0.145209682035228,889.3208625431072
760,Component 760,v7.0,cache,0.24819038795871884,0.2631604063706654,215.92041112032766
761,Component 761,v9.0,cache,0.9261126986884172,0.333545273728712,639.8929363571667
762,Component 762,v6.0,cache,0.14370087488449768,0.6214947628306429,99.92359228909295
763,Component 763,v6.0,cache,0.3841951075953596,0.7177256933508818,800.7590900932914
764,Component 764,v8.0,cache,0.5345571547167165,0.4463086187695754,644.7988520353193
765,Component 765,v5.0,service,0.6896884552093473,0.7582304097908545,238.06487388765072
766,Component 766,v5.0,cache,0.9436781010686838,0.456346452270175,900.2920669267517
767,Component 767,v5.0,cache,0.11972329502446388,0.16218177112186316,626.6132882128035
768,Component 768,v4.0,database,0.6326263760034113,0.18022499788375368,371.17595465202345
769,Component 769,v2.0,cache,0.8157609694076429,0.7725386308153854,779.7847429604544
770,Component 770,v4.0,database,0.9174441823376929,0.5029009254224022,257.58302926645035
771,Component 771,v6.0,service,0.05585589347020303,0.1549010377157004,459.0259364565103
772,Component 772,v2.0,database,0.9360948110480993,0.18140112789671492,254.49458219853278
773,Component 773,v9.0,database,0.12447726330833742,0.6125029439311719,280.4037387286091
774,Component 774,v3.0,service,0.2731757903191674,0.213002159373319,55.856195968902
775,Component 775,v4.0,service,0.30264756736884324,0.4736246064974494,359.54660891522445
776,Component 776,v4.0,database,0.19307621235613814,0.09495713786190196,760.0712642450956
777,Component 777,v8.0,database,0.36022124005809986,0.44578229039623785,601.1896816250838
778,Component 778,v5.0,service,0.41958808631711475,0.02728431702026768,202.54516926002998
779,Component 779,v10.0,service,0.2739975410588723,0.7654250378711743,651.8835668627978
780,Component 780,v9.0,service,0.3733018152283538,0.6566234506648354,422.1899886450786
781,Component 781,v10.0,service,0.21276295329488515,0.3583512516931888,510.31973361925975
782,Component 782,v5.0,service,0.46894097970824855,0.9282084069127554,404.5324454946196
783,Component 783,v2.0,database,0.7301776338289702,0.035850211692893486,199.62970925958226
784,Component 784,v4.0,service,0.23969039101186906,0.6658854323851121,506.27713422985295
785,Component 785,v5.0,cache,0.955694812095036,0.353725586241586,891.2378565671752
786,Component 786,v4.0,cache,0.3870639408169332,0.40206032345091636,994.0491326086391
787,Component 787,v6.0,cache,0.4292356357936873,0.4621884540860097,49.056728614520146
788,Component 788,v3.0,cache,0.2873442561327185,0.3868951444473171,123.12841557246925
789,Component 789,v5.0,service,0.6842016257083178,0.7169410029767613,708.5348831842483
790,Component 790,v1.0,cache,0.7431180410665801,0.026975689103046374,25.589191626786025
791,Component 791,v9.0,database,0.27372078225223784,0.13302402240899447,272.2638981404432
792,Component 792,v3.0,cache,0.23100218521309168,0.28220128957471613,650.3930779132802
793,Component 793,v5.0,service,0.1926460311340542,0.34110981314590205,409.6552105665595
794,Component 794,v1.0,cache,0.4110561880553236,0.1860664549985962,138.18389149174632
795,Component 795,v1.0,database,0.06025998060176918,0.17001839149662223,259.42484042459364
796,Component 796,v9.0,service,0.12985077069903295,0.42969279373285485,177.46939424484518
797,Component 797,v5.0,service,0.09632413042984767,0.4204034557227121,131.36312599234577
798,Component 798,v3.0,service,0.6685419276173706,0.6586762569470912,943.9910923986441
799,Component 799,v8.0,cache,0.37730188530991826,0.38083405642386636,767.1637270335368
800,Component 800,v2.0,cache,0.34098654838860365,0.9813991606494245,87.71360650655667
801,Component 801,v1.0,service,0.9131166394455162,0.5969623808693125,332.3820495761182
802,Component 802,v10.0,cache,0.9340022118445895,0.3962972106903734,319.1789826230879
803,Component 803,v5.0,database,0.9096264208988236,0.40125548480346507,921.7708057133228
804,Component 804,v8.0,service,0.8906281808567471,0.5843664783426803,226.9825476853405
805,Component 805,v8.0,database,0.02720135820941294,0.080865238514636,629.4228867169006
806,Component 806,v8.0,database,0.13540485450230166,0.7851654698055539,340.3761426124219
807,Component 807,v6.0,cache,0.6584112095033271,0.6772817816113582,656.8857906067439
808,Component 808,v3.0,cache,0.8062747753130332,0.04419520008351696,415.60415220146666
809,Component 809,v1.0,service,0.5218210733379439,0.4495397294259833,866.044638629478
810,Component 810,v5.0,database,0.37494396368405214,0.6381769245239771,904.2985263217469
811,Component 811,v8.0,cache,0.7824090384905397,0.6513344115111777,148.49557851699936
812,Component 812,v2.0,database,0.7177327576640778,0.36762418580668355,900.5842683823984
813,Component 813,v2.0,cache,0.20034088588250332,0.1573692529390951,149.54169086023484
814,Component 814,v7.0,database,0.1478995852927708,0.19208893982090414,126.8861753313388
815,Component 815,v8.0,service,0.26750160275468926,0.3364089568826123,511.0643292639981
816,Component 816,v2.0,cache,0.9774443583127077,0.8734149327543869,158.48860285363938
817,Component 817,v10.0,service,0.7809459660152991,0.8001113518829039,123.10800448655436
818,Component 818,v1.0,database,0.8240261019600448,0.5961769101129898,725.7106804830175
819,Component 819,v3.0,database,0.9923145589177638,0.6959410622628357,281.91882087928707
820,Component 820,v3.0,service,0.05692834952253223,0.2973757688722859,146.87518982747915
821,Component 821,v10.0,database,0.2105220887552114,0.46336164321694495,790.3903478470497
822,Component 822,v5.0,cache,0.9100555007281907,0.04833853766500762,538.5847708568756
823,Component 823,v2.0,cache,0.08103172596322694,0.31338161859658575,17.117961996712122
824,Component 824,v4.0,database,0.8028898875531246,0.45907120330125206,442.2680564024413
825,Component 825,v2.0,database,0.3922884150403657,0.5957427209507491,424.3035940966636
826,Component 826,v9.0,database,0.7101670060276195,0.8758771166664802,410.0172902994365
827,Component 827,v7.0,database,0.23321130271997348,0.8641842898348038,541.1687376878556
828,Component 828,v10.0,cache,0.05366116057529857,0.7046157244927244,93.81144391785122
829,Component 829,v10.0,cache,0.4578599193794649,0.2183726808290003,865.8967549043657
830,Component 830,v10.0,database,0.4608306947752494,0.8579762034897868,966.9442570540657
831,Component 831,v4.0,service,0.5260400713881005,0.4586242813135909,842.2479869377943
832,Component 832,v9.0,service,0.8226855548397582,0.4191363618552352,519.8571590904701
833,Component 833,v7.0,cache,0.912101465241501,0.06982739029002505,656.7850264173777
834,Component 834,v8.0,service,0.4190804728870441,0.09047997844784683,521.264874879794
835,Component 835,v8.0,database,0.7692269451087647,0.9604664430473537,340.65810210718394
836,Component 836,v5.0,service,0.4948852201383992,0.3660532980700052,194.48301652039436
837,Component 837,v10.0,cache,0.18015182390847173,0.093525880562356,617.013522224837
838,Component 838,v7.0,database,0.4587657108780051,0.11446188755983222,674.4043150561096
839,Component 839,v5.0,database,0.5158794115816817,0.11817820119224298,786.1779453288394
840,Component 840,v10.0,cache,0.5685261350868404,0.8101733916763704,803.1392101391627
841,Component 841,v10.0,service,0.41883544653870886,0.23988062186966808,439.1738967907503
842,Component 842,v1.0,cache,0.5307059300855312,0.7864211473865135,423.46760278227566
843,Component 843,v10.0,cache,0.972298226926723,0.08528407458183562,16.817921539424027
844,Component 844,v2.0,service,0.35931593166787945,0.8042923661013116,255.61390110331465
845,Component 845,v4.0,database,0.44806117478606744,0.6388937223292176,314.40303540622125
846,Component 846,v4.0,service,0.9283885940295138,0.4172357404579826,79.76435339507053
847,Component 847,v5.0,service,0.877478236506837,0.39853409148449914,367.16226182987873
848,Component 848,v2.0,database,0.00693083916434678,0.6341112840739924,869.8496240801361
849,Component 849,v3.0,database,0.9677949607162295,0.7418296555901654,780.8672328991258
850,Component 850,v4.0,cache,0.18233112066722368,0.514526914799212,939.0591417328211
851,Component 851,v3.0,service,0.024470575610220258,0.8712879370046519,23.22312586236133
852,Component 852,v9.0,database,0.29493177825363237,0.4957146322485989,49.104154483415655
853,Component 853,v2.0,service,0.3212166601815638,0.6441269854701361,81.68687484949729
854,Component 854,v3.0,service,0.4155950532752076,0.31855429952925884,459.12359547718273
855,Component 855,v1.0,database,0.15384477788343298,0.024878287561797663,546.2132748741413
856,Component 856,v7.0,database,0.7346127518859099,0.4692913932073095,871.3801890888244
857,Component 857,v8.0,service,0.9878877292741557,0.2187142123714887,88.37522828583863
858,Component 858,v10.0,database,0.09214746892685777,0.7836481679642513,641.015801924331
859,Component 859,v8.0,service,0.48789158973718083,0.007271142736856584,670.3724529232635
860,Component 860,v5.0,database,0.54347411849925,0.007496742364183295,692.7945027651439
861,Component 861,v1.0,cache,0.4688122921594371,0.8904860866564894,314.0458610816355
862,Component 862,v4.0,database,0.9818904265891016,0.5369227948760716,941.6120616573897
863,Component 863,v5.0,service,0.6240416100669439,0.48706891375355277,585.3666630709761
864,Component 864,v5.0,database,0.11097697653948613,0.007559575885363934,700.4190867075448
865,Component 865,v8.0,service,0.3448594638763658,0.39923632812267174,402.5160473028495
866,Component 866,v2.0,database,0.07829113905413132,0.5517201345870042,152.65962502178482
867,Component 867,v4.0,service,0.5766597556319915,0.013427016903813094,456.88388343330945
868,Component 868,v5.0,service,0.015839304410379174,0.4765584185517371,857.3448849570202
869,Component 869,v10.0,database,0.17285136916409594,0.5319635364389653,657.0613819740327
870,Component 870,v4.0,service,0.22735968012309948,0.20383446622832535,288.7219278042477
871,Component 871,v7.0,cache,0.022902637803818293,0.07251539036373478,846.0812361200137
872,Component 872,v2.0,cache,0.5804126172163201,0.7593496431575429,634.983292834996
873,Component 873,v9.0,database,0.7798375404791235,0.4994722242090416,357.8197143429802
874,Component 874,v4.0,service,0.281750558518543,0.18888922041512557,527.0080120185409
875,Component 875,v3.0,service,0.9349433221455667,0.2727990390454179,453.50546090801464
876,Component 876,v5.0,service,0.28546881675646296,0.1769173447882617,178.6885495804743
877,Component 877,v3.0,database,0.22797956580637113,0.1439120471063564,434.6694640620055
878,Component 878,v2.0,database,0.012651492954668164,0.9700150426499394,836.4816669567518
879,Component 879,v1.0,cache,0.9667991509591266,0.9046374290383866,990.6596744520018
880,Component 880,v3.0,service,0.09560837483337614,0.7626939698226415,797.5560351726307
881,Component 881,v5.0,cache,0.7309604776629335,0.7443964370053743,270.7362644928285
882,Component 882,v10.0,database,0.03295325274324146,0.21389187334704363,158.36549804842076
883,Component 883,v10.0,database,0.06067225018586897,0.8477160443496345,841.4963383447104
884,Component 884,v5.0,cache,0.3345436167102033,0.8492852203633097,855.4070472802362
885,Component 885,v8.0,service,0.877398353180928,0.7847448000991115,143.1070693547996
886,Component 886,v2.0,service,0.5411631288298573,0.7316574863114298,930.8099532792531
887,Component 887,v8.0,service,0.810072799786088,0.9942059337164689,311.85219719905376
888,Component 888,v5.0,database,0.8413124627395906,0.4811721848461379,186.1895928131234
889,Component 889,v7.0,service,0.8541725068218453,0.08110674850210597,763.9643821123344
890,Component 890,v5.0,service,0.9479440979005174,0.003145650902622421,841.959890642574
891,Component 891,v9.0,cache,0.26276464254002185,0.8635252900598286,724.9521888091227
892,Component 892,v9.0,cache,0.7552755268788046,0.6057077014723936,991.4171298863326
893,Component 893,v8.0,cache,0.9154535687407267,0.18127723424083808,693.7879432093875
894,Component 894,v8.0,cache,0.16859112717625468,0.4968898901989116,556.723807302193
895,Component 895,v2.0,database,0.17921229489877155,0.8498150558403972,703.6969203761125
896,Component 896,v10.0,service,0.06149249348065389,0.058802997391507295,656.7325621018811
897,Component 897,v1.0,database,0.8413041578481695,0.7006119066276792,434.7579097977009
898,Component 898,v7.0,service,0.18632939086554845,0.1951696965606564,478.13940157371405
899,Component 899,v6.0,database,0.48721946588664156,0.5295136107408005,331.3546685031937
900,Component 900,v10.0,service,0.38552515458895886,0.32737910499689904,621.6950965520989
901,Component 901,v5.0,service,0.6885829048656963,0.7109645476729021,586.3882211628556
902,Component 902,v1.0,service,0.42486447435242225,0.5095695116352855,670.6780387509551
903,Component 903,v2.0,database,0.9135916154113378,0.8430664652740986,896.3064676355106
904,Component 904,v4.0,cache,0.4827610038681788,0.2604930376234743,13.781380505694802
905,Component 905,v10.0,cache,0.39261038160493866,0.059606241404064564,947.5247594912765
906,Component 906,v10.0,database,0.7028098297455765,0.22827134694423346,748.0220665821145
907,Component 907,v1.0,service,0.08795529925344459,0.49015263065490444,193.45052051812016
908,Component 908,v5.0,service,0.6971476641340341,0.5679970349539607,931.0861884580951
909,Component 909,v10.0,database,0.3822737925028017,0.43598463202785287,95.39872234768252
910,Component 910,v1.0,cache,0.715153115158427,0.21432017488144695,447.5171747304345
911,Component 911,v3.0,cache,0.5814967434824001,0.0398918656903795,388.2884511704381
912,Component 912,v8.0,service,0.5304725137488546,0.9343440041477448,786.010347097894
913,Component 913,v9.0,cache,0.16452409842799232,0.7510609904451786,697.9581411393507
914,Component 914,v8.0,cache,0.09273631484411371,0.7721335003995248,198.67063807368635
915,Component 915,v5.0,cache,0.3453843025170388,0.062910143975896,761.3551507639204
916,Component 916,v3.0,service,0.8216560690245686,0.5346627443898551,555.9269128139199
917,Component 917,v10.0,cache,0.021491685448446374,0.07779524416102168,273.46615152444093
918,Component 918,v7.0,service,0.6195093779728523,0.27816450340165266,555.276365015826
919,Component 919,v8.0,database,0.12082014518158246,0.5409610184540293,75.18070274897562
920,Component 920,v2.0,database,0.4326467219104019,0.38273358100182364,289.148837641041
921,Component 921,v8.0,service,0.7378974879713102,0.6949601700302677,109.57688354261545
922,Component 922,v6.0,cache,0.9193837970229645,0.742868192575316,824.2308220454938
923,Component 923,v7.0,database,0.8345821020141697,0.1114474500620084,279.80966086030395
924,Component 924,v6.0,service,0.9339220125399134,0.09600718170631595,356.88249501200903
925,Component 925,v6.0,cache,0.15282558912436095,0.8400730746058821,474.5029180265995
926,Component 926,v2.0,database,0.24383490389911233,0.28982221654722495,902.0458568371375
927,Component 927,v3.0,service,0.39762906386205044,0.08512906057448322,945.7887233982126
928,Component 928,v6.0,cache,0.9985905682137262,0.827315460321067,384.0323776694734
929,Component 929,v7.0,cache,0.13174186903439444,0.4180295850376855,137.72754597194984
930,Component 930,v8.0,service,0.37392329861322526,0.2931471493006015,222.8404190043621
931,Component 931,v5.0,cache,0.27845323220981866,0.3915086115247719,773.1026340621357
932,Component 932,v7.0,database,0.5807490367475937,0.8974435698936012,340.48504856001244
933,Component 933,v9.0,service,0.9489949588850262,0.5537960256363873,291.10573532009505
934,Component 934,v1.0,cache,0.37428909780363073,0.15197943499711397,261.1306085866206
935,Component 935,v8.0,cache,0.29632324185728276,0.22762682774982912,817.8609189975951
936,Component 936,v2.0,cache,0.1509996604288265,0.45772946553022265,268.17242139366016
937,Component 937,v6.0,cache,0.7025816926395163,0.9814426826726199,415.94612741242133
938,Component 938,v5.0,cache,0.9667736330889011,0.5616503467943115,564.2272216327606
939,Component 939,v6.0,service,0.2727945103586089,0.6352147851405948,967.3715063428939
940,Component 940,v2.0,database,0.9367641127687826,0.09679890269847757,434.69993658833823
941,Component 941,v7.0,database,0.7158296436546362,0.689249049737245,427.1698549659227
942,Component 942,v9.0,service,0.696515885103341,0.36501744349782816,201.91929607806327
943,Component 943,v1.0,cache,0.3418579814532413,0.08915797806788583,639.8454367688717
944,Component 944,v9.0,database,0.8358792874587214,0.13817566259895508,416.78769104837096
945,Component 945,v8.0,database,0.2731052230978811,0.26253033865372466,357.4927718278969
946,Component 946,v7.0,database,0.523426223670361,0.05545931731032394,194.47571721659398
947,Component 947,v1.0,cache,0.1347627818216771,0.3830624895365826,235.97646244118627
948,Component 948,v4.0,service,0.4747661321097011,0.7145341011757517,148.3260973423716
949,Component 949,v9.0,database,0.7060121691821445,0.43099401992137,655.4154611860705
950,Component 950,v6.0,service,0.6242726713159273,0.7162591863129472,619.3710313232103
951,Component 951,v10.0,database,0.7593840648698886,0.3593460160140177,424.7786646804753
952,Component 952,v8.0,service,0.2221301030487599,0.4813110095722545,761.9309923669517
953,Component 953,v8.0,cache,0.8928678842928962,0.31902059374649616,284.56133932417913
954,Component 954,v1.0,cache,0.6900665629121552,0.0783735949026878,912.4506953203872
955,Component 955,v4.0,cache,0.907254462033256,0.701103444256203,748.093423647575
956,Component 956,v5.0,service,0.2718636012219042,0.6162503505268436,466.81361347543094
957,Component 957,v9.0,cache,0.4107766604374903,0.22091101511660727,301.2003018238081
958,Component 958,v3.0,cache,0.7669205058037593,0.09209810980263367,954.1533060396612
959,Component 959,v5.0,database,0.3062840010896235,0.8942662365579691,716.1577372908445
960,Component 960,v8.0,service,0.4029989805682126,0.47328368638625984,434.95059346767084
961,Component 961,v8.0,service,0.8260247164573504,0.8156248012052268,351.3327051725238
962,Component 962,v2.0,database,0.9757875031649716,0.23819378822531911,350.3138747860692
963,Component 963,v1.0,cache,0.9660012722949505,0.1378195498086301,631.7165047777836
964,Component 964,v10.0,database,0.8342957027798762,0.4962235131484445,447.2898191399117
965,Component 965,v4.0,cache,0.9343508985235622,0.0935234036381033,760.5754844067104
966,Component 966,v3.0,service,0.13602411250866964,0.9270334479068433,897.8082664378885
967,Component 967,v5.0,cache,0.826794002191718,0.9155640998957132,511.49346215350334
968,Component 968,v9.0,database,0.060243988123639514,0.11630242438737415,656.1994302172939
969,Component 969,v1.0,cache,0.736288516647872,0.8510572186451953,428.12166475825006
970,Component 970,v9.0,database,0.5769353557354675,0.634974345300898,887.2642658006636
971,Component 971,v7.0,cache,0.8468170963339992,0.36480825905791736,436.80385519697916
972,Component 972,v2.0,service,0.11319586171930929,0.9626592540165063,722.2043315101495
973,Component 973,v4.0,service,0.20781026132902658,0.183495601824336,768.3038907033791
974,Component 974,v2.0,service,0.4405058566412833,0.3987452280631162,718.2968310198819
975,Component 975,v8.0,cache,0.5010716846230636,0.34420675742871454,933.1991654191925
976,Component 976,v2.0,database,0.8152422808093831,0.25853074506274,528.5425434739028
977,Component 977,v3.0,service,0.4150967252176644,0.2678040869797399,575.8298614303047
978,Component 978,v8.0,database,0.2062246214170701,0.6935347227312847,96.04828696360012
979,Component 979,v5.0,service,0.822910464819276,0.6117004641334804,618.7019085546104
980,Component 980,v9.0,service,0.6662758893445417,0.26466606536972326,820.5878798764896
981,Component 981,v5.0,service,0.6732508065308613,0.8878294801320175,453.4342311143087
982,Component 982,v7.0,service,0.7473019610020624,0.8469223815791971,414.0619777602033
983,Component 983,v8.0,database,0.49533564329738755,0.26978628998119747,471.04151942217504
984,Component 984,v8.0,database,0.6045425710909591,0.3126597750807537,661.870266833542
985,Component 985,v4.0,cache,0.5532901714288853,0.01376029419399405,450.27691575961796
986,Component 986,v8.0,database,0.6051849978392031,0.664056257434778,447.13366475876626
987,Component 987,v9.0,cache,0.16710312460349397,0.6885789297406866,609.9595734944972
988,Component 988,v3.0,database,0.8752899528733386,0.9400589577786294,922.4997759503548
989,Component 989,v7.0,database,0.2797824576818727,0.9728774726570177,480.4335893249901
990,Component 990,v4.0,service,0.8349920007446232,0.729794372296374,324.0157330879483
991,Component 991,v10.0,cache,0.5790195188869216,0.38264841137625694,837.6691664354056
992,Component 992,v9.0,service,0.7555451979345399,0.40981078285098227,434.42320243411376
993,Component 993,v3.0,database,0.9806806649332483,0.5391325510419495,881.3606772304031
994,Component 994,v2.0,database,0.832483957977569,0.07325585191079964,265.06133239709993
995,Component 995,v5.0,service,0.024686488153455866,0.49481885460171837,758.0832168466454
996,Component 996,v7.0,cache,0.827461343232084,0.6956344754359802,965.5206569346512
997,Component 997,v6.0,database,0.35009971112951266,0.23170009920158496,842.4418148803566
998,Component 998,v9.0,database,0.029565869860841976,0.6690981344888065,860.674595311923
999,Component 999,v5.0,service,0.9089007707856297,0.878930745021601,74.53967631932544
1000,Component 1000,v1.0,database,0.8591447612240153,0.9099095117282746,761.7169624171381
