id,name,version,type,created_time
1,Artifact 1,v2.0,binary,2023-10-12 18:24:35.641472
2,Artifact 2,v1.0,docker image,2023-10-31 18:24:35.641472
3,Artifact 3,v5.0,binary,2023-10-10 18:24:35.641472
4,Artifact 4,v4.0,docker image,2023-11-07 18:24:35.641472
5,Artifact 5,v4.0,docker image,2023-12-01 18:24:35.641472
6,Artifact 6,v3.0,docker image,2024-02-17 18:24:35.641472
7,Artifact 7,v2.0,binary,2023-09-11 18:24:35.641472
8,Artifact 8,v9.0,library,2023-06-03 18:24:35.641472
9,Artifact 9,v2.0,binary,2023-09-11 18:24:35.641472
10,Artifact 10,v10.0,docker image,2023-11-16 18:24:35.641472
11,Artifact 11,v7.0,binary,2023-08-31 18:24:35.641472
12,Artifact 12,v1.0,binary,2024-01-07 18:24:35.641472
13,Artifact 13,v1.0,binary,2024-04-10 18:24:35.641472
14,Artifact 14,v2.0,docker image,2023-10-18 18:24:35.641472
15,Artifact 15,v4.0,docker image,2024-04-12 18:24:35.641472
16,Artifact 16,v4.0,binary,2023-10-15 18:24:35.641472
17,Artifact 17,v9.0,binary,2023-07-19 18:24:35.641472
18,Artifact 18,v10.0,binary,2024-02-20 18:24:35.641472
19,Artifact 19,v1.0,library,2023-08-17 18:24:35.641472
20,Artifact 20,v9.0,docker image,2023-12-24 18:24:35.641472
21,Artifact 21,v4.0,library,2023-12-10 18:24:35.641472
22,Artifact 22,v9.0,docker image,2024-03-31 18:24:35.641472
23,Artifact 23,v7.0,binary,2024-04-12 18:24:35.641472
24,Artifact 24,v4.0,library,2023-12-07 18:24:35.641472
25,Artifact 25,v8.0,binary,2023-06-19 18:24:35.641472
26,Artifact 26,v10.0,library,2023-12-23 18:24:35.641472
27,Artifact 27,v5.0,binary,2023-12-18 18:24:35.641472
28,Artifact 28,v1.0,docker image,2023-10-07 18:24:35.641472
29,Artifact 29,v3.0,binary,2023-07-19 18:24:35.641472
30,Artifact 30,v7.0,docker image,2023-10-17 18:24:35.642470
31,Artifact 31,v6.0,binary,2024-02-27 18:24:35.642470
32,Artifact 32,v5.0,binary,2023-06-04 18:24:35.642470
33,Artifact 33,v3.0,docker image,2023-10-08 18:24:35.642470
34,Artifact 34,v4.0,docker image,2023-11-25 18:24:35.642470
35,Artifact 35,v6.0,library,2023-10-07 18:24:35.642470
36,Artifact 36,v2.0,binary,2024-05-01 18:24:35.642470
37,Artifact 37,v2.0,library,2023-11-24 18:24:35.642470
38,Artifact 38,v7.0,library,2023-07-13 18:24:35.642470
39,Artifact 39,v2.0,docker image,2023-10-13 18:24:35.642470
40,Artifact 40,v6.0,docker image,2024-01-03 18:24:35.642470
41,Artifact 41,v6.0,binary,2023-06-30 18:24:35.642470
42,Artifact 42,v10.0,library,2024-04-23 18:24:35.642470
43,Artifact 43,v5.0,binary,2024-04-14 18:24:35.642470
44,Artifact 44,v1.0,library,2023-06-14 18:24:35.642470
45,Artifact 45,v8.0,docker image,2023-07-01 18:24:35.642470
46,Artifact 46,v9.0,binary,2023-10-28 18:24:35.642470
47,Artifact 47,v2.0,library,2023-11-18 18:24:35.642470
48,Artifact 48,v7.0,docker image,2023-09-03 18:24:35.642470
49,Artifact 49,v2.0,library,2023-06-10 18:24:35.642470
50,Artifact 50,v9.0,binary,2024-03-02 18:24:35.642470
51,Artifact 51,v5.0,docker image,2024-05-07 18:24:35.642470
52,Artifact 52,v10.0,library,2024-03-10 18:24:35.642470
53,Artifact 53,v6.0,library,2023-07-16 18:24:35.642470
54,Artifact 54,v10.0,binary,2023-06-10 18:24:35.642470
55,Artifact 55,v4.0,binary,2023-10-11 18:24:35.642470
56,Artifact 56,v2.0,binary,2024-05-05 18:24:35.642470
57,Artifact 57,v1.0,docker image,2024-03-19 18:24:35.642470
58,Artifact 58,v4.0,docker image,2024-04-18 18:24:35.642470
59,Artifact 59,v5.0,binary,2024-01-23 18:24:35.642470
60,Artifact 60,v2.0,docker image,2023-06-27 18:24:35.642470
61,Artifact 61,v4.0,library,2023-11-17 18:24:35.642470
62,Artifact 62,v2.0,binary,2023-11-19 18:24:35.642470
63,Artifact 63,v7.0,docker image,2023-11-08 18:24:35.642470
64,Artifact 64,v5.0,docker image,2023-08-06 18:24:35.642470
65,Artifact 65,v8.0,binary,2024-05-06 18:24:35.642470
66,Artifact 66,v6.0,binary,2023-07-18 18:24:35.642470
67,Artifact 67,v3.0,docker image,2024-03-05 18:24:35.642470
68,Artifact 68,v6.0,docker image,2023-06-10 18:24:35.642470
69,Artifact 69,v6.0,binary,2023-10-05 18:24:35.642470
70,Artifact 70,v4.0,docker image,2023-11-15 18:24:35.642470
71,Artifact 71,v5.0,library,2023-11-14 18:24:35.642470
72,Artifact 72,v2.0,docker image,2023-10-08 18:24:35.642470
73,Artifact 73,v10.0,library,2024-04-13 18:24:35.642470
74,Artifact 74,v3.0,library,2023-08-03 18:24:35.642470
75,Artifact 75,v9.0,docker image,2024-03-13 18:24:35.642470
76,Artifact 76,v4.0,docker image,2023-08-25 18:24:35.642470
77,Artifact 77,v3.0,binary,2023-11-17 18:24:35.642470
78,Artifact 78,v8.0,library,2023-11-01 18:24:35.642470
79,Artifact 79,v7.0,docker image,2023-12-14 18:24:35.642470
80,Artifact 80,v5.0,library,2023-06-25 18:24:35.642470
81,Artifact 81,v9.0,binary,2024-01-01 18:24:35.642470
82,Artifact 82,v4.0,library,2024-01-16 18:24:35.642470
83,Artifact 83,v6.0,docker image,2024-03-25 18:24:35.642470
84,Artifact 84,v1.0,docker image,2024-05-09 18:24:35.642470
85,Artifact 85,v4.0,library,2024-02-17 18:24:35.642470
86,Artifact 86,v1.0,binary,2023-09-10 18:24:35.642470
87,Artifact 87,v6.0,library,2023-08-31 18:24:35.642470
88,Artifact 88,v7.0,docker image,2023-11-06 18:24:35.642470
89,Artifact 89,v5.0,binary,2023-08-09 18:24:35.642470
90,Artifact 90,v2.0,library,2024-03-23 18:24:35.642470
91,Artifact 91,v4.0,library,2024-01-09 18:24:35.642470
92,Artifact 92,v10.0,binary,2024-01-10 18:24:35.642470
93,Artifact 93,v6.0,library,2023-05-28 18:24:35.642470
94,Artifact 94,v4.0,binary,2023-10-07 18:24:35.642470
95,Artifact 95,v8.0,binary,2024-02-03 18:24:35.642470
96,Artifact 96,v7.0,binary,2023-07-14 18:24:35.642470
97,Artifact 97,v8.0,binary,2023-12-28 18:24:35.642470
98,Artifact 98,v3.0,library,2023-06-02 18:24:35.642470
99,Artifact 99,v5.0,library,2023-09-14 18:24:35.642470
100,Artifact 100,v3.0,docker image,2024-02-10 18:24:35.642470
101,Artifact 101,v4.0,binary,2024-03-21 18:24:35.642470
102,Artifact 102,v9.0,docker image,2024-03-14 18:24:35.642470
103,Artifact 103,v9.0,docker image,2024-04-15 18:24:35.642470
104,Artifact 104,v5.0,library,2023-10-04 18:24:35.642470
105,Artifact 105,v10.0,library,2024-02-24 18:24:35.642470
106,Artifact 106,v7.0,library,2023-05-23 18:24:35.642470
107,Artifact 107,v10.0,library,2023-10-08 18:24:35.642470
108,Artifact 108,v7.0,docker image,2024-04-08 18:24:35.642470
109,Artifact 109,v6.0,binary,2023-06-08 18:24:35.642470
110,Artifact 110,v4.0,docker image,2023-12-11 18:24:35.642470
111,Artifact 111,v3.0,docker image,2023-06-16 18:24:35.642470
112,Artifact 112,v9.0,library,2023-11-27 18:24:35.642470
113,Artifact 113,v8.0,binary,2023-05-25 18:24:35.642470
114,Artifact 114,v2.0,docker image,2024-04-19 18:24:35.642470
115,Artifact 115,v1.0,library,2023-08-15 18:24:35.642470
116,Artifact 116,v2.0,library,2023-08-19 18:24:35.642470
117,Artifact 117,v3.0,binary,2023-12-26 18:24:35.642470
118,Artifact 118,v3.0,docker image,2023-12-21 18:24:35.642470
119,Artifact 119,v7.0,binary,2024-03-03 18:24:35.642470
120,Artifact 120,v10.0,binary,2023-05-24 18:24:35.642470
121,Artifact 121,v2.0,binary,2023-05-25 18:24:35.642470
122,Artifact 122,v7.0,docker image,2023-05-30 18:24:35.642470
123,Artifact 123,v7.0,library,2023-07-01 18:24:35.642470
124,Artifact 124,v10.0,binary,2024-02-23 18:24:35.642470
125,Artifact 125,v8.0,binary,2023-11-19 18:24:35.642470
126,Artifact 126,v9.0,docker image,2023-09-05 18:24:35.642470
127,Artifact 127,v5.0,docker image,2024-01-29 18:24:35.642470
128,Artifact 128,v9.0,library,2024-03-21 18:24:35.642470
129,Artifact 129,v1.0,library,2024-02-10 18:24:35.642470
130,Artifact 130,v2.0,binary,2024-03-12 18:24:35.642470
131,Artifact 131,v9.0,binary,2024-01-22 18:24:35.642470
132,Artifact 132,v5.0,docker image,2023-09-13 18:24:35.642470
133,Artifact 133,v6.0,binary,2024-05-09 18:24:35.642470
134,Artifact 134,v2.0,docker image,2023-11-20 18:24:35.642470
135,Artifact 135,v5.0,binary,2023-08-13 18:24:35.642470
136,Artifact 136,v7.0,docker image,2023-08-03 18:24:35.642470
137,Artifact 137,v3.0,binary,2023-11-16 18:24:35.642470
138,Artifact 138,v8.0,binary,2023-09-26 18:24:35.642470
139,Artifact 139,v1.0,binary,2023-08-14 18:24:35.642470
140,Artifact 140,v5.0,library,2024-03-17 18:24:35.642470
141,Artifact 141,v9.0,binary,2023-07-14 18:24:35.642470
142,Artifact 142,v3.0,binary,2024-04-08 18:24:35.642470
143,Artifact 143,v9.0,library,2024-04-19 18:24:35.642470
144,Artifact 144,v2.0,library,2023-12-16 18:24:35.642470
145,Artifact 145,v5.0,binary,2023-11-01 18:24:35.642470
146,Artifact 146,v9.0,docker image,2023-09-20 18:24:35.642470
147,Artifact 147,v10.0,binary,2023-08-27 18:24:35.642470
148,Artifact 148,v4.0,docker image,2023-10-25 18:24:35.642470
149,Artifact 149,v3.0,binary,2023-10-26 18:24:35.642470
150,Artifact 150,v6.0,docker image,2023-08-02 18:24:35.642470
151,Artifact 151,v3.0,binary,2024-04-15 18:24:35.642470
152,Artifact 152,v9.0,library,2024-03-19 18:24:35.642470
153,Artifact 153,v9.0,docker image,2023-12-12 18:24:35.642470
154,Artifact 154,v1.0,binary,2023-06-29 18:24:35.642470
155,Artifact 155,v10.0,binary,2024-04-15 18:24:35.642470
156,Artifact 156,v6.0,library,2023-10-05 18:24:35.642470
157,Artifact 157,v8.0,docker image,2023-09-27 18:24:35.642470
158,Artifact 158,v1.0,docker image,2023-06-09 18:24:35.642470
159,Artifact 159,v2.0,docker image,2023-09-01 18:24:35.642470
160,Artifact 160,v6.0,library,2023-11-28 18:24:35.642470
161,Artifact 161,v5.0,docker image,2024-03-18 18:24:35.642470
162,Artifact 162,v4.0,docker image,2023-08-14 18:24:35.642470
163,Artifact 163,v1.0,binary,2023-06-30 18:24:35.642470
164,Artifact 164,v4.0,binary,2023-07-27 18:24:35.642470
165,Artifact 165,v10.0,library,2024-02-19 18:24:35.642470
166,Artifact 166,v2.0,docker image,2024-03-17 18:24:35.642470
167,Artifact 167,v2.0,binary,2023-10-14 18:24:35.642470
168,Artifact 168,v8.0,library,2023-09-08 18:24:35.642470
169,Artifact 169,v2.0,docker image,2024-04-24 18:24:35.642470
170,Artifact 170,v9.0,library,2024-03-20 18:24:35.642470
171,Artifact 171,v3.0,docker image,2023-08-31 18:24:35.642470
172,Artifact 172,v3.0,binary,2024-03-05 18:24:35.642470
173,Artifact 173,v8.0,docker image,2023-12-19 18:24:35.642470
174,Artifact 174,v9.0,docker image,2024-02-28 18:24:35.642470
175,Artifact 175,v3.0,docker image,2024-03-01 18:24:35.642470
176,Artifact 176,v5.0,docker image,2023-12-09 18:24:35.642470
177,Artifact 177,v9.0,library,2023-05-25 18:24:35.642470
178,Artifact 178,v10.0,docker image,2024-01-28 18:24:35.642470
179,Artifact 179,v7.0,library,2023-11-27 18:24:35.642470
180,Artifact 180,v4.0,docker image,2023-08-31 18:24:35.642470
181,Artifact 181,v9.0,docker image,2023-12-29 18:24:35.642470
182,Artifact 182,v4.0,library,2024-04-12 18:24:35.642470
183,Artifact 183,v5.0,binary,2024-01-15 18:24:35.642470
184,Artifact 184,v7.0,binary,2024-02-12 18:24:35.642470
185,Artifact 185,v6.0,library,2023-07-02 18:24:35.642470
186,Artifact 186,v8.0,docker image,2023-08-14 18:24:35.642470
187,Artifact 187,v9.0,binary,2024-01-03 18:24:35.642470
188,Artifact 188,v8.0,docker image,2024-03-19 18:24:35.642470
189,Artifact 189,v2.0,library,2023-07-07 18:24:35.642470
190,Artifact 190,v4.0,library,2023-12-19 18:24:35.642470
191,Artifact 191,v4.0,binary,2023-07-13 18:24:35.642470
192,Artifact 192,v2.0,binary,2023-08-23 18:24:35.642470
193,Artifact 193,v6.0,docker image,2024-04-05 18:24:35.642470
194,Artifact 194,v1.0,binary,2023-09-08 18:24:35.642470
195,Artifact 195,v10.0,library,2023-06-29 18:24:35.642470
196,Artifact 196,v9.0,library,2024-02-26 18:24:35.642470
197,Artifact 197,v4.0,library,2023-07-24 18:24:35.642470
198,Artifact 198,v10.0,docker image,2023-07-30 18:24:35.642470
199,Artifact 199,v4.0,binary,2024-03-05 18:24:35.642470
200,Artifact 200,v1.0,docker image,2024-02-25 18:24:35.642470
201,Artifact 201,v2.0,docker image,2023-06-20 18:24:35.642470
202,Artifact 202,v1.0,binary,2023-07-08 18:24:35.642470
203,Artifact 203,v4.0,library,2023-07-18 18:24:35.642470
204,Artifact 204,v2.0,binary,2023-12-02 18:24:35.642470
205,Artifact 205,v1.0,binary,2023-08-08 18:24:35.642470
206,Artifact 206,v6.0,binary,2024-05-01 18:24:35.642470
207,Artifact 207,v2.0,docker image,2024-05-08 18:24:35.642470
208,Artifact 208,v9.0,binary,2024-04-11 18:24:35.642470
209,Artifact 209,v4.0,library,2024-04-29 18:24:35.642470
210,Artifact 210,v5.0,binary,2023-06-29 18:24:35.642470
211,Artifact 211,v8.0,library,2023-08-01 18:24:35.642470
212,Artifact 212,v4.0,library,2024-01-08 18:24:35.642470
213,Artifact 213,v9.0,library,2023-06-24 18:24:35.642470
214,Artifact 214,v3.0,docker image,2024-02-05 18:24:35.642470
215,Artifact 215,v10.0,docker image,2023-08-04 18:24:35.642470
216,Artifact 216,v10.0,docker image,2023-10-22 18:24:35.642470
217,Artifact 217,v8.0,binary,2023-07-11 18:24:35.642470
218,Artifact 218,v4.0,docker image,2023-06-30 18:24:35.642470
219,Artifact 219,v8.0,binary,2024-05-07 18:24:35.642470
220,Artifact 220,v7.0,library,2023-09-11 18:24:35.642470
221,Artifact 221,v4.0,binary,2023-07-06 18:24:35.642470
222,Artifact 222,v2.0,library,2023-08-17 18:24:35.642470
223,Artifact 223,v2.0,binary,2023-12-26 18:24:35.642470
224,Artifact 224,v7.0,docker image,2023-06-29 18:24:35.642470
225,Artifact 225,v6.0,library,2023-12-20 18:24:35.642470
226,Artifact 226,v7.0,binary,2023-09-18 18:24:35.642470
227,Artifact 227,v7.0,binary,2024-01-18 18:24:35.642470
228,Artifact 228,v8.0,docker image,2023-06-07 18:24:35.642470
229,Artifact 229,v1.0,docker image,2023-10-28 18:24:35.642470
230,Artifact 230,v2.0,docker image,2023-12-22 18:24:35.642470
231,Artifact 231,v1.0,binary,2023-10-03 18:24:35.642470
232,Artifact 232,v7.0,docker image,2024-04-15 18:24:35.642470
233,Artifact 233,v6.0,binary,2023-06-05 18:24:35.642470
234,Artifact 234,v2.0,docker image,2024-04-22 18:24:35.642470
235,Artifact 235,v4.0,binary,2024-03-03 18:24:35.642470
236,Artifact 236,v4.0,library,2023-10-10 18:24:35.642470
237,Artifact 237,v4.0,docker image,2023-10-23 18:24:35.642470
238,Artifact 238,v9.0,library,2023-09-18 18:24:35.642470
239,Artifact 239,v8.0,binary,2023-09-28 18:24:35.642470
240,Artifact 240,v3.0,library,2024-02-08 18:24:35.642470
241,Artifact 241,v7.0,docker image,2023-11-30 18:24:35.642470
242,Artifact 242,v3.0,docker image,2023-07-17 18:24:35.642470
243,Artifact 243,v5.0,binary,2024-03-10 18:24:35.642470
244,Artifact 244,v8.0,docker image,2023-12-14 18:24:35.642470
245,Artifact 245,v4.0,library,2023-12-11 18:24:35.642470
246,Artifact 246,v2.0,docker image,2023-11-28 18:24:35.642470
247,Artifact 247,v8.0,library,2023-10-31 18:24:35.642470
248,Artifact 248,v9.0,docker image,2024-03-17 18:24:35.642470
249,Artifact 249,v2.0,binary,2023-11-15 18:24:35.642470
250,Artifact 250,v1.0,docker image,2023-09-02 18:24:35.642470
251,Artifact 251,v9.0,binary,2023-08-09 18:24:35.642470
252,Artifact 252,v1.0,docker image,2024-03-29 18:24:35.642470
253,Artifact 253,v2.0,binary,2023-12-11 18:24:35.642470
254,Artifact 254,v4.0,library,2024-01-20 18:24:35.642470
255,Artifact 255,v3.0,library,2023-09-27 18:24:35.642470
256,Artifact 256,v7.0,library,2024-03-21 18:24:35.642470
257,Artifact 257,v8.0,library,2024-01-07 18:24:35.642470
258,Artifact 258,v8.0,binary,2023-10-05 18:24:35.642470
259,Artifact 259,v4.0,binary,2024-01-17 18:24:35.642470
260,Artifact 260,v7.0,library,2024-03-11 18:24:35.642470
261,Artifact 261,v1.0,library,2024-04-03 18:24:35.642470
262,Artifact 262,v3.0,library,2024-04-27 18:24:35.642470
263,Artifact 263,v7.0,docker image,2023-12-26 18:24:35.642470
264,Artifact 264,v1.0,library,2023-11-08 18:24:35.642470
265,Artifact 265,v7.0,binary,2023-07-12 18:24:35.642470
266,Artifact 266,v5.0,binary,2023-10-21 18:24:35.642470
267,Artifact 267,v8.0,binary,2024-01-16 18:24:35.642470
268,Artifact 268,v5.0,docker image,2024-03-02 18:24:35.642470
269,Artifact 269,v7.0,docker image,2023-12-07 18:24:35.642470
270,Artifact 270,v9.0,docker image,2023-08-01 18:24:35.642470
271,Artifact 271,v8.0,docker image,2023-12-14 18:24:35.642470
272,Artifact 272,v3.0,binary,2024-02-15 18:24:35.642470
273,Artifact 273,v4.0,docker image,2024-03-02 18:24:35.642470
274,Artifact 274,v5.0,docker image,2023-09-10 18:24:35.642470
275,Artifact 275,v4.0,docker image,2023-09-02 18:24:35.642470
276,Artifact 276,v1.0,library,2023-09-26 18:24:35.642470
277,Artifact 277,v10.0,binary,2023-09-10 18:24:35.642470
278,Artifact 278,v9.0,docker image,2023-12-17 18:24:35.642470
279,Artifact 279,v1.0,library,2023-09-11 18:24:35.642470
280,Artifact 280,v6.0,binary,2024-05-11 18:24:35.642470
281,Artifact 281,v1.0,docker image,2024-04-06 18:24:35.642470
282,Artifact 282,v1.0,binary,2023-11-03 18:24:35.642470
283,Artifact 283,v10.0,binary,2023-09-07 18:24:35.642470
284,Artifact 284,v8.0,library,2023-10-01 18:24:35.642470
285,Artifact 285,v9.0,docker image,2024-01-20 18:24:35.642470
286,Artifact 286,v9.0,binary,2024-02-02 18:24:35.642470
287,Artifact 287,v3.0,library,2023-07-29 18:24:35.642470
288,Artifact 288,v1.0,binary,2023-11-24 18:24:35.642470
289,Artifact 289,v9.0,binary,2024-04-28 18:24:35.642470
290,Artifact 290,v2.0,library,2024-04-27 18:24:35.642470
291,Artifact 291,v3.0,binary,2023-12-30 18:24:35.642470
292,Artifact 292,v2.0,library,2023-09-12 18:24:35.642470
293,Artifact 293,v10.0,docker image,2023-07-22 18:24:35.642470
294,Artifact 294,v2.0,binary,2023-06-23 18:24:35.642470
295,Artifact 295,v4.0,docker image,2023-06-13 18:24:35.642470
296,Artifact 296,v7.0,docker image,2023-09-25 18:24:35.642470
297,Artifact 297,v2.0,binary,2023-12-28 18:24:35.642470
298,Artifact 298,v10.0,library,2023-08-22 18:24:35.642470
299,Artifact 299,v4.0,binary,2024-05-18 18:24:35.642470
300,Artifact 300,v10.0,binary,2024-03-28 18:24:35.642470
301,Artifact 301,v10.0,library,2023-10-15 18:24:35.642470
302,Artifact 302,v1.0,library,2024-03-15 18:24:35.642470
303,Artifact 303,v10.0,binary,2024-01-08 18:24:35.642470
304,Artifact 304,v2.0,library,2023-11-17 18:24:35.642470
305,Artifact 305,v7.0,docker image,2023-10-29 18:24:35.642470
306,Artifact 306,v10.0,library,2023-11-17 18:24:35.642470
307,Artifact 307,v10.0,docker image,2024-04-29 18:24:35.642470
308,Artifact 308,v9.0,docker image,2023-10-30 18:24:35.642470
309,Artifact 309,v6.0,docker image,2024-04-26 18:24:35.642470
310,Artifact 310,v5.0,library,2023-08-05 18:24:35.642470
311,Artifact 311,v4.0,library,2023-08-09 18:24:35.642470
312,Artifact 312,v6.0,binary,2024-02-13 18:24:35.642470
313,Artifact 313,v4.0,library,2023-11-19 18:24:35.642470
314,Artifact 314,v5.0,library,2023-08-13 18:24:35.642470
315,Artifact 315,v7.0,docker image,2023-12-27 18:24:35.642470
316,Artifact 316,v3.0,library,2024-04-15 18:24:35.642470
317,Artifact 317,v5.0,library,2023-11-07 18:24:35.642470
318,Artifact 318,v8.0,docker image,2023-09-07 18:24:35.642470
319,Artifact 319,v6.0,library,2023-10-05 18:24:35.642470
320,Artifact 320,v2.0,docker image,2023-08-15 18:24:35.642470
321,Artifact 321,v1.0,library,2023-12-31 18:24:35.642470
322,Artifact 322,v8.0,library,2023-07-08 18:24:35.642470
323,Artifact 323,v10.0,binary,2023-06-09 18:24:35.642470
324,Artifact 324,v10.0,library,2023-07-15 18:24:35.642470
325,Artifact 325,v2.0,docker image,2024-03-23 18:24:35.642470
326,Artifact 326,v2.0,library,2024-03-18 18:24:35.642470
327,Artifact 327,v9.0,binary,2024-04-03 18:24:35.642470
328,Artifact 328,v4.0,library,2023-11-03 18:24:35.642470
329,Artifact 329,v9.0,library,2023-11-13 18:24:35.642470
330,Artifact 330,v5.0,docker image,2023-12-01 18:24:35.642470
331,Artifact 331,v3.0,binary,2023-08-11 18:24:35.642470
332,Artifact 332,v6.0,library,2023-11-17 18:24:35.642470
333,Artifact 333,v2.0,library,2024-03-10 18:24:35.642470
334,Artifact 334,v4.0,docker image,2024-02-11 18:24:35.642470
335,Artifact 335,v6.0,library,2023-07-19 18:24:35.642470
336,Artifact 336,v5.0,library,2023-09-05 18:24:35.642470
337,Artifact 337,v3.0,library,2023-10-30 18:24:35.642470
338,Artifact 338,v8.0,binary,2023-09-09 18:24:35.642470
339,Artifact 339,v9.0,library,2024-05-02 18:24:35.642470
340,Artifact 340,v5.0,docker image,2024-04-29 18:24:35.642470
341,Artifact 341,v10.0,binary,2024-05-03 18:24:35.642470
342,Artifact 342,v9.0,library,2024-03-13 18:24:35.642470
343,Artifact 343,v1.0,library,2023-05-23 18:24:35.642470
344,Artifact 344,v9.0,binary,2023-12-04 18:24:35.642470
345,Artifact 345,v5.0,library,2023-09-23 18:24:35.642470
346,Artifact 346,v2.0,library,2023-08-31 18:24:35.642470
347,Artifact 347,v3.0,docker image,2023-10-02 18:24:35.642470
348,Artifact 348,v5.0,binary,2024-03-07 18:24:35.642470
349,Artifact 349,v2.0,docker image,2023-07-17 18:24:35.642470
350,Artifact 350,v2.0,library,2023-09-02 18:24:35.642470
351,Artifact 351,v9.0,docker image,2024-03-12 18:24:35.642470
352,Artifact 352,v3.0,library,2023-12-07 18:24:35.642470
353,Artifact 353,v5.0,binary,2023-07-14 18:24:35.642470
354,Artifact 354,v5.0,binary,2023-12-11 18:24:35.642470
355,Artifact 355,v10.0,binary,2024-02-29 18:24:35.642470
356,Artifact 356,v4.0,docker image,2023-11-03 18:24:35.642470
357,Artifact 357,v6.0,docker image,2023-07-12 18:24:35.642470
358,Artifact 358,v4.0,library,2023-12-21 18:24:35.642470
359,Artifact 359,v5.0,binary,2023-07-24 18:24:35.642470
360,Artifact 360,v9.0,docker image,2023-12-02 18:24:35.642470
361,Artifact 361,v8.0,library,2023-09-06 18:24:35.642470
362,Artifact 362,v5.0,docker image,2023-09-05 18:24:35.642470
363,Artifact 363,v1.0,library,2023-08-24 18:24:35.642470
364,Artifact 364,v2.0,docker image,2023-09-15 18:24:35.642470
365,Artifact 365,v7.0,docker image,2023-05-26 18:24:35.642470
366,Artifact 366,v5.0,docker image,2023-08-08 18:24:35.642470
367,Artifact 367,v1.0,binary,2023-12-21 18:24:35.642470
368,Artifact 368,v1.0,binary,2023-09-22 18:24:35.642470
369,Artifact 369,v6.0,docker image,2024-05-14 18:24:35.642470
370,Artifact 370,v3.0,library,2023-11-16 18:24:35.642470
371,Artifact 371,v5.0,library,2023-12-05 18:24:35.642470
372,Artifact 372,v3.0,binary,2023-06-13 18:24:35.642470
373,Artifact 373,v8.0,binary,2024-03-27 18:24:35.642470
374,Artifact 374,v9.0,binary,2023-10-22 18:24:35.642470
375,Artifact 375,v7.0,docker image,2023-07-29 18:24:35.642470
376,Artifact 376,v9.0,library,2023-12-17 18:24:35.642470
377,Artifact 377,v1.0,binary,2023-06-05 18:24:35.642470
378,Artifact 378,v2.0,docker image,2023-07-05 18:24:35.642470
379,Artifact 379,v2.0,binary,2024-05-09 18:24:35.642470
380,Artifact 380,v3.0,library,2023-07-22 18:24:35.642470
381,Artifact 381,v9.0,library,2023-09-23 18:24:35.642470
382,Artifact 382,v1.0,binary,2024-01-08 18:24:35.642470
383,Artifact 383,v6.0,docker image,2023-06-22 18:24:35.642470
384,Artifact 384,v10.0,library,2023-07-31 18:24:35.642470
385,Artifact 385,v9.0,library,2023-08-01 18:24:35.642470
386,Artifact 386,v3.0,library,2024-01-27 18:24:35.642470
387,Artifact 387,v7.0,binary,2024-04-26 18:24:35.642470
388,Artifact 388,v3.0,docker image,2023-07-29 18:24:35.642470
389,Artifact 389,v1.0,docker image,2023-09-20 18:24:35.642470
390,Artifact 390,v5.0,docker image,2024-02-25 18:24:35.642470
391,Artifact 391,v6.0,docker image,2023-08-28 18:24:35.642470
392,Artifact 392,v1.0,docker image,2023-07-05 18:24:35.642470
393,Artifact 393,v6.0,binary,2023-07-10 18:24:35.642470
394,Artifact 394,v4.0,binary,2023-11-10 18:24:35.642470
395,Artifact 395,v4.0,docker image,2024-03-08 18:24:35.642470
396,Artifact 396,v2.0,docker image,2023-06-09 18:24:35.642470
397,Artifact 397,v6.0,binary,2024-01-19 18:24:35.642470
398,Artifact 398,v9.0,binary,2024-05-06 18:24:35.642470
399,Artifact 399,v7.0,docker image,2023-08-03 18:24:35.642470
400,Artifact 400,v10.0,docker image,2023-05-30 18:24:35.642470
401,Artifact 401,v3.0,binary,2024-03-27 18:24:35.642470
402,Artifact 402,v4.0,library,2024-02-15 18:24:35.642470
403,Artifact 403,v3.0,docker image,2024-05-13 18:24:35.642470
404,Artifact 404,v3.0,library,2023-10-10 18:24:35.642470
405,Artifact 405,v7.0,docker image,2023-12-14 18:24:35.642470
406,Artifact 406,v1.0,docker image,2023-10-21 18:24:35.642470
407,Artifact 407,v3.0,docker image,2024-03-06 18:24:35.642470
408,Artifact 408,v6.0,docker image,2023-10-24 18:24:35.642470
409,Artifact 409,v7.0,library,2023-06-04 18:24:35.642470
410,Artifact 410,v4.0,binary,2024-02-08 18:24:35.642470
411,Artifact 411,v5.0,binary,2023-10-25 18:24:35.642470
412,Artifact 412,v3.0,library,2023-09-09 18:24:35.642470
413,Artifact 413,v2.0,binary,2023-07-14 18:24:35.642470
414,Artifact 414,v7.0,binary,2023-09-24 18:24:35.642470
415,Artifact 415,v1.0,binary,2024-04-21 18:24:35.642470
416,Artifact 416,v8.0,binary,2023-05-27 18:24:35.642470
417,Artifact 417,v4.0,binary,2024-03-13 18:24:35.642470
418,Artifact 418,v4.0,docker image,2023-08-31 18:24:35.642470
419,Artifact 419,v8.0,library,2024-02-06 18:24:35.642470
420,Artifact 420,v6.0,binary,2023-08-09 18:24:35.642470
421,Artifact 421,v5.0,binary,2023-12-08 18:24:35.642470
422,Artifact 422,v4.0,binary,2023-06-18 18:24:35.642470
423,Artifact 423,v4.0,docker image,2023-09-21 18:24:35.642470
424,Artifact 424,v1.0,binary,2023-08-27 18:24:35.642470
425,Artifact 425,v4.0,binary,2023-11-12 18:24:35.642470
426,Artifact 426,v7.0,library,2023-12-14 18:24:35.642470
427,Artifact 427,v6.0,docker image,2024-02-24 18:24:35.642470
428,Artifact 428,v5.0,binary,2023-09-30 18:24:35.642470
429,Artifact 429,v2.0,library,2023-08-24 18:24:35.642470
430,Artifact 430,v5.0,library,2023-11-29 18:24:35.642470
431,Artifact 431,v6.0,library,2023-08-17 18:24:35.642470
432,Artifact 432,v9.0,library,2023-11-23 18:24:35.642470
433,Artifact 433,v7.0,binary,2023-06-11 18:24:35.642470
434,Artifact 434,v9.0,library,2023-06-09 18:24:35.642470
435,Artifact 435,v6.0,docker image,2023-06-28 18:24:35.642470
436,Artifact 436,v1.0,docker image,2023-06-03 18:24:35.642470
437,Artifact 437,v2.0,binary,2024-01-08 18:24:35.642470
438,Artifact 438,v5.0,library,2023-07-15 18:24:35.642470
439,Artifact 439,v3.0,docker image,2023-09-18 18:24:35.642470
440,Artifact 440,v10.0,library,2024-02-14 18:24:35.642470
441,Artifact 441,v5.0,docker image,2024-01-17 18:24:35.642470
442,Artifact 442,v1.0,docker image,2024-01-01 18:24:35.642470
443,Artifact 443,v2.0,docker image,2023-08-11 18:24:35.642470
444,Artifact 444,v10.0,binary,2023-12-22 18:24:35.642470
445,Artifact 445,v7.0,docker image,2024-01-28 18:24:35.642470
446,Artifact 446,v6.0,library,2023-12-22 18:24:35.642470
447,Artifact 447,v6.0,binary,2023-12-27 18:24:35.642470
448,Artifact 448,v7.0,binary,2023-05-28 18:24:35.642470
449,Artifact 449,v10.0,docker image,2024-02-06 18:24:35.642470
450,Artifact 450,v9.0,binary,2023-06-04 18:24:35.642470
451,Artifact 451,v2.0,docker image,2023-05-28 18:24:35.642470
452,Artifact 452,v7.0,library,2023-09-15 18:24:35.642470
453,Artifact 453,v10.0,binary,2023-12-12 18:24:35.642470
454,Artifact 454,v4.0,docker image,2023-09-20 18:24:35.642470
455,Artifact 455,v5.0,binary,2023-11-26 18:24:35.642470
456,Artifact 456,v1.0,binary,2023-08-10 18:24:35.642470
457,Artifact 457,v7.0,library,2024-01-03 18:24:35.642470
458,Artifact 458,v1.0,docker image,2023-12-27 18:24:35.642470
459,Artifact 459,v9.0,docker image,2024-03-21 18:24:35.642470
460,Artifact 460,v9.0,library,2023-08-03 18:24:35.642470
461,Artifact 461,v4.0,library,2023-06-11 18:24:35.642470
462,Artifact 462,v6.0,docker image,2023-08-18 18:24:35.642470
463,Artifact 463,v7.0,binary,2023-11-10 18:24:35.642470
464,Artifact 464,v2.0,library,2023-11-02 18:24:35.642470
465,Artifact 465,v6.0,library,2023-11-28 18:24:35.642470
466,Artifact 466,v10.0,binary,2024-03-09 18:24:35.642470
467,Artifact 467,v6.0,docker image,2023-12-26 18:24:35.642470
468,Artifact 468,v2.0,binary,2024-05-01 18:24:35.642470
469,Artifact 469,v5.0,library,2023-12-27 18:24:35.642470
470,Artifact 470,v9.0,binary,2023-05-23 18:24:35.642470
471,Artifact 471,v5.0,docker image,2024-04-12 18:24:35.642470
472,Artifact 472,v7.0,library,2023-11-27 18:24:35.642470
473,Artifact 473,v6.0,binary,2023-10-09 18:24:35.642470
474,Artifact 474,v7.0,docker image,2023-06-22 18:24:35.642470
475,Artifact 475,v5.0,docker image,2024-01-12 18:24:35.642470
476,Artifact 476,v9.0,docker image,2023-09-20 18:24:35.642470
477,Artifact 477,v3.0,docker image,2024-02-03 18:24:35.642470
478,Artifact 478,v4.0,docker image,2024-02-09 18:24:35.642470
479,Artifact 479,v7.0,docker image,2023-08-21 18:24:35.642470
480,Artifact 480,v7.0,library,2024-01-05 18:24:35.642470
481,Artifact 481,v3.0,docker image,2023-08-09 18:24:35.642470
482,Artifact 482,v10.0,docker image,2023-06-01 18:24:35.642470
483,Artifact 483,v10.0,docker image,2024-01-04 18:24:35.642470
484,Artifact 484,v5.0,binary,2024-03-13 18:24:35.642470
485,Artifact 485,v7.0,library,2024-03-28 18:24:35.642470
486,Artifact 486,v9.0,library,2023-07-12 18:24:35.642470
487,Artifact 487,v1.0,binary,2023-07-27 18:24:35.642470
488,Artifact 488,v5.0,docker image,2024-01-21 18:24:35.642470
489,Artifact 489,v5.0,binary,2024-01-19 18:24:35.642470
490,Artifact 490,v4.0,binary,2024-04-27 18:24:35.642470
491,Artifact 491,v7.0,binary,2023-06-15 18:24:35.642470
492,Artifact 492,v10.0,library,2023-08-25 18:24:35.642470
493,Artifact 493,v10.0,library,2024-01-28 18:24:35.642470
494,Artifact 494,v6.0,library,2023-07-01 18:24:35.642470
495,Artifact 495,v8.0,docker image,2024-01-24 18:24:35.642470
496,Artifact 496,v8.0,docker image,2024-04-26 18:24:35.642470
497,Artifact 497,v8.0,binary,2024-04-01 18:24:35.642470
498,Artifact 498,v4.0,library,2023-10-24 18:24:35.642470
499,Artifact 499,v9.0,library,2023-12-05 18:24:35.642470
500,Artifact 500,v8.0,docker image,2023-09-24 18:24:35.642470
501,Artifact 501,v3.0,docker image,2024-04-01 18:24:35.642470
502,Artifact 502,v2.0,library,2023-06-09 18:24:35.642470
503,Artifact 503,v5.0,library,2024-03-13 18:24:35.642470
504,Artifact 504,v9.0,docker image,2024-05-20 18:24:35.642470
505,Artifact 505,v10.0,docker image,2023-08-15 18:24:35.642470
506,Artifact 506,v6.0,library,2024-03-03 18:24:35.642470
507,Artifact 507,v2.0,binary,2023-10-27 18:24:35.642470
508,Artifact 508,v4.0,binary,2023-06-23 18:24:35.642470
509,Artifact 509,v5.0,binary,2023-09-22 18:24:35.642470
510,Artifact 510,v4.0,binary,2023-09-21 18:24:35.642470
511,Artifact 511,v4.0,library,2023-06-24 18:24:35.642470
512,Artifact 512,v3.0,binary,2024-02-10 18:24:35.642470
513,Artifact 513,v1.0,binary,2023-12-27 18:24:35.642470
514,Artifact 514,v1.0,docker image,2023-12-10 18:24:35.642470
515,Artifact 515,v4.0,binary,2023-12-28 18:24:35.642470
516,Artifact 516,v8.0,docker image,2023-06-27 18:24:35.642470
517,Artifact 517,v10.0,docker image,2024-04-22 18:24:35.642470
518,Artifact 518,v2.0,library,2024-04-07 18:24:35.642470
519,Artifact 519,v8.0,library,2023-06-24 18:24:35.642470
520,Artifact 520,v7.0,library,2023-08-03 18:24:35.642470
521,Artifact 521,v10.0,library,2024-01-25 18:24:35.642470
522,Artifact 522,v4.0,docker image,2023-08-23 18:24:35.642470
523,Artifact 523,v7.0,library,2024-05-03 18:24:35.642470
524,Artifact 524,v8.0,docker image,2024-02-23 18:24:35.642470
525,Artifact 525,v7.0,library,2023-10-22 18:24:35.642470
526,Artifact 526,v4.0,binary,2024-02-22 18:24:35.642470
527,Artifact 527,v3.0,binary,2024-05-04 18:24:35.642470
528,Artifact 528,v1.0,docker image,2023-11-01 18:24:35.642470
529,Artifact 529,v2.0,binary,2023-09-12 18:24:35.642470
530,Artifact 530,v7.0,binary,2024-02-17 18:24:35.642470
531,Artifact 531,v4.0,docker image,2023-12-26 18:24:35.642470
532,Artifact 532,v3.0,binary,2024-05-03 18:24:35.642470
533,Artifact 533,v9.0,binary,2024-05-18 18:24:35.642470
534,Artifact 534,v8.0,binary,2023-12-22 18:24:35.642470
535,Artifact 535,v1.0,library,2023-08-06 18:24:35.642470
536,Artifact 536,v9.0,docker image,2023-07-19 18:24:35.642470
537,Artifact 537,v4.0,library,2024-03-29 18:24:35.642470
538,Artifact 538,v2.0,binary,2023-12-03 18:24:35.642470
539,Artifact 539,v8.0,binary,2023-12-29 18:24:35.642470
540,Artifact 540,v3.0,library,2023-10-03 18:24:35.642470
541,Artifact 541,v8.0,binary,2023-06-29 18:24:35.642470
542,Artifact 542,v9.0,docker image,2023-08-18 18:24:35.642470
543,Artifact 543,v9.0,docker image,2023-08-28 18:24:35.642470
544,Artifact 544,v10.0,docker image,2023-09-13 18:24:35.642470
545,Artifact 545,v6.0,binary,2024-03-15 18:24:35.642470
546,Artifact 546,v8.0,docker image,2023-09-07 18:24:35.642470
547,Artifact 547,v10.0,docker image,2023-09-26 18:24:35.642470
548,Artifact 548,v9.0,binary,2024-01-04 18:24:35.642470
549,Artifact 549,v7.0,library,2024-02-14 18:24:35.642470
550,Artifact 550,v9.0,library,2024-03-26 18:24:35.642470
551,Artifact 551,v8.0,binary,2023-12-05 18:24:35.642470
552,Artifact 552,v3.0,docker image,2024-02-29 18:24:35.642470
553,Artifact 553,v8.0,library,2023-10-01 18:24:35.642470
554,Artifact 554,v8.0,library,2023-06-26 18:24:35.642470
555,Artifact 555,v5.0,library,2024-01-12 18:24:35.642470
556,Artifact 556,v4.0,binary,2024-02-17 18:24:35.642470
557,Artifact 557,v5.0,library,2024-05-15 18:24:35.642470
558,Artifact 558,v9.0,library,2023-12-02 18:24:35.642470
559,Artifact 559,v8.0,binary,2023-12-23 18:24:35.642470
560,Artifact 560,v4.0,binary,2023-08-06 18:24:35.642470
561,Artifact 561,v5.0,binary,2023-06-12 18:24:35.642470
562,Artifact 562,v8.0,library,2024-02-14 18:24:35.642470
563,Artifact 563,v2.0,library,2024-02-23 18:24:35.642470
564,Artifact 564,v5.0,binary,2023-07-15 18:24:35.642470
565,Artifact 565,v4.0,docker image,2023-06-30 18:24:35.642470
566,Artifact 566,v5.0,binary,2023-10-28 18:24:35.642470
567,Artifact 567,v6.0,library,2023-10-17 18:24:35.642470
568,Artifact 568,v6.0,library,2023-09-02 18:24:35.642470
569,Artifact 569,v9.0,binary,2023-12-07 18:24:35.642470
570,Artifact 570,v2.0,docker image,2024-04-08 18:24:35.642470
571,Artifact 571,v3.0,docker image,2023-10-30 18:24:35.642470
572,Artifact 572,v3.0,library,2023-06-15 18:24:35.642470
573,Artifact 573,v4.0,docker image,2024-04-04 18:24:35.642470
574,Artifact 574,v7.0,docker image,2024-02-18 18:24:35.642470
575,Artifact 575,v3.0,docker image,2024-03-12 18:24:35.642470
576,Artifact 576,v4.0,binary,2023-09-21 18:24:35.642470
577,Artifact 577,v2.0,library,2023-12-09 18:24:35.642470
578,Artifact 578,v7.0,binary,2024-01-16 18:24:35.642470
579,Artifact 579,v7.0,docker image,2024-05-19 18:24:35.642470
580,Artifact 580,v6.0,library,2024-01-10 18:24:35.642470
581,Artifact 581,v9.0,binary,2023-11-08 18:24:35.642470
582,Artifact 582,v8.0,library,2024-01-23 18:24:35.642470
583,Artifact 583,v7.0,binary,2023-10-07 18:24:35.642470
584,Artifact 584,v1.0,library,2024-01-07 18:24:35.642470
585,Artifact 585,v4.0,binary,2023-12-06 18:24:35.642470
586,Artifact 586,v7.0,docker image,2023-12-20 18:24:35.642470
587,Artifact 587,v7.0,binary,2023-07-29 18:24:35.642470
588,Artifact 588,v10.0,docker image,2023-08-03 18:24:35.642470
589,Artifact 589,v1.0,binary,2024-05-17 18:24:35.642470
590,Artifact 590,v10.0,docker image,2024-01-10 18:24:35.642470
591,Artifact 591,v7.0,docker image,2023-06-23 18:24:35.642470
592,Artifact 592,v8.0,binary,2023-11-20 18:24:35.642470
593,Artifact 593,v1.0,binary,2023-06-03 18:24:35.642470
594,Artifact 594,v6.0,library,2024-01-23 18:24:35.642470
595,Artifact 595,v5.0,binary,2024-04-21 18:24:35.642470
596,Artifact 596,v7.0,library,2023-06-16 18:24:35.642470
597,Artifact 597,v7.0,binary,2024-03-23 18:24:35.642470
598,Artifact 598,v9.0,library,2023-09-27 18:24:35.642470
599,Artifact 599,v9.0,docker image,2023-12-17 18:24:35.642470
600,Artifact 600,v10.0,binary,2024-03-02 18:24:35.642470
601,Artifact 601,v4.0,docker image,2023-10-28 18:24:35.642470
602,Artifact 602,v8.0,binary,2023-06-06 18:24:35.642470
603,Artifact 603,v4.0,library,2023-09-08 18:24:35.642470
604,Artifact 604,v5.0,binary,2023-05-28 18:24:35.642470
605,Artifact 605,v7.0,library,2023-12-15 18:24:35.642470
606,Artifact 606,v8.0,library,2023-06-04 18:24:35.642470
607,Artifact 607,v1.0,binary,2024-03-23 18:24:35.642470
608,Artifact 608,v7.0,docker image,2023-06-30 18:24:35.642470
609,Artifact 609,v6.0,binary,2023-12-23 18:24:35.642470
610,Artifact 610,v7.0,docker image,2023-11-16 18:24:35.642470
611,Artifact 611,v3.0,library,2023-07-13 18:24:35.642470
612,Artifact 612,v8.0,binary,2024-01-30 18:24:35.642470
613,Artifact 613,v3.0,binary,2024-01-31 18:24:35.642470
614,Artifact 614,v10.0,docker image,2024-03-15 18:24:35.642470
615,Artifact 615,v9.0,binary,2023-09-21 18:24:35.642470
616,Artifact 616,v1.0,library,2024-03-05 18:24:35.642470
617,Artifact 617,v7.0,binary,2023-10-03 18:24:35.642470
618,Artifact 618,v10.0,library,2023-07-17 18:24:35.642470
619,Artifact 619,v10.0,library,2023-11-13 18:24:35.642470
620,Artifact 620,v1.0,docker image,2023-10-23 18:24:35.642470
621,Artifact 621,v2.0,docker image,2023-05-29 18:24:35.642470
622,Artifact 622,v7.0,library,2023-08-15 18:24:35.642470
623,Artifact 623,v3.0,docker image,2023-09-24 18:24:35.642470
624,Artifact 624,v8.0,docker image,2023-08-21 18:24:35.642470
625,Artifact 625,v3.0,library,2023-06-17 18:24:35.642470
626,Artifact 626,v1.0,binary,2024-02-01 18:24:35.642470
627,Artifact 627,v5.0,binary,2024-01-17 18:24:35.642470
628,Artifact 628,v7.0,docker image,2023-06-09 18:24:35.642470
629,Artifact 629,v6.0,docker image,2023-07-22 18:24:35.642470
630,Artifact 630,v4.0,library,2024-04-11 18:24:35.642470
631,Artifact 631,v8.0,library,2023-08-27 18:24:35.642470
632,Artifact 632,v6.0,library,2023-10-07 18:24:35.642470
633,Artifact 633,v6.0,library,2023-08-26 18:24:35.642470
634,Artifact 634,v7.0,binary,2023-05-28 18:24:35.642470
635,Artifact 635,v5.0,library,2023-11-19 18:24:35.642470
636,Artifact 636,v7.0,library,2024-04-13 18:24:35.642470
637,Artifact 637,v5.0,docker image,2023-08-08 18:24:35.642470
638,Artifact 638,v2.0,library,2024-03-26 18:24:35.642470
639,Artifact 639,v8.0,docker image,2024-04-21 18:24:35.642470
640,Artifact 640,v1.0,library,2023-08-16 18:24:35.642470
641,Artifact 641,v9.0,library,2023-09-07 18:24:35.642470
642,Artifact 642,v1.0,docker image,2024-02-09 18:24:35.642470
643,Artifact 643,v6.0,binary,2023-08-03 18:24:35.642470
644,Artifact 644,v4.0,binary,2023-08-22 18:24:35.642470
645,Artifact 645,v2.0,docker image,2024-03-07 18:24:35.642470
646,Artifact 646,v1.0,docker image,2024-02-28 18:24:35.642470
647,Artifact 647,v1.0,binary,2023-12-07 18:24:35.642470
648,Artifact 648,v4.0,docker image,2023-08-30 18:24:35.642470
649,Artifact 649,v4.0,docker image,2023-10-09 18:24:35.642470
650,Artifact 650,v1.0,docker image,2024-03-24 18:24:35.642470
651,Artifact 651,v10.0,docker image,2023-06-09 18:24:35.642470
652,Artifact 652,v3.0,docker image,2024-02-07 18:24:35.642470
653,Artifact 653,v4.0,binary,2023-07-29 18:24:35.642470
654,Artifact 654,v3.0,docker image,2023-09-15 18:24:35.642470
655,Artifact 655,v8.0,binary,2024-04-06 18:24:35.642470
656,Artifact 656,v2.0,library,2023-09-04 18:24:35.642470
657,Artifact 657,v10.0,binary,2023-10-07 18:24:35.642470
658,Artifact 658,v4.0,library,2024-04-24 18:24:35.642470
659,Artifact 659,v8.0,binary,2023-10-03 18:24:35.642470
660,Artifact 660,v5.0,binary,2024-03-16 18:24:35.642470
661,Artifact 661,v6.0,docker image,2023-09-03 18:24:35.642470
662,Artifact 662,v3.0,binary,2023-10-23 18:24:35.642470
663,Artifact 663,v10.0,binary,2023-10-02 18:24:35.642470
664,Artifact 664,v10.0,docker image,2023-08-08 18:24:35.642470
665,Artifact 665,v2.0,library,2024-04-23 18:24:35.642470
666,Artifact 666,v3.0,binary,2023-08-10 18:24:35.642470
667,Artifact 667,v5.0,docker image,2023-09-29 18:24:35.642470
668,Artifact 668,v2.0,library,2023-06-13 18:24:35.642470
669,Artifact 669,v10.0,binary,2023-12-17 18:24:35.642470
670,Artifact 670,v1.0,binary,2024-05-11 18:24:35.642470
671,Artifact 671,v5.0,binary,2023-11-02 18:24:35.642470
672,Artifact 672,v10.0,library,2024-01-13 18:24:35.642470
673,Artifact 673,v7.0,library,2024-05-21 18:24:35.642470
674,Artifact 674,v7.0,binary,2024-02-01 18:24:35.642470
675,Artifact 675,v4.0,binary,2023-07-31 18:24:35.642470
676,Artifact 676,v2.0,library,2024-04-15 18:24:35.642470
677,Artifact 677,v10.0,docker image,2024-04-29 18:24:35.642470
678,Artifact 678,v4.0,library,2023-10-19 18:24:35.642470
679,Artifact 679,v2.0,docker image,2023-11-28 18:24:35.642470
680,Artifact 680,v5.0,docker image,2023-05-30 18:24:35.642470
681,Artifact 681,v10.0,docker image,2024-04-20 18:24:35.642470
682,Artifact 682,v2.0,binary,2023-08-19 18:24:35.642470
683,Artifact 683,v10.0,binary,2024-04-22 18:24:35.642470
684,Artifact 684,v1.0,docker image,2024-04-17 18:24:35.642470
685,Artifact 685,v6.0,docker image,2023-09-24 18:24:35.642470
686,Artifact 686,v9.0,docker image,2024-05-06 18:24:35.642470
687,Artifact 687,v7.0,library,2023-12-28 18:24:35.642470
688,Artifact 688,v6.0,binary,2023-10-26 18:24:35.642470
689,Artifact 689,v2.0,docker image,2024-02-20 18:24:35.642470
690,Artifact 690,v9.0,docker image,2024-03-14 18:24:35.642470
691,Artifact 691,v6.0,library,2023-06-29 18:24:35.642470
692,Artifact 692,v1.0,binary,2023-06-27 18:24:35.642470
693,Artifact 693,v7.0,docker image,2023-10-20 18:24:35.642470
694,Artifact 694,v8.0,binary,2023-11-13 18:24:35.642470
695,Artifact 695,v2.0,docker image,2023-11-09 18:24:35.642470
696,Artifact 696,v7.0,library,2023-10-06 18:24:35.642470
697,Artifact 697,v6.0,library,2023-11-11 18:24:35.642470
698,Artifact 698,v8.0,binary,2023-11-12 18:24:35.642470
699,Artifact 699,v3.0,library,2024-04-11 18:24:35.642470
700,Artifact 700,v7.0,binary,2023-06-08 18:24:35.642470
701,Artifact 701,v3.0,docker image,2023-06-19 18:24:35.642470
702,Artifact 702,v9.0,library,2023-08-20 18:24:35.642470
703,Artifact 703,v5.0,docker image,2024-03-15 18:24:35.642470
704,Artifact 704,v10.0,docker image,2023-06-23 18:24:35.642470
705,Artifact 705,v9.0,library,2023-11-26 18:24:35.642470
706,Artifact 706,v8.0,library,2024-03-23 18:24:35.642470
707,Artifact 707,v8.0,library,2024-02-21 18:24:35.642470
708,Artifact 708,v7.0,docker image,2023-08-21 18:24:35.642470
709,Artifact 709,v10.0,binary,2023-11-03 18:24:35.642470
710,Artifact 710,v5.0,binary,2023-08-26 18:24:35.642470
711,Artifact 711,v6.0,docker image,2024-03-18 18:24:35.642470
712,Artifact 712,v4.0,docker image,2024-01-29 18:24:35.642470
713,Artifact 713,v2.0,docker image,2024-05-21 18:24:35.642470
714,Artifact 714,v5.0,library,2024-05-11 18:24:35.642470
715,Artifact 715,v8.0,binary,2023-12-22 18:24:35.642470
716,Artifact 716,v4.0,binary,2023-09-28 18:24:35.642470
717,Artifact 717,v8.0,binary,2023-06-13 18:24:35.642470
718,Artifact 718,v10.0,binary,2023-08-18 18:24:35.642470
719,Artifact 719,v10.0,binary,2023-10-18 18:24:35.642470
720,Artifact 720,v7.0,binary,2023-08-24 18:24:35.642470
721,Artifact 721,v6.0,docker image,2023-11-10 18:24:35.642470
722,Artifact 722,v1.0,docker image,2024-01-26 18:24:35.642470
723,Artifact 723,v8.0,library,2024-01-17 18:24:35.642470
724,Artifact 724,v6.0,docker image,2023-09-30 18:24:35.642470
725,Artifact 725,v3.0,docker image,2023-11-27 18:24:35.642470
726,Artifact 726,v8.0,binary,2024-03-04 18:24:35.642470
727,Artifact 727,v4.0,library,2024-01-02 18:24:35.642470
728,Artifact 728,v6.0,binary,2024-02-16 18:24:35.642470
729,Artifact 729,v5.0,library,2024-03-26 18:24:35.642470
730,Artifact 730,v6.0,docker image,2024-05-06 18:24:35.642470
731,Artifact 731,v5.0,docker image,2023-06-19 18:24:35.642470
732,Artifact 732,v10.0,binary,2023-10-21 18:24:35.642470
733,Artifact 733,v5.0,binary,2023-07-13 18:24:35.642470
734,Artifact 734,v9.0,binary,2024-05-14 18:24:35.642470
735,Artifact 735,v1.0,docker image,2024-01-20 18:24:35.642470
736,Artifact 736,v9.0,docker image,2024-02-07 18:24:35.642470
737,Artifact 737,v4.0,docker image,2024-04-18 18:24:35.642470
738,Artifact 738,v2.0,library,2024-04-01 18:24:35.642470
739,Artifact 739,v4.0,binary,2023-07-23 18:24:35.642470
740,Artifact 740,v7.0,library,2024-05-05 18:24:35.642470
741,Artifact 741,v8.0,docker image,2023-10-07 18:24:35.642470
742,Artifact 742,v9.0,docker image,2023-07-21 18:24:35.642470
743,Artifact 743,v4.0,library,2023-06-13 18:24:35.642470
744,Artifact 744,v8.0,binary,2023-05-28 18:24:35.642470
745,Artifact 745,v8.0,binary,2024-04-28 18:24:35.642470
746,Artifact 746,v8.0,docker image,2024-01-18 18:24:35.642470
747,Artifact 747,v1.0,docker image,2024-04-30 18:24:35.642470
748,Artifact 748,v2.0,docker image,2023-10-30 18:24:35.642470
749,Artifact 749,v5.0,binary,2023-10-11 18:24:35.642470
750,Artifact 750,v4.0,library,2024-01-24 18:24:35.642470
751,Artifact 751,v7.0,docker image,2023-08-20 18:24:35.642470
752,Artifact 752,v4.0,docker image,2024-02-01 18:24:35.642470
753,Artifact 753,v5.0,library,2024-04-24 18:24:35.642470
754,Artifact 754,v10.0,binary,2024-03-12 18:24:35.642470
755,Artifact 755,v6.0,docker image,2023-09-08 18:24:35.642470
756,Artifact 756,v8.0,binary,2023-12-26 18:24:35.642470
757,Artifact 757,v9.0,docker image,2024-01-24 18:24:35.642470
758,Artifact 758,v9.0,binary,2023-08-02 18:24:35.642470
759,Artifact 759,v6.0,library,2023-12-11 18:24:35.642470
760,Artifact 760,v7.0,docker image,2023-08-01 18:24:35.642470
761,Artifact 761,v9.0,docker image,2023-07-21 18:24:35.642470
762,Artifact 762,v6.0,docker image,2023-06-13 18:24:35.642470
763,Artifact 763,v6.0,docker image,2023-12-10 18:24:35.642470
764,Artifact 764,v8.0,docker image,2024-01-22 18:24:35.642470
765,Artifact 765,v5.0,library,2023-12-20 18:24:35.642470
766,Artifact 766,v5.0,docker image,2024-03-10 18:24:35.642470
767,Artifact 767,v5.0,docker image,2023-06-19 18:24:35.642470
768,Artifact 768,v4.0,binary,2023-08-30 18:24:35.642470
769,Artifact 769,v2.0,docker image,2024-01-30 18:24:35.642470
770,Artifact 770,v4.0,binary,2023-10-24 18:24:35.642470
771,Artifact 771,v6.0,library,2023-12-21 18:24:35.642470
772,Artifact 772,v2.0,binary,2024-01-03 18:24:35.642470
773,Artifact 773,v9.0,binary,2024-04-21 18:24:35.642470
774,Artifact 774,v3.0,library,2023-08-11 18:24:35.642470
775,Artifact 775,v4.0,library,2023-07-25 18:24:35.642470
776,Artifact 776,v4.0,binary,2024-02-23 18:24:35.642470
777,Artifact 777,v8.0,binary,2023-07-07 18:24:35.642470
778,Artifact 778,v5.0,library,2023-06-10 18:24:35.642470
779,Artifact 779,v10.0,library,2023-10-17 18:24:35.642470
780,Artifact 780,v9.0,library,2023-08-12 18:24:35.642470
781,Artifact 781,v10.0,library,2023-09-12 18:24:35.642470
782,Artifact 782,v5.0,library,2024-04-28 18:24:35.642470
783,Artifact 783,v2.0,binary,2023-11-28 18:24:35.642470
784,Artifact 784,v4.0,library,2023-06-28 18:24:35.642470
785,Artifact 785,v5.0,docker image,2023-06-14 18:24:35.642470
786,Artifact 786,v4.0,docker image,2023-11-09 18:24:35.642470
787,Artifact 787,v6.0,docker image,2023-08-28 18:24:35.642470
788,Artifact 788,v3.0,docker image,2023-12-11 18:24:35.642470
789,Artifact 789,v5.0,library,2023-06-01 18:24:35.642470
790,Artifact 790,v1.0,docker image,2023-10-22 18:24:35.642470
791,Artifact 791,v9.0,binary,2023-10-26 18:24:35.642470
792,Artifact 792,v3.0,docker image,2024-03-07 18:24:35.642470
793,Artifact 793,v5.0,library,2023-12-21 18:24:35.642470
794,Artifact 794,v1.0,docker image,2023-11-12 18:24:35.642470
795,Artifact 795,v1.0,binary,2024-02-18 18:24:35.642470
796,Artifact 796,v9.0,library,2023-08-21 18:24:35.642470
797,Artifact 797,v5.0,library,2023-09-23 18:24:35.642470
798,Artifact 798,v3.0,library,2024-01-20 18:24:35.642470
799,Artifact 799,v8.0,docker image,2024-01-28 18:24:35.642470
800,Artifact 800,v2.0,docker image,2023-12-21 18:24:35.642470
801,Artifact 801,v1.0,library,2023-05-26 18:24:35.642470
802,Artifact 802,v10.0,docker image,2024-03-10 18:24:35.642470
803,Artifact 803,v5.0,binary,2023-09-28 18:24:35.642470
804,Artifact 804,v8.0,library,2024-04-23 18:24:35.642470
805,Artifact 805,v8.0,binary,2023-08-09 18:24:35.642470
806,Artifact 806,v8.0,binary,2023-10-24 18:24:35.642470
807,Artifact 807,v6.0,docker image,2023-10-22 18:24:35.642470
808,Artifact 808,v3.0,docker image,2023-08-11 18:24:35.642470
809,Artifact 809,v1.0,library,2023-08-25 18:24:35.642470
810,Artifact 810,v5.0,binary,2024-03-15 18:24:35.642470
811,Artifact 811,v8.0,docker image,2023-11-06 18:24:35.642470
812,Artifact 812,v2.0,binary,2024-01-19 18:24:35.642470
813,Artifact 813,v2.0,docker image,2024-01-13 18:24:35.642470
814,Artifact 814,v7.0,binary,2024-02-08 18:24:35.642470
815,Artifact 815,v8.0,library,2023-12-05 18:24:35.642470
816,Artifact 816,v2.0,docker image,2023-06-26 18:24:35.642470
817,Artifact 817,v10.0,library,2024-04-12 18:24:35.642470
818,Artifact 818,v1.0,binary,2023-10-05 18:24:35.642470
819,Artifact 819,v3.0,binary,2023-11-15 18:24:35.642470
820,Artifact 820,v3.0,library,2024-04-05 18:24:35.642470
821,Artifact 821,v10.0,binary,2023-08-22 18:24:35.642470
822,Artifact 822,v5.0,docker image,2024-02-15 18:24:35.642470
823,Artifact 823,v2.0,docker image,2024-04-26 18:24:35.642470
824,Artifact 824,v4.0,binary,2024-01-06 18:24:35.642470
825,Artifact 825,v2.0,binary,2023-11-11 18:24:35.642470
826,Artifact 826,v9.0,binary,2023-06-13 18:24:35.642470
827,Artifact 827,v7.0,binary,2023-07-18 18:24:35.642470
828,Artifact 828,v10.0,docker image,2023-07-19 18:24:35.642470
829,Artifact 829,v10.0,docker image,2024-05-02 18:24:35.642470
830,Artifact 830,v10.0,binary,2024-04-15 18:24:35.642470
831,Artifact 831,v4.0,library,2024-02-16 18:24:35.642470
832,Artifact 832,v9.0,library,2023-07-27 18:24:35.642470
833,Artifact 833,v7.0,docker image,2023-06-14 18:24:35.642470
834,Artifact 834,v8.0,library,2023-08-10 18:24:35.642470
835,Artifact 835,v8.0,binary,2024-02-01 18:24:35.642470
836,Artifact 836,v5.0,library,2023-09-20 18:24:35.642470
837,Artifact 837,v10.0,docker image,2024-02-06 18:24:35.642470
838,Artifact 838,v7.0,binary,2023-12-04 18:24:35.642470
839,Artifact 839,v5.0,binary,2023-12-19 18:24:35.642470
840,Artifact 840,v10.0,docker image,2024-05-15 18:24:35.642470
841,Artifact 841,v10.0,library,2024-02-04 18:24:35.642470
842,Artifact 842,v1.0,docker image,2024-02-15 18:24:35.642470
843,Artifact 843,v10.0,docker image,2024-03-23 18:24:35.642470
844,Artifact 844,v2.0,library,2023-09-20 18:24:35.642470
845,Artifact 845,v4.0,binary,2024-01-19 18:24:35.642470
846,Artifact 846,v4.0,library,2023-06-01 18:24:35.642470
847,Artifact 847,v5.0,library,2023-07-18 18:24:35.642470
848,Artifact 848,v2.0,binary,2023-05-28 18:24:35.642470
849,Artifact 849,v3.0,binary,2024-02-08 18:24:35.642470
850,Artifact 850,v4.0,docker image,2023-11-01 18:24:35.642470
851,Artifact 851,v3.0,library,2024-01-21 18:24:35.642470
852,Artifact 852,v9.0,binary,2023-08-14 18:24:35.642470
853,Artifact 853,v2.0,library,2023-12-10 18:24:35.642470
854,Artifact 854,v3.0,library,2023-12-30 18:24:35.642470
855,Artifact 855,v1.0,binary,2023-11-10 18:24:35.642470
856,Artifact 856,v7.0,binary,2023-09-27 18:24:35.642470
857,Artifact 857,v8.0,library,2023-08-23 18:24:35.642470
858,Artifact 858,v10.0,binary,2023-06-25 18:24:35.642470
859,Artifact 859,v8.0,library,2023-11-21 18:24:35.642470
860,Artifact 860,v5.0,binary,2023-12-17 18:24:35.642470
861,Artifact 861,v1.0,docker image,2024-01-10 18:24:35.642470
862,Artifact 862,v4.0,binary,2023-11-20 18:24:35.642470
863,Artifact 863,v5.0,library,2023-09-03 18:24:35.642470
864,Artifact 864,v5.0,binary,2023-09-11 18:24:35.642470
865,Artifact 865,v8.0,library,2023-09-27 18:24:35.642470
866,Artifact 866,v2.0,binary,2024-04-02 18:24:35.642470
867,Artifact 867,v4.0,library,2023-09-25 18:24:35.642470
868,Artifact 868,v5.0,library,2023-12-11 18:24:35.642470
869,Artifact 869,v10.0,binary,2024-02-08 18:24:35.642470
870,Artifact 870,v4.0,library,2023-11-15 18:24:35.642470
871,Artifact 871,v7.0,docker image,2023-12-14 18:24:35.642470
872,Artifact 872,v2.0,docker image,2023-10-24 18:24:35.642470
873,Artifact 873,v9.0,binary,2024-04-29 18:24:35.642470
874,Artifact 874,v4.0,library,2023-08-08 18:24:35.642470
875,Artifact 875,v3.0,library,2024-01-30 18:24:35.642470
876,Artifact 876,v5.0,library,2024-03-09 18:24:35.642470
877,Artifact 877,v3.0,binary,2024-05-14 18:24:35.642470
878,Artifact 878,v2.0,binary,2024-01-10 18:24:35.642470
879,Artifact 879,v1.0,docker image,2023-08-13 18:24:35.642470
880,Artifact 880,v3.0,library,2023-07-28 18:24:35.642470
881,Artifact 881,v5.0,docker image,2023-07-31 18:24:35.642470
882,Artifact 882,v10.0,binary,2023-10-22 18:24:35.642470
883,Artifact 883,v10.0,binary,2023-12-23 18:24:35.642470
884,Artifact 884,v5.0,docker image,2024-03-05 18:24:35.642470
885,Artifact 885,v8.0,library,2024-02-12 18:24:35.642470
886,Artifact 886,v2.0,library,2023-12-06 18:24:35.642470
887,Artifact 887,v8.0,library,2024-01-26 18:24:35.642470
888,Artifact 888,v5.0,binary,2023-11-10 18:24:35.642470
889,Artifact 889,v7.0,library,2023-08-05 18:24:35.642470
890,Artifact 890,v5.0,library,2024-01-18 18:24:35.642470
891,Artifact 891,v9.0,docker image,2023-09-10 18:24:35.642470
892,Artifact 892,v9.0,docker image,2023-08-15 18:24:35.642470
893,Artifact 893,v8.0,docker image,2023-06-22 18:24:35.642470
894,Artifact 894,v8.0,docker image,2023-06-07 18:24:35.642470
895,Artifact 895,v2.0,binary,2023-12-02 18:24:35.642470
896,Artifact 896,v10.0,library,2024-01-12 18:24:35.642470
897,Artifact 897,v1.0,binary,2023-09-15 18:24:35.642470
898,Artifact 898,v7.0,library,2023-06-29 18:24:35.642470
899,Artifact 899,v6.0,binary,2023-09-14 18:24:35.642470
900,Artifact 900,v10.0,library,2023-09-30 18:24:35.642470
901,Artifact 901,v5.0,library,2024-02-26 18:24:35.642470
902,Artifact 902,v1.0,library,2023-11-24 18:24:35.642470
903,Artifact 903,v2.0,binary,2024-02-26 18:24:35.642470
904,Artifact 904,v4.0,docker image,2024-03-12 18:24:35.642470
905,Artifact 905,v10.0,docker image,2023-08-17 18:24:35.642470
906,Artifact 906,v10.0,binary,2023-09-15 18:24:35.642470
907,Artifact 907,v1.0,library,2024-02-18 18:24:35.642470
908,Artifact 908,v5.0,library,2023-08-19 18:24:35.642470
909,Artifact 909,v10.0,binary,2023-06-29 18:24:35.642470
910,Artifact 910,v1.0,docker image,2024-04-22 18:24:35.642470
911,Artifact 911,v3.0,docker image,2023-08-28 18:24:35.642470
912,Artifact 912,v8.0,library,2024-05-05 18:24:35.642470
913,Artifact 913,v9.0,docker image,2024-04-14 18:24:35.642470
914,Artifact 914,v8.0,docker image,2023-06-15 18:24:35.642470
915,Artifact 915,v5.0,docker image,2024-04-28 18:24:35.642470
916,Artifact 916,v3.0,library,2024-05-19 18:24:35.642470
917,Artifact 917,v10.0,docker image,2023-10-24 18:24:35.642470
918,Artifact 918,v7.0,library,2024-03-13 18:24:35.642470
919,Artifact 919,v8.0,binary,2023-07-05 18:24:35.642470
920,Artifact 920,v2.0,binary,2024-01-25 18:24:35.642470
921,Artifact 921,v8.0,library,2024-04-18 18:24:35.642470
922,Artifact 922,v6.0,docker image,2023-05-26 18:24:35.642470
923,Artifact 923,v7.0,binary,2024-03-06 18:24:35.642470
924,Artifact 924,v6.0,library,2024-05-18 18:24:35.642470
925,Artifact 925,v6.0,docker image,2024-02-01 18:24:35.642470
926,Artifact 926,v2.0,binary,2023-09-07 18:24:35.642470
927,Artifact 927,v3.0,library,2023-10-02 18:24:35.642470
928,Artifact 928,v6.0,docker image,2023-11-13 18:24:35.642470
929,Artifact 929,v7.0,docker image,2024-04-22 18:24:35.642470
930,Artifact 930,v8.0,library,2023-07-11 18:24:35.642470
931,Artifact 931,v5.0,docker image,2023-07-01 18:24:35.642470
932,Artifact 932,v7.0,binary,2023-06-16 18:24:35.642470
933,Artifact 933,v9.0,library,2023-07-12 18:24:35.642470
934,Artifact 934,v1.0,docker image,2023-09-18 18:24:35.642470
935,Artifact 935,v8.0,docker image,2023-06-20 18:24:35.642470
936,Artifact 936,v2.0,docker image,2023-09-16 18:24:35.642470
937,Artifact 937,v6.0,docker image,2024-05-14 18:24:35.642470
938,Artifact 938,v5.0,docker image,2024-05-19 18:24:35.642470
939,Artifact 939,v6.0,library,2023-08-24 18:24:35.642470
940,Artifact 940,v2.0,binary,2023-08-14 18:24:35.642470
941,Artifact 941,v7.0,binary,2023-10-25 18:24:35.642470
942,Artifact 942,v9.0,library,2024-05-16 18:24:35.642470
943,Artifact 943,v1.0,docker image,2024-05-14 18:24:35.642470
944,Artifact 944,v9.0,binary,2023-08-25 18:24:35.642470
945,Artifact 945,v8.0,binary,2024-01-03 18:24:35.642470
946,Artifact 946,v7.0,binary,2023-08-22 18:24:35.642470
947,Artifact 947,v1.0,docker image,2023-12-28 18:24:35.642470
948,Artifact 948,v4.0,library,2024-05-14 18:24:35.642470
949,Artifact 949,v9.0,binary,2023-09-08 18:24:35.642470
950,Artifact 950,v6.0,library,2023-05-31 18:24:35.642470
951,Artifact 951,v10.0,binary,2023-06-12 18:24:35.642470
952,Artifact 952,v8.0,library,2023-10-15 18:24:35.642470
953,Artifact 953,v8.0,docker image,2024-02-21 18:24:35.642470
954,Artifact 954,v1.0,docker image,2024-03-29 18:24:35.642470
955,Artifact 955,v4.0,docker image,2024-04-03 18:24:35.642470
956,Artifact 956,v5.0,library,2023-08-28 18:24:35.642470
957,Artifact 957,v9.0,docker image,2024-03-07 18:24:35.642470
958,Artifact 958,v3.0,docker image,2024-01-20 18:24:35.642470
959,Artifact 959,v5.0,binary,2024-02-14 18:24:35.642470
960,Artifact 960,v8.0,library,2023-07-10 18:24:35.642470
961,Artifact 961,v8.0,library,2023-08-27 18:24:35.642470
962,Artifact 962,v2.0,binary,2024-01-14 18:24:35.642470
963,Artifact 963,v1.0,docker image,2023-11-23 18:24:35.642470
964,Artifact 964,v10.0,binary,2024-01-07 18:24:35.642470
965,Artifact 965,v4.0,docker image,2023-11-01 18:24:35.642470
966,Artifact 966,v3.0,library,2024-04-12 18:24:35.642470
967,Artifact 967,v5.0,docker image,2023-11-13 18:24:35.642470
968,Artifact 968,v9.0,binary,2023-10-28 18:24:35.642470
969,Artifact 969,v1.0,docker image,2023-09-30 18:24:35.642470
970,Artifact 970,v9.0,binary,2023-08-07 18:24:35.642470
971,Artifact 971,v7.0,docker image,2024-01-19 18:24:35.642470
972,Artifact 972,v2.0,library,2023-06-01 18:24:35.642470
973,Artifact 973,v4.0,library,2024-01-28 18:24:35.642470
974,Artifact 974,v2.0,library,2023-12-21 18:24:35.642470
975,Artifact 975,v8.0,docker image,2023-06-07 18:24:35.642470
976,Artifact 976,v2.0,binary,2024-04-11 18:24:35.642470
977,Artifact 977,v3.0,library,2023-06-23 18:24:35.642470
978,Artifact 978,v8.0,binary,2023-06-25 18:24:35.642470
979,Artifact 979,v5.0,library,2024-05-06 18:24:35.642470
980,Artifact 980,v9.0,library,2024-04-05 18:24:35.642470
981,Artifact 981,v5.0,library,2023-10-28 18:24:35.642470
982,Artifact 982,v7.0,library,2023-11-10 18:24:35.642470
983,Artifact 983,v8.0,binary,2023-11-11 18:24:35.642470
984,Artifact 984,v8.0,binary,2023-08-14 18:24:35.642470
985,Artifact 985,v4.0,docker image,2023-09-22 18:24:35.642470
986,Artifact 986,v8.0,binary,2024-04-24 18:24:35.642470
987,Artifact 987,v9.0,docker image,2023-07-01 18:24:35.642470
988,Artifact 988,v3.0,binary,2024-05-18 18:24:35.642470
989,Artifact 989,v7.0,binary,2023-05-29 18:24:35.642470
990,Artifact 990,v4.0,library,2024-02-25 18:24:35.642470
991,Artifact 991,v10.0,docker image,2024-04-10 18:24:35.642470
992,Artifact 992,v9.0,library,2023-09-10 18:24:35.642470
993,Artifact 993,v3.0,binary,2023-10-13 18:24:35.642470
994,Artifact 994,v2.0,binary,2023-06-27 18:24:35.642470
995,Artifact 995,v5.0,library,2023-12-05 18:24:35.642470
996,Artifact 996,v7.0,docker image,2023-08-07 18:24:35.642470
997,Artifact 997,v6.0,binary,2024-04-04 18:24:35.642470
998,Artifact 998,v9.0,binary,2023-08-26 18:24:35.642470
999,Artifact 999,v5.0,library,2024-05-01 18:24:35.642470
1000,Artifact 1000,v1.0,binary,2024-01-26 18:24:35.642470
