id,from_artifact_id,to_artifact_id
1,1,212
2,1,255
3,1,260
4,1,366
5,1,296
6,1,358
7,1,386
8,2,214
9,2,227
10,3,316
11,3,377
12,3,378
13,3,205
14,3,356
15,3,213
16,4,295
17,4,345
18,4,349
19,4,382
20,4,217
21,4,275
22,4,274
23,4,347
24,4,247
25,5,383
26,6,266
27,6,350
28,6,243
29,6,304
30,6,394
31,6,354
32,6,381
33,6,347
34,7,361
35,7,308
36,7,397
37,7,360
38,7,347
39,7,297
40,7,400
41,7,369
42,7,276
43,7,342
44,8,395
45,8,354
46,8,391
47,8,387
48,8,374
49,8,374
50,8,395
51,8,317
52,8,223
53,8,334
54,9,238
55,9,338
56,9,294
57,9,349
58,9,299
59,10,264
60,10,238
61,10,285
62,10,345
63,10,227
64,10,276
65,10,206
66,10,398
67,10,329
68,10,280
69,11,359
70,11,250
71,11,245
72,11,249
73,11,228
74,11,248
75,11,400
76,11,258
77,11,276
78,11,400
79,12,399
80,12,311
81,12,304
82,13,344
83,13,215
84,13,305
85,13,360
86,13,380
87,13,206
88,13,343
89,13,322
90,13,240
91,13,302
92,14,318
93,14,396
94,15,208
95,15,365
96,15,314
97,15,245
98,15,392
99,15,256
100,15,280
101,16,386
102,16,259
103,16,334
104,16,356
105,16,257
106,16,284
107,16,372
108,16,370
109,16,355
110,17,367
111,17,263
112,17,334
113,17,236
114,17,369
115,17,344
116,18,273
117,19,289
118,20,370
119,20,231
120,20,237
121,20,378
122,20,345
123,20,357
124,20,312
125,21,208
126,21,341
127,21,238
128,21,304
129,21,352
130,21,396
131,22,340
132,22,374
133,22,238
134,22,312
135,22,370
136,22,269
137,23,341
138,23,298
139,24,297
140,24,289
141,24,305
142,24,362
143,24,219
144,24,256
145,24,204
146,24,344
147,24,324
148,24,310
149,25,373
150,25,376
151,26,397
152,26,249
153,26,336
154,27,347
155,27,287
156,27,393
157,27,231
158,27,265
159,27,250
160,28,303
161,28,339
162,28,239
163,28,262
164,28,351
165,29,331
166,29,270
167,29,361
168,29,211
169,29,208
170,30,323
171,30,393
172,30,258
173,31,202
174,32,312
175,32,354
176,32,301
177,32,300
178,32,217
179,32,215
180,32,230
181,32,396
182,32,300
183,33,252
184,33,220
185,33,221
186,33,372
187,33,250
188,33,357
189,33,286
190,33,207
191,33,213
192,34,297
193,34,336
194,35,357
195,36,221
196,36,276
197,36,362
198,36,356
199,36,219
200,37,214
201,37,317
202,37,305
203,37,399
204,37,246
205,37,362
206,38,251
207,38,350
208,38,314
209,38,365
210,38,306
211,38,361
212,38,237
213,38,213
214,38,387
215,39,257
216,39,364
217,39,272
218,39,270
219,39,205
220,39,327
221,40,314
222,40,354
223,40,273
224,40,301
225,40,242
226,40,215
227,40,383
228,40,315
229,41,386
230,41,304
231,41,396
232,42,372
233,42,234
234,42,353
235,42,236
236,42,289
237,42,205
238,42,343
239,43,391
240,43,326
241,44,299
242,44,213
243,44,242
244,44,345
245,44,380
246,44,355
247,44,218
248,44,397
249,45,206
250,45,302
251,45,335
252,45,373
253,45,337
254,46,218
255,46,250
256,46,251
257,46,252
258,46,317
259,47,223
260,47,234
261,47,281
262,47,292
263,48,252
264,48,289
265,48,303
266,49,320
267,49,340
268,50,319
269,50,203
270,51,243
271,51,374
272,51,227
273,51,221
274,52,242
275,52,201
276,52,298
277,52,229
278,52,257
279,52,393
280,52,309
281,52,261
282,52,332
283,52,372
284,53,234
285,53,320
286,53,327
287,53,340
288,53,347
289,53,289
290,54,232
291,54,249
292,54,256
293,54,315
294,54,220
295,54,371
296,54,340
297,55,279
298,55,268
299,55,352
300,55,213
301,55,386
302,56,349
303,56,283
304,56,213
305,57,302
306,57,276
307,57,331
308,58,225
309,59,271
310,59,273
311,59,214
312,59,261
313,59,316
314,59,253
315,59,375
316,60,227
317,60,302
318,60,321
319,60,337
320,60,228
321,61,319
322,61,390
323,61,328
324,62,244
325,62,248
326,62,220
327,62,204
328,62,242
329,62,364
330,62,224
331,62,326
332,62,351
333,63,247
334,63,227
335,63,361
336,63,250
337,63,267
338,63,333
339,63,308
340,63,244
341,63,347
342,64,288
343,64,389
344,64,326
345,64,388
346,64,376
347,64,356
348,64,313
349,64,260
350,64,395
351,65,260
352,65,339
353,65,263
354,65,230
355,65,332
356,65,246
357,65,340
358,66,305
359,66,208
360,66,287
361,66,259
362,66,347
363,66,393
364,67,390
365,67,206
366,67,327
367,67,380
368,67,351
369,67,340
370,67,385
371,67,363
372,68,304
373,68,375
374,68,231
375,68,317
376,68,323
377,68,380
378,68,216
379,69,328
380,69,261
381,69,304
382,69,333
383,69,400
384,69,238
385,69,204
386,70,396
387,70,201
388,70,297
389,70,339
390,70,237
391,70,222
392,71,247
393,71,258
394,71,362
395,72,284
396,72,373
397,72,241
398,72,223
399,72,301
400,72,374
401,73,204
402,73,399
403,73,286
404,73,339
405,73,315
406,73,227
407,74,304
408,74,346
409,74,239
410,74,388
411,74,219
412,75,367
413,75,398
414,75,245
415,75,219
416,75,347
417,75,236
418,75,284
419,75,346
420,75,302
421,76,394
422,76,353
423,76,211
424,76,343
425,76,352
426,76,337
427,76,398
428,76,375
429,77,261
430,77,311
431,77,360
432,77,356
433,77,339
434,78,340
435,78,205
436,78,241
437,78,233
438,78,210
439,79,209
440,79,355
441,79,378
442,79,387
443,79,259
444,79,370
445,80,311
446,80,385
447,80,354
448,80,384
449,80,378
450,80,265
451,80,330
452,80,275
453,80,366
454,81,277
455,81,356
456,81,287
457,82,332
458,82,342
459,82,362
460,82,217
461,82,366
462,82,222
463,82,273
464,82,289
465,82,316
466,82,361
467,83,330
468,83,318
469,83,393
470,83,210
471,83,378
472,83,368
473,83,313
474,83,224
475,83,292
476,84,261
477,84,340
478,84,303
479,85,300
480,85,323
481,85,251
482,85,339
483,85,397
484,85,369
485,85,248
486,85,207
487,86,316
488,86,271
489,86,298
490,86,400
491,86,220
492,86,358
493,86,217
494,86,385
495,86,361
496,86,370
497,87,327
498,87,357
499,87,337
500,87,327
501,87,299
502,87,339
503,87,239
504,87,360
505,88,312
506,88,330
507,88,328
508,88,384
509,88,240
510,88,234
511,88,282
512,88,333
513,88,348
514,88,251
515,89,392
516,89,210
517,89,365
518,89,337
519,89,282
520,89,375
521,89,335
522,89,201
523,90,365
524,90,248
525,90,375
526,90,361
527,90,261
528,90,295
529,90,214
530,91,208
531,91,370
532,91,293
533,91,394
534,91,300
535,92,387
536,92,359
537,92,285
538,92,376
539,92,317
540,92,346
541,92,210
542,93,373
543,94,243
544,94,272
545,95,246
546,95,400
547,95,392
548,95,288
549,95,296
550,95,269
551,95,265
552,95,247
553,95,335
554,96,318
555,96,352
556,96,301
557,96,251
558,96,236
559,96,291
560,96,357
561,97,248
562,97,364
563,97,264
564,97,363
565,97,235
566,98,390
567,98,348
568,98,269
569,98,301
570,98,257
571,98,250
572,98,340
573,98,347
574,98,227
575,99,304
576,99,243
577,99,267
578,99,221
579,99,376
580,99,375
581,100,248
582,100,337
583,100,395
584,100,287
585,100,385
586,100,324
587,101,288
588,101,300
589,101,243
590,102,244
591,102,304
592,102,351
593,102,257
594,102,378
595,102,257
596,102,288
597,102,336
598,102,356
599,102,376
600,103,227
601,103,258
602,103,330
603,103,228
604,103,344
605,103,382
606,104,295
607,104,294
608,104,207
609,104,366
610,104,326
611,104,333
612,104,268
613,105,344
614,105,284
615,105,205
616,105,357
617,105,283
618,105,394
619,105,325
620,106,267
621,106,258
622,106,202
623,106,250
624,106,279
625,107,231
626,107,373
627,107,332
628,107,348
629,107,220
630,107,229
631,107,324
632,107,354
633,107,324
634,107,243
635,108,251
636,109,381
637,109,286
638,109,349
639,109,261
640,109,269
641,109,210
642,109,223
643,109,294
644,109,254
645,110,279
646,110,223
647,110,284
648,110,276
649,110,317
650,110,228
651,110,284
652,111,252
653,111,228
654,111,256
655,111,387
656,111,245
657,111,294
658,112,255
659,112,308
660,112,322
661,112,387
662,112,335
663,112,225
664,112,261
665,112,310
666,112,315
667,112,282
668,113,205
669,114,269
670,114,239
671,114,379
672,114,365
673,114,228
674,114,273
675,114,398
676,114,223
677,114,210
678,114,399
679,115,246
680,115,317
681,115,299
682,115,358
683,115,336
684,115,232
685,116,335
686,116,322
687,116,344
688,116,216
689,116,355
690,116,388
691,116,234
692,116,394
693,116,323
694,116,202
695,117,293
696,117,234
697,117,261
698,117,332
699,117,335
700,118,397
701,118,290
702,118,303
703,118,242
704,118,236
705,118,285
706,118,343
707,118,399
708,118,310
709,119,215
710,119,284
711,119,398
712,119,350
713,119,330
714,119,307
715,119,394
716,120,338
717,120,314
718,120,272
719,120,277
720,120,243
721,120,236
722,120,327
723,120,381
724,121,331
725,121,287
726,121,390
727,121,372
728,121,272
729,121,339
730,122,388
731,122,351
732,122,309
733,122,294
734,122,282
735,122,383
736,123,274
737,123,246
738,123,329
739,123,233
740,123,278
741,123,358
742,123,231
743,123,222
744,123,378
745,123,310
746,124,207
747,124,235
748,124,202
749,124,211
750,124,211
751,124,240
752,125,296
753,125,364
754,125,259
755,125,351
756,125,366
757,126,219
758,126,261
759,126,234
760,126,365
761,127,284
762,127,282
763,128,254
764,128,202
765,129,288
766,129,324
767,129,209
768,129,334
769,129,253
770,129,363
771,130,343
772,130,389
773,130,247
774,130,375
775,130,226
776,130,273
777,130,278
778,131,334
779,131,335
780,131,358
781,131,299
782,131,299
783,132,359
784,132,384
785,132,326
786,132,237
787,132,328
788,132,377
789,132,257
790,132,309
791,132,315
792,132,364
793,133,385
794,133,275
795,133,365
796,133,306
797,133,239
798,133,392
799,133,202
800,133,234
801,134,332
802,134,390
803,134,381
804,134,243
805,134,295
806,134,274
807,135,218
808,135,335
809,135,256
810,135,245
811,136,228
812,136,389
813,136,235
814,136,249
815,136,217
816,136,233
817,136,252
818,136,356
819,136,237
820,137,361
821,138,360
822,138,224
823,138,216
824,138,297
825,138,390
826,139,224
827,140,263
828,140,307
829,140,268
830,140,326
831,140,241
832,140,253
833,140,384
834,140,342
835,140,319
836,141,207
837,141,337
838,141,243
839,141,397
840,141,321
841,141,304
842,142,381
843,142,223
844,142,371
845,142,317
846,142,246
847,142,247
848,142,290
849,142,323
850,142,319
851,143,267
852,143,392
853,143,293
854,143,344
855,143,361
856,143,269
857,144,235
858,144,298
859,144,240
860,144,347
861,144,209
862,144,284
863,144,237
864,144,359
865,145,331
866,145,399
867,146,298
868,146,369
869,146,342
870,146,262
871,146,387
872,146,227
873,146,301
874,146,214
875,147,247
876,147,384
877,147,313
878,147,231
879,147,366
880,147,321
881,147,245
882,147,217
883,147,318
884,148,251
885,148,314
886,148,384
887,148,387
888,149,345
889,149,368
890,149,350
891,149,248
892,150,284
893,151,245
894,151,240
895,151,348
896,152,358
897,152,255
898,152,390
899,152,306
900,152,244
901,152,226
902,152,388
903,152,310
904,152,284
905,152,369
906,153,220
907,153,364
908,153,278
909,153,261
910,153,342
911,153,341
912,153,237
913,153,261
914,153,243
915,153,284
916,154,380
917,154,263
918,154,348
919,154,339
920,154,253
921,154,282
922,155,279
923,155,269
924,155,307
925,155,232
926,155,326
927,155,386
928,155,366
929,155,319
930,155,389
931,156,257
932,156,242
933,156,301
934,156,275
935,156,264
936,156,206
937,156,347
938,156,286
939,157,265
940,157,348
941,157,399
942,157,328
943,157,357
944,158,247
945,158,315
946,159,350
947,159,313
948,159,201
949,159,248
950,159,347
951,159,245
952,159,313
953,159,218
954,159,242
955,159,215
956,160,264
957,160,371
958,160,353
959,160,320
960,160,395
961,160,335
962,161,385
963,161,229
964,161,255
965,161,326
966,161,382
967,161,284
968,161,236
969,161,349
970,162,333
971,162,263
972,162,234
973,162,239
974,162,208
975,162,373
976,162,393
977,162,226
978,162,235
979,163,302
980,163,387
981,163,386
982,163,214
983,163,341
984,163,249
985,164,210
986,164,212
987,164,268
988,165,326
989,165,356
990,165,376
991,165,320
992,165,333
993,165,329
994,165,330
995,165,346
996,165,313
997,166,376
998,166,254
999,166,378
1000,166,390
1001,166,385
1002,166,381
1003,167,371
1004,167,332
1005,167,292
1006,167,248
1007,167,261
1008,167,364
1009,168,301
1010,168,216
1011,168,393
1012,168,397
1013,168,211
1014,168,252
1015,168,205
1016,168,272
1017,168,278
1018,169,300
1019,169,366
1020,169,221
1021,169,347
1022,170,283
1023,170,229
1024,170,318
1025,170,218
1026,170,289
1027,170,242
1028,170,254
1029,170,387
1030,170,347
1031,170,224
1032,171,400
1033,172,365
1034,172,348
1035,172,243
1036,173,392
1037,173,290
1038,173,370
1039,173,207
1040,173,224
1041,173,278
1042,173,251
1043,173,323
1044,173,271
1045,173,368
1046,174,250
1047,174,215
1048,174,357
1049,174,251
1050,174,202
1051,174,348
1052,174,307
1053,174,321
1054,174,222
1055,175,376
1056,175,352
1057,175,328
1058,175,224
1059,176,230
1060,176,238
1061,176,302
1062,176,213
1063,176,363
1064,176,239
1065,176,388
1066,176,239
1067,176,230
1068,176,254
1069,177,231
1070,177,376
1071,177,380
1072,178,305
1073,178,320
1074,178,393
1075,178,370
1076,178,236
1077,178,214
1078,178,230
1079,178,356
1080,179,230
1081,179,229
1082,180,304
1083,180,227
1084,180,234
1085,180,247
1086,180,211
1087,180,231
1088,180,359
1089,181,315
1090,182,386
1091,182,288
1092,182,370
1093,183,395
1094,183,313
1095,183,264
1096,183,251
1097,183,360
1098,183,392
1099,183,387
1100,183,255
1101,183,210
1102,184,347
1103,184,250
1104,184,311
1105,184,298
1106,184,287
1107,185,338
1108,185,204
1109,185,370
1110,185,246
1111,186,367
1112,186,371
1113,186,278
1114,186,399
1115,186,334
1116,186,227
1117,186,239
1118,186,396
1119,187,246
1120,187,226
1121,187,224
1122,187,273
1123,187,206
1124,188,375
1125,188,302
1126,188,361
1127,188,335
1128,188,236
1129,188,287
1130,188,203
1131,188,348
1132,188,371
1133,189,235
1134,189,239
1135,189,353
1136,189,274
1137,189,297
1138,189,233
1139,190,352
1140,191,380
1141,191,294
1142,191,290
1143,191,385
1144,192,217
1145,192,390
1146,192,389
1147,192,368
1148,192,201
1149,192,255
1150,192,384
1151,193,353
1152,193,289
1153,193,233
1154,193,400
1155,193,378
1156,193,350
1157,193,328
1158,193,205
1159,193,399
1160,193,225
1161,194,317
1162,194,231
1163,194,237
1164,194,271
1165,195,309
1166,195,292
1167,195,341
1168,195,284
1169,196,294
1170,196,300
1171,196,279
1172,196,396
1173,196,234
1174,196,255
1175,196,207
1176,196,267
1177,196,220
1178,197,207
1179,197,237
1180,197,324
1181,198,309
1182,199,293
1183,199,358
1184,200,323
1185,200,260
1186,200,343
1187,201,472
1188,201,416
1189,201,443
1190,201,554
1191,201,559
1192,201,416
1193,201,514
1194,201,585
1195,202,511
1196,202,510
1197,203,406
1198,203,506
1199,203,459
1200,203,434
1201,203,433
1202,203,473
1203,203,536
1204,203,567
1205,203,428
1206,203,488
1207,204,467
1208,204,441
1209,204,576
1210,204,562
1211,204,565
1212,204,402
1213,205,580
1214,205,582
1215,205,474
1216,205,409
1217,206,416
1218,206,432
1219,206,405
1220,206,558
1221,207,504
1222,207,528
1223,207,545
1224,207,597
1225,207,564
1226,207,516
1227,208,509
1228,208,479
1229,208,560
1230,208,417
1231,208,495
1232,208,514
1233,209,574
1234,209,600
1235,209,490
1236,209,496
1237,209,473
1238,209,509
1239,209,445
1240,209,464
1241,209,465
1242,209,523
1243,210,436
1244,210,465
1245,211,512
1246,211,401
1247,211,429
1248,211,412
1249,211,543
1250,211,416
1251,211,597
1252,211,431
1253,212,432
1254,212,410
1255,212,454
1256,212,407
1257,212,589
1258,212,506
1259,212,542
1260,212,459
1261,212,426
1262,213,503
1263,213,471
1264,213,596
1265,213,424
1266,213,526
1267,213,442
1268,213,509
1269,213,533
1270,214,540
1271,215,533
1272,216,587
1273,216,572
1274,217,515
1275,217,428
1276,217,438
1277,217,552
1278,217,408
1279,217,585
1280,218,488
1281,218,581
1282,219,519
1283,220,451
1284,220,531
1285,221,505
1286,222,427
1287,222,464
1288,222,414
1289,222,519
1290,222,583
1291,222,459
1292,222,486
1293,222,421
1294,223,474
1295,224,536
1296,224,471
1297,224,526
1298,224,477
1299,224,452
1300,224,503
1301,225,430
1302,225,581
1303,225,451
1304,226,405
1305,227,512
1306,227,447
1307,227,490
1308,227,537
1309,227,536
1310,227,574
1311,227,491
1312,227,515
1313,227,510
1314,227,581
1315,228,553
1316,228,465
1317,228,528
1318,228,408
1319,228,453
1320,228,431
1321,228,544
1322,229,486
1323,230,572
1324,230,599
1325,230,452
1326,230,556
1327,231,441
1328,231,513
1329,231,466
1330,231,512
1331,231,501
1332,231,512
1333,231,439
1334,232,491
1335,232,550
1336,233,535
1337,233,462
1338,234,580
1339,234,522
1340,234,405
1341,235,415
1342,236,504
1343,236,507
1344,236,509
1345,236,426
1346,236,480
1347,237,561
1348,237,551
1349,237,407
1350,237,594
1351,237,418
1352,237,430
1353,238,515
1354,239,525
1355,239,571
1356,239,520
1357,239,432
1358,239,465
1359,239,410
1360,239,406
1361,239,592
1362,239,568
1363,239,468
1364,240,461
1365,240,540
1366,240,597
1367,240,542
1368,240,418
1369,240,584
1370,240,545
1371,240,594
1372,240,580
1373,240,582
1374,241,547
1375,241,401
1376,241,481
1377,241,464
1378,241,571
1379,242,482
1380,242,445
1381,243,466
1382,244,556
1383,244,529
1384,244,410
1385,244,551
1386,244,477
1387,244,566
1388,244,554
1389,244,528
1390,244,502
1391,244,556
1392,245,527
1393,245,564
1394,245,458
1395,245,566
1396,245,417
1397,245,451
1398,245,519
1399,245,552
1400,245,513
1401,246,507
1402,246,498
1403,247,543
1404,247,592
1405,247,475
1406,247,427
1407,247,506
1408,247,498
1409,247,426
1410,247,439
1411,247,456
1412,247,525
1413,248,413
1414,248,525
1415,248,523
1416,248,547
1417,248,469
1418,249,460
1419,249,445
1420,249,596
1421,249,483
1422,250,447
1423,250,454
1424,250,589
1425,250,577
1426,250,532
1427,250,572
1428,250,552
1429,251,475
1430,251,550
1431,251,546
1432,251,430
1433,251,557
1434,251,515
1435,251,404
1436,251,418
1437,251,583
1438,251,468
1439,252,511
1440,252,570
1441,252,436
1442,253,455
1443,254,414
1444,254,532
1445,254,518
1446,254,539
1447,254,444
1448,254,428
1449,254,423
1450,254,506
1451,255,441
1452,256,562
1453,257,425
1454,257,540
1455,257,422
1456,257,461
1457,257,495
1458,258,547
1459,258,532
1460,258,553
1461,258,530
1462,258,600
1463,258,550
1464,258,515
1465,258,438
1466,258,429
1467,258,422
1468,259,406
1469,259,588
1470,259,538
1471,259,529
1472,259,561
1473,259,551
1474,259,475
1475,259,570
1476,260,408
1477,260,419
1478,260,540
1479,260,503
1480,260,467
1481,260,478
1482,260,537
1483,260,436
1484,260,442
1485,261,516
1486,261,492
1487,262,532
1488,262,589
1489,262,460
1490,262,547
1491,262,513
1492,262,530
1493,262,496
1494,262,513
1495,262,403
1496,263,445
1497,263,416
1498,263,407
1499,263,467
1500,263,539
1501,263,412
1502,263,508
1503,263,522
1504,263,482
1505,264,571
1506,264,424
1507,264,447
1508,264,449
1509,264,498
1510,264,545
1511,264,422
1512,264,477
1513,265,504
1514,265,424
1515,265,596
1516,265,566
1517,265,572
1518,265,422
1519,265,441
1520,265,531
1521,265,528
1522,265,573
1523,266,470
1524,266,443
1525,266,554
1526,266,572
1527,266,509
1528,266,544
1529,266,530
1530,266,439
1531,266,519
1532,266,586
1533,267,549
1534,267,572
1535,267,523
1536,267,571
1537,267,563
1538,267,413
1539,267,469
1540,268,551
1541,269,459
1542,269,583
1543,269,431
1544,269,467
1545,269,423
1546,269,549
1547,270,429
1548,270,491
1549,270,510
1550,270,412
1551,270,527
1552,270,542
1553,270,565
1554,271,446
1555,271,525
1556,271,473
1557,271,573
1558,272,543
1559,272,458
1560,272,486
1561,272,586
1562,272,497
1563,272,491
1564,272,428
1565,272,600
1566,272,518
1567,273,569
1568,273,572
1569,273,565
1570,273,502
1571,273,447
1572,273,475
1573,273,564
1574,273,412
1575,273,555
1576,273,508
1577,274,557
1578,274,497
1579,274,499
1580,274,540
1581,274,464
1582,275,557
1583,275,510
1584,275,407
1585,275,469
1586,275,516
1587,276,480
1588,276,439
1589,276,417
1590,276,514
1591,276,403
1592,276,440
1593,276,544
1594,276,487
1595,276,427
1596,277,437
1597,277,441
1598,277,492
1599,277,549
1600,277,595
1601,277,463
1602,277,562
1603,278,471
1604,278,539
1605,278,540
1606,278,433
1607,278,401
1608,278,529
1609,278,547
1610,279,469
1611,279,537
1612,279,503
1613,279,537
1614,280,459
1615,280,558
1616,280,411
1617,280,512
1618,280,436
1619,280,467
1620,280,502
1621,280,523
1622,280,439
1623,281,514
1624,281,555
1625,281,548
1626,281,418
1627,281,509
1628,281,406
1629,281,560
1630,281,417
1631,281,423
1632,282,419
1633,282,455
1634,282,429
1635,282,551
1636,282,594
1637,283,492
1638,283,570
1639,283,594
1640,283,554
1641,284,453
1642,284,583
1643,284,505
1644,285,460
1645,285,455
1646,286,585
1647,286,505
1648,286,401
1649,286,488
1650,286,448
1651,286,464
1652,286,412
1653,286,466
1654,287,543
1655,287,531
1656,287,425
1657,287,503
1658,287,486
1659,287,600
1660,288,443
1661,289,472
1662,289,593
1663,289,478
1664,289,527
1665,289,438
1666,289,468
1667,290,558
1668,290,425
1669,291,482
1670,291,567
1671,291,409
1672,291,450
1673,291,579
1674,291,475
1675,291,471
1676,292,546
1677,293,503
1678,293,417
1679,293,521
1680,293,594
1681,293,590
1682,293,524
1683,293,592
1684,294,598
1685,294,533
1686,295,580
1687,295,467
1688,295,553
1689,296,547
1690,296,593
1691,296,540
1692,296,562
1693,296,411
1694,296,540
1695,296,539
1696,296,587
1697,296,401
1698,297,519
1699,297,542
1700,297,438
1701,297,425
1702,297,470
1703,297,421
1704,297,514
1705,298,506
1706,298,533
1707,298,427
1708,298,458
1709,298,484
1710,299,448
1711,299,501
1712,299,561
1713,299,497
1714,299,468
1715,299,540
1716,299,509
1717,299,558
1718,299,570
1719,299,538
1720,300,464
1721,300,579
1722,300,549
1723,300,502
1724,300,579
1725,300,559
1726,300,541
1727,300,513
1728,300,480
1729,300,530
1730,301,546
1731,301,480
1732,301,577
1733,301,424
1734,301,484
1735,301,488
1736,301,551
1737,302,481
1738,302,569
1739,302,413
1740,302,429
1741,302,432
1742,303,435
1743,303,585
1744,303,554
1745,303,574
1746,303,447
1747,303,415
1748,303,576
1749,303,600
1750,303,523
1751,303,493
1752,304,579
1753,304,498
1754,304,578
1755,304,412
1756,305,430
1757,305,419
1758,305,522
1759,305,421
1760,305,509
1761,305,575
1762,306,459
1763,307,538
1764,307,593
1765,307,598
1766,307,543
1767,307,502
1768,307,454
1769,307,508
1770,307,481
1771,307,464
1772,307,506
1773,308,426
1774,308,532
1775,308,549
1776,309,484
1777,309,496
1778,309,554
1779,309,415
1780,309,498
1781,310,402
1782,310,413
1783,310,407
1784,310,553
1785,310,568
1786,310,567
1787,310,547
1788,310,478
1789,311,477
1790,311,536
1791,311,549
1792,312,446
1793,312,413
1794,312,476
1795,312,497
1796,312,497
1797,313,590
1798,313,543
1799,313,558
1800,313,512
1801,313,511
1802,314,506
1803,314,413
1804,314,484
1805,314,512
1806,314,468
1807,314,442
1808,314,404
1809,314,480
1810,315,509
1811,315,494
1812,315,526
1813,315,594
1814,315,514
1815,315,488
1816,316,408
1817,316,547
1818,316,516
1819,316,479
1820,316,597
1821,316,482
1822,316,457
1823,316,450
1824,316,530
1825,317,408
1826,317,509
1827,317,434
1828,317,463
1829,317,495
1830,317,467
1831,317,504
1832,317,498
1833,317,434
1834,317,563
1835,318,598
1836,318,508
1837,318,487
1838,319,414
1839,319,428
1840,319,502
1841,319,562
1842,319,486
1843,320,556
1844,320,489
1845,320,459
1846,320,414
1847,320,403
1848,320,578
1849,320,573
1850,320,509
1851,320,442
1852,320,448
1853,321,445
1854,321,439
1855,322,447
1856,322,596
1857,322,516
1858,322,510
1859,322,523
1860,323,480
1861,323,503
1862,323,435
1863,323,596
1864,323,481
1865,323,557
1866,323,418
1867,323,500
1868,324,427
1869,325,446
1870,325,472
1871,326,424
1872,326,496
1873,327,465
1874,327,537
1875,327,533
1876,327,564
1877,327,500
1878,327,416
1879,327,402
1880,327,595
1881,327,538
1882,328,428
1883,329,551
1884,329,533
1885,329,502
1886,329,524
1887,329,583
1888,329,527
1889,329,544
1890,329,433
1891,330,421
1892,330,445
1893,330,548
1894,330,553
1895,331,514
1896,331,404
1897,331,470
1898,331,515
1899,331,435
1900,331,584
1901,332,468
1902,332,443
1903,332,564
1904,332,509
1905,332,420
1906,332,438
1907,332,587
1908,333,443
1909,333,414
1910,334,536
1911,334,465
1912,334,459
1913,334,589
1914,335,488
1915,335,459
1916,335,511
1917,335,489
1918,335,579
1919,335,551
1920,335,587
1921,335,499
1922,336,413
1923,336,519
1924,336,542
1925,336,490
1926,336,563
1927,336,444
1928,336,495
1929,336,468
1930,336,532
1931,337,480
1932,337,433
1933,337,432
1934,338,578
1935,338,593
1936,338,460
1937,338,529
1938,338,484
1939,338,465
1940,338,493
1941,338,593
1942,338,469
1943,339,409
1944,340,466
1945,340,479
1946,340,568
1947,340,495
1948,340,474
1949,340,567
1950,340,520
1951,341,590
1952,341,438
1953,341,451
1954,341,420
1955,341,429
1956,341,436
1957,342,440
1958,342,583
1959,342,515
1960,342,474
1961,343,558
1962,343,596
1963,343,589
1964,343,588
1965,343,526
1966,343,575
1967,343,559
1968,343,588
1969,343,422
1970,344,513
1971,344,599
1972,344,502
1973,344,596
1974,344,453
1975,344,463
1976,344,571
1977,344,476
1978,345,526
1979,345,444
1980,345,408
1981,346,543
1982,346,538
1983,346,498
1984,346,576
1985,347,419
1986,347,522
1987,347,491
1988,348,568
1989,349,416
1990,349,418
1991,349,556
1992,349,500
1993,349,464
1994,349,411
1995,349,466
1996,349,485
1997,349,583
1998,350,409
1999,350,499
2000,350,556
2001,350,459
2002,351,585
2003,351,540
2004,351,529
2005,351,438
2006,351,469
2007,351,560
2008,352,485
2009,352,459
2010,352,479
2011,352,404
2012,353,580
2013,354,532
2014,354,418
2015,355,513
2016,355,522
2017,355,530
2018,355,474
2019,355,532
2020,355,418
2021,355,509
2022,356,445
2023,356,472
2024,356,466
2025,356,466
2026,356,572
2027,356,493
2028,357,468
2029,357,510
2030,357,414
2031,357,537
2032,357,454
2033,358,493
2034,358,577
2035,358,417
2036,358,522
2037,358,555
2038,358,559
2039,358,456
2040,358,516
2041,358,581
2042,359,428
2043,359,404
2044,359,565
2045,359,576
2046,359,567
2047,359,594
2048,359,586
2049,359,572
2050,359,483
2051,360,565
2052,360,553
2053,360,432
2054,360,438
2055,361,517
2056,361,529
2057,361,532
2058,361,570
2059,361,466
2060,361,538
2061,361,589
2062,361,499
2063,361,560
2064,362,549
2065,362,509
2066,362,551
2067,362,536
2068,362,532
2069,362,599
2070,362,440
2071,362,596
2072,362,577
2073,362,554
2074,363,479
2075,364,524
2076,364,549
2077,364,580
2078,364,435
2079,364,523
2080,364,427
2081,365,516
2082,365,575
2083,365,436
2084,365,465
2085,365,497
2086,366,410
2087,366,423
2088,366,587
2089,366,554
2090,367,592
2091,367,498
2092,367,582
2093,367,465
2094,367,445
2095,367,469
2096,367,434
2097,367,453
2098,367,543
2099,368,552
2100,368,516
2101,368,442
2102,368,534
2103,369,461
2104,369,546
2105,369,427
2106,369,439
2107,370,566
2108,370,569
2109,371,528
2110,371,408
2111,371,501
2112,371,441
2113,371,546
2114,371,454
2115,371,445
2116,371,533
2117,371,532
2118,372,583
2119,373,543
2120,373,455
2121,373,443
2122,373,438
2123,373,432
2124,373,412
2125,373,430
2126,373,404
2127,373,448
2128,373,459
2129,374,401
2130,374,405
2131,374,417
2132,375,499
2133,375,519
2134,375,512
2135,375,498
2136,375,430
2137,375,412
2138,375,408
2139,375,531
2140,375,562
2141,376,572
2142,376,543
2143,376,574
2144,376,524
2145,376,584
2146,376,499
2147,376,432
2148,376,403
2149,376,541
2150,376,422
2151,377,449
2152,377,496
2153,377,499
2154,377,424
2155,377,474
2156,378,586
2157,379,542
2158,379,475
2159,379,482
2160,379,567
2161,380,565
2162,380,422
2163,380,551
2164,380,531
2165,381,524
2166,382,508
2167,382,593
2168,382,597
2169,382,541
2170,382,565
2171,383,450
2172,383,481
2173,383,480
2174,384,551
2175,384,481
2176,384,574
2177,384,426
2178,384,409
2179,384,401
2180,384,451
2181,385,518
2182,386,447
2183,386,401
2184,386,495
2185,386,472
2186,386,485
2187,386,591
2188,386,551
2189,387,513
2190,387,420
2191,387,485
2192,387,406
2193,387,577
2194,387,412
2195,387,512
2196,388,572
2197,388,500
2198,388,509
2199,388,469
2200,388,424
2201,388,419
2202,388,404
2203,389,495
2204,389,477
2205,389,423
2206,389,582
2207,389,424
2208,389,581
2209,389,458
2210,390,401
2211,390,515
2212,390,539
2213,390,483
2214,390,426
2215,391,558
2216,391,552
2217,391,469
2218,391,598
2219,391,559
2220,391,521
2221,391,411
2222,392,558
2223,392,404
2224,392,495
2225,392,598
2226,392,544
2227,392,595
2228,392,450
2229,392,511
2230,392,508
2231,393,452
2232,393,476
2233,393,542
2234,393,437
2235,393,497
2236,393,537
2237,393,586
2238,393,546
2239,393,545
2240,394,504
2241,394,441
2242,394,500
2243,394,556
2244,394,518
2245,394,404
2246,394,536
2247,394,460
2248,394,539
2249,394,511
2250,395,543
2251,395,534
2252,395,563
2253,395,545
2254,395,431
2255,395,521
2256,395,536
2257,395,575
2258,395,570
2259,396,558
2260,396,419
2261,396,494
2262,396,408
2263,396,495
2264,396,552
2265,396,510
2266,396,447
2267,397,517
2268,397,420
2269,397,546
2270,397,517
2271,397,497
2272,397,406
2273,398,461
2274,398,433
2275,398,406
2276,398,423
2277,398,434
2278,398,511
2279,398,580
2280,398,596
2281,398,492
2282,398,517
2283,399,548
2284,399,544
2285,399,448
2286,399,498
2287,399,404
2288,399,478
2289,399,421
2290,399,542
2291,399,402
2292,400,495
2293,400,436
2294,400,419
2295,400,519
2296,400,493
2297,400,486
2298,400,531
2299,400,481
2300,400,431
2301,400,518
2302,401,717
2303,401,675
2304,401,781
2305,401,624
2306,401,772
2307,401,792
2308,401,636
2309,401,725
2310,402,699
2311,402,755
2312,402,648
2313,402,620
2314,402,625
2315,403,773
2316,403,766
2317,403,742
2318,403,638
2319,403,672
2320,403,624
2321,403,756
2322,403,783
2323,403,752
2324,404,636
2325,404,712
2326,404,669
2327,404,646
2328,404,642
2329,404,637
2330,404,755
2331,405,686
2332,405,732
2333,405,751
2334,405,620
2335,405,716
2336,405,614
2337,405,782
2338,405,668
2339,406,669
2340,406,634
2341,406,627
2342,406,742
2343,406,689
2344,406,775
2345,407,696
2346,407,725
2347,407,612
2348,407,682
2349,407,712
2350,408,633
2351,408,601
2352,408,748
2353,408,637
2354,408,633
2355,408,694
2356,408,728
2357,408,601
2358,408,782
2359,409,605
2360,409,788
2361,409,613
2362,409,617
2363,409,762
2364,409,703
2365,409,657
2366,409,781
2367,409,688
2368,409,705
2369,410,614
2370,410,718
2371,410,644
2372,410,655
2373,410,635
2374,411,721
2375,411,646
2376,411,729
2377,411,642
2378,411,744
2379,412,684
2380,412,785
2381,412,672
2382,412,602
2383,412,615
2384,412,623
2385,412,725
2386,412,734
2387,412,767
2388,412,733
2389,413,642
2390,413,777
2391,413,668
2392,414,662
2393,414,624
2394,414,635
2395,414,708
2396,414,619
2397,414,700
2398,414,739
2399,414,798
2400,415,602
2401,415,724
2402,415,617
2403,415,616
2404,415,690
2405,415,744
2406,416,624
2407,417,748
2408,417,696
2409,418,757
2410,419,719
2411,419,628
2412,419,769
2413,420,681
2414,420,648
2415,421,621
2416,421,792
2417,421,612
2418,421,791
2419,421,693
2420,421,659
2421,421,713
2422,422,746
2423,423,652
2424,423,612
2425,423,609
2426,424,619
2427,424,711
2428,424,752
2429,424,681
2430,424,775
2431,424,604
2432,424,602
2433,424,724
2434,425,780
2435,425,768
2436,425,623
2437,425,730
2438,425,747
2439,426,744
2440,426,783
2441,426,684
2442,426,779
2443,426,676
2444,427,766
2445,427,637
2446,427,746
2447,427,734
2448,428,706
2449,428,752
2450,428,743
2451,428,747
2452,428,655
2453,428,706
2454,428,689
2455,428,634
2456,429,666
2457,429,672
2458,429,721
2459,429,797
2460,429,630
2461,429,706
2462,429,788
2463,429,623
2464,429,760
2465,429,785
2466,430,637
2467,430,722
2468,430,652
2469,430,680
2470,430,738
2471,430,622
2472,430,655
2473,430,798
2474,430,786
2475,431,610
2476,431,667
2477,432,612
2478,432,640
2479,432,691
2480,432,799
2481,432,744
2482,432,770
2483,433,704
2484,433,657
2485,433,776
2486,433,647
2487,433,618
2488,433,720
2489,433,676
2490,433,655
2491,433,787
2492,433,693
2493,434,666
2494,434,735
2495,434,796
2496,434,662
2497,434,687
2498,434,639
2499,434,708
2500,434,736
2501,435,704
2502,436,740
2503,436,712
2504,436,610
2505,436,791
2506,436,710
2507,437,650
2508,437,751
2509,437,741
2510,437,657
2511,437,784
2512,437,665
2513,437,677
2514,437,739
2515,438,650
2516,438,741
2517,438,678
2518,438,646
2519,438,682
2520,438,659
2521,438,698
2522,438,762
2523,438,677
2524,439,636
2525,439,739
2526,439,613
2527,439,685
2528,439,686
2529,439,614
2530,439,715
2531,440,671
2532,440,781
2533,440,613
2534,440,701
2535,440,693
2536,440,715
2537,440,759
2538,440,686
2539,441,621
2540,441,694
2541,441,702
2542,441,641
2543,441,653
2544,441,745
2545,442,787
2546,442,603
2547,442,753
2548,443,739
2549,444,797
2550,444,684
2551,444,628
2552,444,611
2553,444,727
2554,444,762
2555,445,788
2556,445,608
2557,445,771
2558,445,754
2559,445,627
2560,446,626
2561,446,622
2562,446,626
2563,446,719
2564,447,700
2565,447,625
2566,447,754
2567,447,776
2568,447,605
2569,447,637
2570,447,685
2571,447,676
2572,447,781
2573,448,775
2574,448,700
2575,448,614
2576,448,776
2577,448,780
2578,448,646
2579,448,644
2580,448,763
2581,449,704
2582,450,695
2583,450,660
2584,450,681
2585,450,669
2586,450,779
2587,450,622
2588,450,775
2589,450,646
2590,450,601
2591,450,622
2592,451,647
2593,451,713
2594,451,681
2595,452,692
2596,452,616
2597,452,603
2598,452,641
2599,452,707
2600,452,795
2601,452,780
2602,452,613
2603,452,621
2604,452,682
2605,453,687
2606,453,655
2607,454,689
2608,454,768
2609,454,776
2610,455,667
2611,455,713
2612,455,763
2613,455,759
2614,455,687
2615,455,609
2616,455,713
2617,455,673
2618,455,612
2619,455,727
2620,456,796
2621,456,714
2622,457,634
2623,457,719
2624,457,753
2625,457,741
2626,458,691
2627,459,773
2628,459,694
2629,459,765
2630,459,608
2631,459,660
2632,459,771
2633,459,793
2634,459,617
2635,459,613
2636,459,603
2637,460,674
2638,460,774
2639,460,760
2640,460,656
2641,460,678
2642,460,798
2643,460,785
2644,461,653
2645,462,631
2646,462,601
2647,462,672
2648,462,690
2649,462,633
2650,462,609
2651,462,655
2652,462,710
2653,462,612
2654,462,730
2655,463,779
2656,463,795
2657,463,673
2658,463,617
2659,463,619
2660,463,739
2661,463,677
2662,463,761
2663,463,758
2664,463,625
2665,464,768
2666,464,687
2667,464,758
2668,464,758
2669,465,740
2670,465,692
2671,465,689
2672,466,696
2673,466,776
2674,466,746
2675,466,688
2676,467,612
2677,467,693
2678,467,700
2679,468,609
2680,468,616
2681,469,725
2682,469,746
2683,469,748
2684,469,604
2685,469,765
2686,469,605
2687,469,702
2688,470,710
2689,470,741
2690,470,616
2691,470,619
2692,470,740
2693,470,700
2694,470,784
2695,470,713
2696,470,723
2697,470,668
2698,471,800
2699,472,723
2700,472,729
2701,472,669
2702,472,778
2703,473,784
2704,473,656
2705,473,770
2706,474,746
2707,474,674
2708,474,679
2709,474,749
2710,475,658
2711,475,606
2712,475,601
2713,475,701
2714,475,726
2715,475,718
2716,476,795
2717,476,641
2718,476,686
2719,476,684
2720,476,603
2721,476,656
2722,476,642
2723,477,603
2724,477,619
2725,477,727
2726,477,655
2727,477,698
2728,477,681
2729,478,634
2730,478,701
2731,478,648
2732,478,674
2733,478,628
2734,479,738
2735,479,666
2736,479,648
2737,479,750
2738,479,616
2739,479,761
2740,479,648
2741,479,770
2742,480,780
2743,480,800
2744,480,639
2745,480,657
2746,480,657
2747,480,679
2748,480,685
2749,480,625
2750,480,618
2751,480,604
2752,481,747
2753,482,765
2754,483,774
2755,483,612
2756,483,692
2757,483,663
2758,483,602
2759,483,764
2760,483,796
2761,484,743
2762,484,706
2763,484,731
2764,484,665
2765,484,663
2766,484,604
2767,484,639
2768,484,630
2769,484,623
2770,485,701
2771,485,714
2772,485,657
2773,485,635
2774,485,758
2775,485,602
2776,485,673
2777,486,717
2778,486,686
2779,486,794
2780,486,745
2781,486,743
2782,486,740
2783,487,683
2784,487,745
2785,487,648
2786,487,623
2787,487,644
2788,487,752
2789,487,789
2790,487,752
2791,488,680
2792,488,643
2793,488,702
2794,488,612
2795,488,660
2796,488,662
2797,488,708
2798,489,603
2799,489,778
2800,489,637
2801,490,695
2802,490,691
2803,490,734
2804,490,648
2805,490,620
2806,490,666
2807,490,719
2808,490,719
2809,491,778
2810,492,633
2811,492,601
2812,492,714
2813,492,630
2814,492,624
2815,492,689
2816,492,642
2817,492,658
2818,492,783
2819,492,793
2820,493,602
2821,493,647
2822,493,649
2823,493,711
2824,493,780
2825,493,644
2826,493,626
2827,493,766
2828,493,756
2829,494,618
2830,494,691
2831,494,735
2832,495,734
2833,495,747
2834,496,786
2835,496,602
2836,496,776
2837,496,694
2838,496,745
2839,496,625
2840,496,712
2841,496,628
2842,497,729
2843,497,712
2844,498,738
2845,498,696
2846,498,686
2847,498,741
2848,499,621
2849,499,787
2850,499,751
2851,499,681
2852,499,746
2853,499,792
2854,499,719
2855,499,777
2856,499,721
2857,500,781
2858,500,777
2859,500,625
2860,501,743
2861,501,733
2862,501,612
2863,501,782
2864,501,613
2865,501,793
2866,501,798
2867,502,661
2868,502,723
2869,502,737
2870,502,796
2871,502,780
2872,502,755
2873,503,618
2874,503,741
2875,503,697
2876,503,756
2877,504,731
2878,504,749
2879,504,723
2880,505,731
2881,505,671
2882,505,685
2883,506,614
2884,506,769
2885,506,625
2886,506,732
2887,506,636
2888,507,785
2889,507,794
2890,507,723
2891,508,601
2892,508,614
2893,508,646
2894,509,655
2895,509,758
2896,509,676
2897,509,738
2898,509,633
2899,509,761
2900,509,659
2901,509,635
2902,509,770
2903,510,616
2904,510,665
2905,510,623
2906,511,672
2907,511,725
2908,511,672
2909,511,768
2910,511,655
2911,512,792
2912,512,735
2913,512,792
2914,513,617
2915,513,708
2916,514,748
2917,514,755
2918,514,782
2919,514,651
2920,514,780
2921,514,603
2922,515,789
2923,515,761
2924,515,789
2925,516,633
2926,517,763
2927,518,613
2928,518,671
2929,518,783
2930,518,779
2931,519,657
2932,519,634
2933,519,634
2934,520,728
2935,520,692
2936,520,633
2937,520,779
2938,520,627
2939,520,663
2940,520,696
2941,520,784
2942,521,611
2943,521,799
2944,521,795
2945,521,634
2946,522,624
2947,522,707
2948,522,686
2949,522,613
2950,522,705
2951,522,665
2952,522,702
2953,522,651
2954,522,601
2955,523,689
2956,524,660
2957,524,713
2958,524,717
2959,524,718
2960,524,692
2961,524,702
2962,524,750
2963,524,625
2964,524,757
2965,524,738
2966,525,634
2967,525,797
2968,525,619
2969,525,776
2970,526,767
2971,527,754
2972,527,623
2973,527,707
2974,528,721
2975,528,677
2976,529,756
2977,529,611
2978,529,641
2979,529,750
2980,529,792
2981,529,736
2982,529,656
2983,530,608
2984,530,668
2985,531,790
2986,531,739
2987,531,671
2988,531,618
2989,532,700
2990,532,701
2991,532,642
2992,532,639
2993,532,746
2994,532,621
2995,532,652
2996,532,631
2997,532,708
2998,532,725
2999,533,729
3000,534,694
3001,535,743
3002,535,695
3003,535,707
3004,535,701
3005,535,718
3006,535,793
3007,535,611
3008,536,660
3009,536,780
3010,536,701
3011,536,640
3012,536,622
3013,536,747
3014,536,732
3015,537,693
3016,537,693
3017,537,616
3018,537,678
3019,537,749
3020,537,674
3021,537,800
3022,538,677
3023,538,768
3024,538,610
3025,538,713
3026,538,711
3027,539,651
3028,539,776
3029,539,679
3030,539,755
3031,539,798
3032,539,649
3033,539,784
3034,540,746
3035,540,707
3036,540,689
3037,540,603
3038,541,766
3039,541,755
3040,541,697
3041,541,643
3042,541,717
3043,542,634
3044,542,644
3045,542,699
3046,542,635
3047,543,631
3048,543,623
3049,543,676
3050,543,638
3051,543,666
3052,543,656
3053,543,706
3054,544,790
3055,544,688
3056,544,768
3057,545,779
3058,545,683
3059,545,669
3060,545,773
3061,545,639
3062,545,626
3063,545,774
3064,545,732
3065,545,732
3066,546,737
3067,547,753
3068,547,776
3069,547,759
3070,547,626
3071,547,790
3072,547,760
3073,547,705
3074,547,638
3075,548,786
3076,548,680
3077,548,783
3078,548,622
3079,549,747
3080,549,775
3081,549,698
3082,549,668
3083,549,657
3084,549,652
3085,549,744
3086,549,687
3087,549,662
3088,549,635
3089,550,718
3090,550,648
3091,550,694
3092,550,771
3093,550,615
3094,551,737
3095,551,661
3096,551,658
3097,551,663
3098,551,667
3099,551,652
3100,552,777
3101,553,620
3102,553,621
3103,553,781
3104,553,694
3105,554,728
3106,554,704
3107,554,608
3108,554,696
3109,554,785
3110,554,669
3111,554,695
3112,554,720
3113,554,800
3114,555,777
3115,555,745
3116,555,773
3117,555,669
3118,555,728
3119,555,685
3120,555,717
3121,556,751
3122,556,783
3123,556,785
3124,556,669
3125,556,785
3126,556,798
3127,556,763
3128,557,652
3129,557,693
3130,557,662
3131,557,712
3132,557,695
3133,557,745
3134,558,670
3135,558,701
3136,558,699
3137,558,787
3138,558,753
3139,558,799
3140,558,729
3141,558,698
3142,559,711
3143,559,654
3144,560,633
3145,560,621
3146,560,646
3147,560,688
3148,560,674
3149,561,606
3150,561,738
3151,561,779
3152,561,603
3153,561,747
3154,561,686
3155,562,679
3156,562,731
3157,562,623
3158,562,688
3159,562,648
3160,562,795
3161,562,703
3162,562,753
3163,562,637
3164,562,683
3165,563,748
3166,563,698
3167,563,702
3168,563,678
3169,563,715
3170,563,647
3171,564,662
3172,564,604
3173,565,671
3174,565,635
3175,565,662
3176,565,695
3177,565,799
3178,565,784
3179,565,751
3180,565,631
3181,566,647
3182,566,699
3183,566,632
3184,566,674
3185,566,614
3186,567,767
3187,567,740
3188,567,750
3189,567,651
3190,567,664
3191,568,707
3192,568,630
3193,568,678
3194,569,680
3195,569,655
3196,569,784
3197,569,615
3198,569,716
3199,569,746
3200,570,657
3201,570,769
3202,570,798
3203,570,718
3204,570,658
3205,570,627
3206,570,775
3207,571,608
3208,572,766
3209,572,776
3210,572,788
3211,572,632
3212,572,727
3213,572,736
3214,572,692
3215,572,643
3216,572,637
3217,573,621
3218,573,695
3219,574,715
3220,574,624
3221,574,743
3222,574,672
3223,574,682
3224,574,641
3225,574,654
3226,574,693
3227,574,769
3228,575,790
3229,575,646
3230,575,711
3231,575,730
3232,575,718
3233,576,669
3234,576,775
3235,576,767
3236,576,774
3237,576,728
3238,577,629
3239,578,650
3240,578,765
3241,578,642
3242,578,766
3243,578,774
3244,578,607
3245,578,778
3246,578,736
3247,579,688
3248,579,790
3249,579,638
3250,579,657
3251,579,714
3252,579,719
3253,579,716
3254,580,748
3255,580,711
3256,580,703
3257,581,705
3258,581,649
3259,581,650
3260,581,720
3261,581,601
3262,581,629
3263,582,616
3264,582,766
3265,582,612
3266,582,796
3267,582,762
3268,583,640
3269,583,713
3270,583,738
3271,583,617
3272,583,607
3273,583,695
3274,584,767
3275,584,733
3276,584,769
3277,584,612
3278,584,610
3279,584,607
3280,585,724
3281,585,775
3282,585,646
3283,586,617
3284,586,680
3285,586,648
3286,587,719
3287,587,770
3288,587,650
3289,587,631
3290,587,709
3291,587,607
3292,588,678
3293,588,659
3294,588,747
3295,588,778
3296,588,632
3297,588,797
3298,588,656
3299,588,796
3300,588,702
3301,588,736
3302,589,727
3303,589,643
3304,590,651
3305,591,651
3306,591,697
3307,592,689
3308,592,690
3309,592,782
3310,592,640
3311,592,733
3312,592,799
3313,592,701
3314,592,646
3315,592,785
3316,592,607
3317,593,766
3318,593,648
3319,593,748
3320,593,786
3321,593,762
3322,593,725
3323,593,664
3324,593,689
3325,593,633
3326,593,785
3327,594,758
3328,594,691
3329,594,769
3330,594,775
3331,594,655
3332,594,661
3333,595,644
3334,595,639
3335,595,764
3336,596,659
3337,596,780
3338,596,758
3339,596,649
3340,596,734
3341,596,755
3342,596,756
3343,596,645
3344,597,674
3345,598,722
3346,598,777
3347,598,778
3348,598,657
3349,598,691
3350,598,658
3351,599,659
3352,599,709
3353,599,710
3354,600,730
3355,600,690
3356,601,921
3357,602,824
3358,602,813
3359,602,942
3360,602,918
3361,602,812
3362,602,931
3363,602,848
3364,603,956
3365,603,928
3366,603,831
3367,603,996
3368,603,930
3369,603,841
3370,603,852
3371,604,810
3372,604,826
3373,604,804
3374,604,926
3375,604,832
3376,604,840
3377,604,902
3378,605,891
3379,605,966
3380,606,857
3381,606,943
3382,606,974
3383,606,944
3384,606,962
3385,606,847
3386,606,981
3387,606,823
3388,606,927
3389,607,982
3390,607,996
3391,607,868
3392,607,937
3393,607,867
3394,607,1000
3395,607,904
3396,608,852
3397,608,884
3398,608,914
3399,608,993
3400,608,868
3401,608,834
3402,608,838
3403,608,854
3404,609,977
3405,609,840
3406,609,837
3407,609,842
3408,610,805
3409,610,963
3410,610,828
3411,610,994
3412,610,956
3413,610,875
3414,610,865
3415,610,840
3416,610,889
3417,611,972
3418,611,990
3419,611,945
3420,611,840
3421,611,984
3422,611,971
3423,611,976
3424,611,962
3425,611,848
3426,612,988
3427,612,891
3428,612,904
3429,613,897
3430,614,959
3431,614,887
3432,614,855
3433,615,968
3434,615,813
3435,615,900
3436,615,863
3437,615,963
3438,615,985
3439,616,863
3440,616,818
3441,616,966
3442,616,830
3443,616,937
3444,616,815
3445,616,870
3446,616,902
3447,617,871
3448,617,827
3449,617,861
3450,617,802
3451,617,925
3452,617,972
3453,617,881
3454,617,859
3455,618,879
3456,618,998
3457,618,832
3458,618,968
3459,618,944
3460,618,883
3461,618,839
3462,618,804
3463,618,969
3464,619,857
3465,619,999
3466,620,845
3467,620,903
3468,620,970
3469,620,815
3470,620,931
3471,620,874
3472,620,970
3473,621,859
3474,621,947
3475,621,985
3476,621,922
3477,621,969
3478,621,894
3479,621,899
3480,622,881
3481,622,988
3482,623,922
3483,623,812
3484,623,893
3485,623,882
3486,623,865
3487,624,819
3488,624,845
3489,624,961
3490,624,969
3491,624,818
3492,624,895
3493,624,823
3494,624,910
3495,624,985
3496,624,869
3497,625,820
3498,625,945
3499,626,885
3500,626,910
3501,626,870
3502,626,805
3503,626,946
3504,626,972
3505,627,948
3506,627,985
3507,628,952
3508,628,855
3509,628,952
3510,628,883
3511,628,916
3512,628,941
3513,628,928
3514,629,848
3515,629,816
3516,629,923
3517,629,801
3518,629,836
3519,629,805
3520,630,844
3521,630,912
3522,630,841
3523,630,971
3524,630,804
3525,631,960
3526,631,967
3527,632,825
3528,632,835
3529,632,987
3530,632,970
3531,632,823
3532,632,839
3533,632,879
3534,632,819
3535,633,947
3536,633,863
3537,633,993
3538,633,984
3539,634,959
3540,634,904
3541,634,919
3542,634,937
3543,634,946
3544,634,966
3545,634,917
3546,635,810
3547,635,945
3548,635,934
3549,635,922
3550,635,856
3551,635,819
3552,635,843
3553,636,926
3554,636,924
3555,636,860
3556,636,821
3557,636,955
3558,636,998
3559,636,848
3560,637,913
3561,637,967
3562,637,900
3563,638,918
3564,639,979
3565,639,948
3566,639,936
3567,639,937
3568,639,960
3569,639,922
3570,640,908
3571,640,891
3572,640,861
3573,640,964
3574,640,854
3575,640,962
3576,640,976
3577,640,947
3578,640,979
3579,641,852
3580,641,830
3581,641,955
3582,641,824
3583,641,962
3584,642,885
3585,642,880
3586,642,849
3587,642,808
3588,642,932
3589,642,973
3590,642,986
3591,643,964
3592,643,886
3593,643,847
3594,643,860
3595,643,832
3596,643,838
3597,643,812
3598,643,841
3599,643,831
3600,643,951
3601,644,891
3602,644,807
3603,645,925
3604,645,897
3605,645,870
3606,645,873
3607,645,945
3608,645,964
3609,646,873
3610,646,923
3611,646,802
3612,646,983
3613,646,813
3614,646,801
3615,646,836
3616,646,908
3617,647,919
3618,647,902
3619,647,879
3620,647,880
3621,647,940
3622,647,971
3623,647,996
3624,647,912
3625,647,928
3626,648,877
3627,648,947
3628,648,915
3629,648,952
3630,648,916
3631,648,880
3632,648,823
3633,649,852
3634,649,899
3635,649,889
3636,649,910
3637,649,977
3638,649,809
3639,649,866
3640,650,809
3641,650,806
3642,650,905
3643,650,863
3644,650,891
3645,650,881
3646,651,921
3647,651,851
3648,651,810
3649,651,951
3650,652,870
3651,652,945
3652,652,910
3653,652,958
3654,652,848
3655,652,919
3656,652,913
3657,653,829
3658,653,963
3659,654,967
3660,654,892
3661,654,836
3662,654,946
3663,654,979
3664,654,898
3665,654,858
3666,654,883
3667,654,853
3668,654,813
3669,655,952
3670,655,920
3671,655,985
3672,655,803
3673,655,846
3674,655,895
3675,656,829
3676,656,842
3677,656,936
3678,656,842
3679,656,919
3680,656,906
3681,657,910
3682,657,877
3683,657,861
3684,657,821
3685,658,958
3686,658,875
3687,658,935
3688,658,959
3689,658,944
3690,658,946
3691,659,957
3692,659,901
3693,659,890
3694,659,873
3695,659,906
3696,659,969
3697,660,864
3698,660,877
3699,660,885
3700,660,993
3701,660,868
3702,660,875
3703,660,991
3704,661,879
3705,661,982
3706,661,866
3707,661,819
3708,662,957
3709,662,832
3710,662,902
3711,662,946
3712,662,955
3713,663,863
3714,663,993
3715,663,956
3716,663,863
3717,663,981
3718,663,867
3719,663,871
3720,663,949
3721,663,916
3722,663,873
3723,664,948
3724,664,870
3725,664,905
3726,664,868
3727,665,935
3728,666,844
3729,666,838
3730,666,858
3731,666,813
3732,666,952
3733,666,885
3734,666,929
3735,666,908
3736,666,833
3737,667,986
3738,667,923
3739,667,986
3740,667,856
3741,667,948
3742,667,972
3743,667,937
3744,667,965
3745,667,998
3746,667,934
3747,668,870
3748,668,826
3749,668,864
3750,668,841
3751,668,827
3752,668,803
3753,668,995
3754,668,947
3755,668,915
3756,668,834
3757,669,977
3758,670,830
3759,670,923
3760,670,995
3761,671,923
3762,672,878
3763,672,933
3764,672,890
3765,672,850
3766,672,874
3767,672,962
3768,673,895
3769,673,887
3770,673,921
3771,673,950
3772,673,834
3773,673,1000
3774,673,833
3775,674,863
3776,675,811
3777,676,872
3778,676,946
3779,676,911
3780,676,878
3781,676,898
3782,677,838
3783,677,986
3784,678,858
3785,678,946
3786,678,814
3787,678,808
3788,678,837
3789,678,989
3790,678,892
3791,678,828
3792,678,835
3793,678,1000
3794,679,853
3795,679,988
3796,680,886
3797,680,901
3798,680,892
3799,680,936
3800,680,981
3801,680,953
3802,680,901
3803,680,849
3804,681,950
3805,681,887
3806,681,961
3807,681,974
3808,681,921
3809,681,801
3810,682,911
3811,682,821
3812,682,947
3813,682,957
3814,682,856
3815,682,818
3816,682,867
3817,682,981
3818,682,893
3819,683,877
3820,683,849
3821,683,867
3822,683,979
3823,683,884
3824,683,902
3825,683,900
3826,683,857
3827,683,822
3828,684,858
3829,684,939
3830,685,895
3831,685,813
3832,685,853
3833,685,876
3834,685,847
3835,685,849
3836,685,905
3837,685,841
3838,685,972
3839,686,809
3840,686,864
3841,686,850
3842,687,918
3843,687,875
3844,687,847
3845,687,868
3846,687,905
3847,688,968
3848,688,828
3849,688,805
3850,688,878
3851,689,970
3852,689,916
3853,689,983
3854,689,949
3855,690,930
3856,690,990
3857,690,978
3858,690,973
3859,690,969
3860,690,902
3861,690,939
3862,691,809
3863,692,967
3864,692,881
3865,692,982
3866,692,982
3867,692,837
3868,692,946
3869,692,872
3870,692,898
3871,692,993
3872,693,813
3873,693,840
3874,693,968
3875,693,823
3876,693,966
3877,693,970
3878,693,925
3879,693,913
3880,693,874
3881,693,817
3882,694,868
3883,694,849
3884,694,810
3885,694,878
3886,694,854
3887,694,882
3888,694,815
3889,694,840
3890,695,938
3891,695,894
3892,695,813
3893,695,842
3894,696,944
3895,696,957
3896,696,872
3897,697,901
3898,697,887
3899,697,847
3900,697,915
3901,697,993
3902,697,887
3903,697,987
3904,698,851
3905,698,852
3906,698,835
3907,699,840
3908,699,960
3909,699,860
3910,699,803
3911,699,835
3912,699,805
3913,699,835
3914,699,885
3915,699,903
3916,700,828
3917,700,856
3918,700,853
3919,700,803
3920,700,859
3921,700,806
3922,700,857
3923,700,851
3924,700,865
3925,700,905
3926,701,913
3927,701,818
3928,701,988
3929,701,978
3930,701,832
3931,701,972
3932,701,910
3933,701,917
3934,702,803
3935,702,913
3936,702,910
3937,702,837
3938,702,999
3939,702,923
3940,703,957
3941,703,889
3942,703,993
3943,703,881
3944,703,864
3945,703,992
3946,703,815
3947,703,845
3948,703,872
3949,703,965
3950,704,854
3951,704,815
3952,704,821
3953,704,845
3954,704,860
3955,704,989
3956,705,943
3957,705,998
3958,705,867
3959,705,925
3960,705,844
3961,705,861
3962,705,808
3963,705,856
3964,705,870
3965,705,984
3966,706,812
3967,706,833
3968,706,939
3969,707,918
3970,707,818
3971,707,949
3972,707,990
3973,707,998
3974,708,824
3975,709,984
3976,709,842
3977,709,842
3978,709,970
3979,709,834
3980,709,875
3981,709,814
3982,709,896
3983,710,913
3984,711,867
3985,711,970
3986,711,940
3987,711,919
3988,711,987
3989,711,999
3990,711,827
3991,712,965
3992,712,963
3993,712,977
3994,712,927
3995,712,883
3996,712,867
3997,712,906
3998,712,828
3999,713,954
4000,713,847
4001,713,868
4002,713,813
4003,713,899
4004,713,893
4005,713,964
4006,713,939
4007,713,859
4008,713,938
4009,714,840
4010,714,974
4011,714,921
4012,714,962
4013,714,838
4014,714,887
4015,714,930
4016,714,817
4017,715,840
4018,715,882
4019,715,954
4020,716,950
4021,717,899
4022,717,901
4023,717,995
4024,717,937
4025,717,873
4026,717,983
4027,718,930
4028,718,986
4029,718,990
4030,718,838
4031,718,864
4032,719,864
4033,719,961
4034,719,849
4035,719,916
4036,719,947
4037,719,997
4038,719,820
4039,719,848
4040,720,834
4041,720,822
4042,721,813
4043,721,831
4044,722,918
4045,722,932
4046,722,811
4047,722,861
4048,722,979
4049,722,889
4050,722,977
4051,722,942
4052,722,907
4053,723,813
4054,723,972
4055,723,819
4056,723,917
4057,723,813
4058,723,925
4059,723,875
4060,723,978
4061,723,810
4062,723,962
4063,724,954
4064,724,839
4065,724,891
4066,724,827
4067,725,959
4068,725,959
4069,725,865
4070,725,978
4071,725,891
4072,725,846
4073,725,954
4074,725,882
4075,725,989
4076,725,996
4077,726,927
4078,726,827
4079,727,845
4080,727,837
4081,727,927
4082,728,992
4083,728,866
4084,728,864
4085,728,857
4086,728,943
4087,728,917
4088,728,847
4089,729,806
4090,729,893
4091,729,875
4092,730,837
4093,730,829
4094,730,897
4095,731,897
4096,731,974
4097,731,883
4098,732,952
4099,732,966
4100,732,898
4101,732,850
4102,732,850
4103,733,978
4104,734,851
4105,734,852
4106,734,875
4107,734,876
4108,734,878
4109,734,914
4110,734,805
4111,734,879
4112,734,929
4113,735,928
4114,735,931
4115,735,954
4116,735,949
4117,735,885
4118,735,804
4119,735,870
4120,735,919
4121,735,806
4122,736,803
4123,736,896
4124,736,958
4125,737,997
4126,737,930
4127,737,976
4128,737,890
4129,737,819
4130,737,957
4131,737,997
4132,738,849
4133,738,975
4134,738,915
4135,738,928
4136,738,866
4137,738,960
4138,739,902
4139,739,910
4140,739,963
4141,740,841
4142,740,954
4143,740,990
4144,740,882
4145,741,860
4146,741,869
4147,741,848
4148,741,916
4149,741,928
4150,741,922
4151,741,882
4152,742,841
4153,742,892
4154,742,946
4155,743,805
4156,743,908
4157,743,821
4158,744,890
4159,744,939
4160,744,822
4161,744,837
4162,744,955
4163,744,835
4164,744,808
4165,745,947
4166,745,986
4167,745,841
4168,745,839
4169,745,952
4170,745,874
4171,746,819
4172,746,883
4173,747,856
4174,747,811
4175,747,839
4176,747,952
4177,747,882
4178,747,881
4179,747,994
4180,748,903
4181,748,860
4182,748,912
4183,748,863
4184,748,919
4185,748,972
4186,748,985
4187,748,840
4188,748,966
4189,748,905
4190,749,960
4191,749,986
4192,749,876
4193,750,811
4194,750,911
4195,750,897
4196,751,886
4197,751,970
4198,752,960
4199,752,932
4200,752,807
4201,752,966
4202,752,972
4203,753,887
4204,753,825
4205,753,850
4206,753,853
4207,753,986
4208,753,828
4209,753,858
4210,753,968
4211,753,938
4212,754,812
4213,755,947
4214,755,937
4215,755,858
4216,755,981
4217,755,841
4218,756,965
4219,756,822
4220,757,839
4221,757,825
4222,757,845
4223,758,896
4224,758,992
4225,759,931
4226,759,970
4227,759,829
4228,759,983
4229,759,896
4230,760,840
4231,760,912
4232,760,940
4233,760,907
4234,760,938
4235,760,928
4236,760,903
4237,760,877
4238,760,803
4239,761,996
4240,761,950
4241,762,936
4242,762,884
4243,763,943
4244,763,938
4245,763,815
4246,763,900
4247,763,880
4248,764,993
4249,764,835
4250,764,973
4251,764,801
4252,764,811
4253,765,846
4254,765,946
4255,765,929
4256,765,928
4257,765,914
4258,765,964
4259,765,935
4260,766,863
4261,766,881
4262,766,934
4263,766,884
4264,766,999
4265,766,989
4266,766,900
4267,766,964
4268,767,873
4269,767,903
4270,767,992
4271,767,880
4272,767,999
4273,767,991
4274,767,831
4275,768,912
4276,768,986
4277,768,834
4278,768,856
4279,768,876
4280,768,969
4281,768,847
4282,768,829
4283,768,957
4284,768,837
4285,769,838
4286,769,846
4287,769,820
4288,769,850
4289,769,847
4290,769,805
4291,769,879
4292,770,812
4293,770,873
4294,771,957
4295,771,865
4296,771,937
4297,772,829
4298,772,873
4299,772,988
4300,772,925
4301,773,946
4302,773,998
4303,773,980
4304,773,829
4305,773,824
4306,773,921
4307,773,958
4308,773,915
4309,773,840
4310,774,951
4311,774,957
4312,774,953
4313,774,957
4314,774,872
4315,774,948
4316,774,977
4317,775,825
4318,775,967
4319,775,842
4320,775,932
4321,775,979
4322,775,851
4323,775,829
4324,775,989
4325,775,941
4326,776,815
4327,777,911
4328,777,909
4329,777,905
4330,777,806
4331,778,981
4332,778,801
4333,778,816
4334,779,890
4335,780,992
4336,780,842
4337,780,939
4338,780,887
4339,781,940
4340,781,902
4341,781,849
4342,781,825
4343,782,883
4344,783,884
4345,784,870
4346,784,863
4347,784,936
4348,785,941
4349,785,982
4350,785,801
4351,785,891
4352,786,977
4353,786,842
4354,786,907
4355,786,958
4356,786,844
4357,786,969
4358,786,1000
4359,786,945
4360,786,997
4361,787,816
4362,787,816
4363,787,916
4364,787,902
4365,787,937
4366,787,979
4367,787,911
4368,787,842
4369,787,918
4370,787,994
4371,788,863
4372,788,859
4373,788,846
4374,788,943
4375,788,853
4376,788,929
4377,788,957
4378,789,973
4379,789,853
4380,789,855
4381,789,924
4382,789,905
4383,789,992
4384,789,822
4385,790,887
4386,790,963
4387,790,830
4388,790,962
4389,790,939
4390,790,993
4391,790,997
4392,790,904
4393,790,846
4394,791,917
4395,791,827
4396,791,864
4397,791,912
4398,791,942
4399,791,879
4400,791,999
4401,792,801
4402,792,820
4403,793,840
4404,793,970
4405,793,930
4406,793,841
4407,794,858
4408,794,984
4409,794,956
4410,794,840
4411,795,973
4412,795,939
4413,796,988
4414,796,858
4415,796,890
4416,796,848
4417,796,919
4418,796,989
4419,796,954
4420,796,987
4421,796,817
4422,797,923
4423,797,884
4424,797,982
4425,797,996
4426,797,989
4427,797,980
4428,797,806
4429,797,904
4430,797,924
4431,798,899
4432,798,825
4433,798,967
4434,798,812
4435,798,909
4436,798,994
4437,798,962
4438,798,986
4439,799,949
4440,799,843
4441,799,802
4442,799,963
4443,799,938
4444,799,934
4445,800,968
4446,800,869
